대여소번호,대여소명,전체 이용건수,평일출근이용건수,평일퇴근이용건수,주말이용건수,평일출근비중,평일퇴근비중,주말비중,클러스터_건수기준,클러스터_비중기준,위도,경도
102,102. 망원역 1번출구 앞,37930,4114,6742,10634,0.108462958080675,0.177748484049565,0.280358555233325,2,2,37.55564880,126.91062927
103,103. 망원역 2번출구 앞,28606,1709,5026,9560,0.0597427113193036,0.175697406138572,0.334195623295812,3,2,37.55495071,126.91083527
104,104. 합정역 1번출구 앞,17065,1446,3826,4402,0.0847348373864635,0.22420158218576,0.257954878406094,3,2,37.55062866,126.91498566
105,105. 합정역 5번출구 앞,9733,548,2061,2892,0.0563032980581527,0.211753827185863,0.297133463474777,0,2,37.55000687,126.91482544
106,106. 합정역 7번출구 앞,25910,1267,4984,9416,0.048900038595137,0.192358162871478,0.363411810111926,3,2,37.54864502,126.91282654
107,107. 수협 연남동지점,16013,1509,3682,3812,0.0942359333041903,0.229938175232623,0.238056579029539,3,3,37.55751038,126.91850281
108,108. 서교동 사거리,14995,367,3233,4796,0.0244748249416472,0.215605201733911,0.319839946648883,0,2,37.55274582,126.91861725
111,111. 상수역 2번출구 앞,18851,852,3158,6324,0.0451965412975439,0.167524269269535,0.33547291920853,3,2,37.54787064,126.92353058
113,113. 홍대입구역 2번출구 앞,59869,7195,16839,13647,0.120179057609113,0.281264093270307,0.227947685780621,2,3,37.55743790,126.92382050
114,114. 홍대입구역 8번출구 앞,18954,612,4058,5590,0.0322886989553656,0.214097288171362,0.294924554183813,3,2,37.55706024,126.92442322
115,115. 마스타 빌딩 앞,10221,1155,1493,2785,0.113002641620194,0.146071812934155,0.272478231092848,0,2,37.55893326,126.92711639
117,117. 홍은사거리,34067,3960,6545,9860,0.116241524055538,0.192121407814014,0.289429653330202,3,2,37.59115982,126.94132996
118,118. 광흥창역 2번출구 앞,7383,910,1212,1934,0.123256128944873,0.164160910199106,0.261953135581742,0,2,37.54773331,126.93176270
119,119. 서강나루 공원,19457,2993,2884,5695,0.153826386390502,0.148224289458807,0.292696715834918,3,2,37.54528427,126.93105316
120,120. 신수동 사거리,5940,1332,697,1662,0.224242424242424,0.117340067340067,0.27979797979798,0,1,37.54524231,126.93411255
121,121. 마포소방서 앞,8118,1320,1234,2046,0.16260162601626,0.152007883715201,0.252032520325203,0,2,37.54976654,126.93317413
122,122. 신성기사식당 앞,10037,1717,1521,2700,0.171067051907941,0.15153930457308,0.269004682674106,0,2,37.54745865,126.93837738
123,123. 문화촌 공원,20119,4180,2308,5919,0.207763805358119,0.114717431283861,0.294199512898255,3,1,37.59432983,126.94738770
124,124. 서강대 정문 건너편,14395,1308,2437,4045,0.0908648836401528,0.169294894060438,0.281000347342827,0,2,37.55113983,126.93698883
126,126. 서강대 후문 옆,8883,704,1617,1677,0.0792525047844197,0.182033096926714,0.188787571766295,0,3,37.55041122,126.94384766
127,127. 현대벤처빌 앞,2265,226,419,596,0.0997792494481236,0.184988962472406,0.263134657836645,0,2,,
128,128. 신촌역(2호선) 1번출구 옆,10442,1054,2366,2562,0.100938517525378,0.226584945412756,0.245355295920322,0,3,37.55549622,126.93634033
129,129. 신촌역(2호선) 6번출구 옆,7588,670,1188,2028,0.088297311544544,0.156562994201371,0.267264101212441,0,2,37.55505371,126.93756866
130,130. 신촌역(2호선) 7번출구 앞,21474,1375,4647,5916,0.0640309211139052,0.216401229393685,0.275495948588991,3,2,37.55485916,126.93615723
131,131. 증산2교,21635,3032,3656,6453,0.140143286341576,0.16898544025884,0.298266697480934,3,2,37.58417130,126.91110229
133,133. 해담는다리,21843,3482,3445,6199,0.159410337407865,0.157716430893192,0.28379801309344,3,2,37.58203125,126.90899658
134,134. 연세로 명물길,7251,372,1427,2037,0.0513032685146876,0.196800441318439,0.280926768721556,0,2,37.55789185,126.93807983
135,135. 명물길 원형무대 앞,5954,583,1471,1564,0.0979173664763184,0.247060799462546,0.262680550890158,0,3,37.55922699,126.93984222
137,137. 신촌기차역입구 교차로,4603,228,974,1364,0.0495329133174017,0.211601129698023,0.296328481425157,0,2,37.55681229,126.94318390
138,138. 신촌동 제1공영주차장 앞,5871,916,800,1378,0.156021120763073,0.136262987566002,0.234712996082439,0,1,37.55917740,126.93452454
139,139. 연세대 정문 건너편,3508,473,710,669,0.134834663625998,0.202394526795895,0.190706955530217,0,3,37.55986404,126.93441772
140,140. 이화여대 후문,7227,607,2135,1269,0.0839905908399059,0.2954199529542,0.175591531755915,0,3,37.56000900,126.94073486
141,141. 연대 대운동장 옆,5300,385,1157,1142,0.0726415094339623,0.218301886792453,0.215471698113208,0,3,37.56238174,126.93264771
142,142. 아현역 4번출구 앞,8186,1594,1470,1955,0.194722697288053,0.179574883948204,0.238822379672612,0,1,37.55720139,126.95566559
143,143. 공덕역 2번출구,13057,2008,3289,2846,0.153787240560619,0.251895534962089,0.217967373822471,0,3,37.54457855,126.95021820
145,145. 공덕역 5번출구,16559,2743,3355,3947,0.165650099643698,0.202608853191618,0.238359804336011,3,3,37.54425049,126.95163727
146,146. 마포역 2번출구 뒤,25262,2929,5402,6868,0.115944897474468,0.213838967619349,0.271870794078062,3,2,37.53993607,126.94582367
147,147. 마포역 4번출구 뒤,35286,4198,8451,9561,0.11897069659355,0.239500085019554,0.270957320183642,2,2,37.53927231,126.94591522
148,148. 용강동 주민센터 앞,14658,3192,2084,4307,0.217765042979943,0.142174921544549,0.293832719334152,3,1,37.54234695,126.94302368
150,150. 서강대역 2번출구 앞,13064,1937,2064,3555,0.148270055113288,0.1579914268218,0.272121861604409,0,2,37.55295563,126.93434143
153,153. 성산2교 사거리,25043,4191,4446,6307,0.167352154294613,0.17753464041848,0.251846823463643,3,2,37.56469727,126.91261292
154,154. 마포구청역,29409,2665,4885,9211,0.0906185181407052,0.166105613927709,0.313203441123466,3,2,37.56090927,126.90549469
155,155. 가좌역1 번출구 앞,16933,3753,3415,3976,0.221638221224827,0.201677198370047,0.234807771806532,3,1,37.56829453,126.91504669
156,156. 서울서부지방법원 앞,9651,1038,2370,2059,0.107553621386385,0.245570407211688,0.213345767278002,0,3,37.54933167,126.95491791
157,157. 애오개역 4번출구 앞,18244,4423,2464,4411,0.242435869326902,0.135058101293576,0.241778118833589,3,1,37.55300140,126.95668793
159,159. 이대역 4번 출구,4195,342,958,1186,0.0815256257449345,0.228367103694875,0.282717520858164,0,2,37.55695343,126.94634247
160,160. 북아현동 가구거리,5730,710,1230,1401,0.1239092495637,0.214659685863874,0.244502617801047,0,3,37.55754852,126.95938110
161,161. 무악재역1번 출구,2338,343,414,718,0.146706586826347,0.177074422583405,0.307100085543199,0,2,37.58224487,126.95064545
162,162. 봉원고가차도 밑,8405,1333,1389,2089,0.158596073765616,0.165258774538965,0.24854253420583,0,2,37.56526947,126.94624329
163,163. 명지전문대학교 정문 앞,6262,1281,819,1245,0.20456723091664,0.130788885340147,0.198818268923667,0,1,37.58369827,126.92496490
164,164. 북가좌1동 주민센터,5543,1531,561,1419,0.276204221540682,0.101208731733718,0.255998556738228,0,1,37.57447815,126.91004944
165,165. 중앙근린공원,13716,3679,1673,3700,0.268226888305628,0.121974336541266,0.269757946923301,3,1,37.57513809,126.91394043
166,166. 가재울 초등학교,18732,4966,2149,5163,0.265107836856716,0.114723467862481,0.275624599615631,3,1,37.57381821,126.91923523
167,167. 연가초등학교 옆,6202,1387,810,1642,0.22363753627862,0.130603031280232,0.26475330538536,0,1,37.57946014,126.91712952
169,169. 북가좌 삼거리,6000,1457,866,1262,0.242833333333333,0.144333333333333,0.210333333333333,0,1,37.57300186,126.90779877
170,170. DMC파크뷰자이아파트 302동 앞,11341,2894,1318,3304,0.255180319195838,0.116215501278547,0.291332334009347,0,1,37.57311249,126.92244720
171,171. 임광빌딩 앞,6197,1541,1436,987,0.248668710666452,0.231725028239471,0.159270614813619,0,3,37.56472397,126.96727753
173,173. 서대문역 8번출구 앞,3840,676,1062,556,0.176041666666667,0.2765625,0.144791666666667,0,3,37.56477737,126.96614838
175,175. 홍연2교옆,12266,2543,1676,3405,0.207321050057068,0.136637860753302,0.277596608511332,0,1,37.57806778,126.93088531
176,176. 명지대학교 도서관,20627,3126,2644,5235,0.15154894070878,0.128181509671789,0.253793571532457,3,2,37.58109665,126.92402649
177,177. 북가좌 초등학교,7665,1880,1055,1993,0.245270711024136,0.137638617090672,0.260013046314416,0,1,37.57767487,126.90980530
178,178. 증산3교 앞,16847,3959,2176,4471,0.234997328901288,0.129162462159435,0.265388496468214,3,1,37.57987595,126.90634918
179,179. 가좌역 4번출구 앞,20929,5508,4381,4179,0.263175498112667,0.209326771465431,0.199675091977639,3,1,37.56877518,126.91529846
180,180. 충정로역 7번출구 아래,7543,1075,1759,1691,0.142516240222723,0.233196340978391,0.224181360201511,0,3,37.55996704,126.96246338
181,181. 망원초록길 입구,11406,743,1702,4581,0.065141153778713,0.149219708925127,0.40163072067333,0,2,37.55134201,126.90267181
182,182. 망원2빗물펌프장 앞,11246,1123,1749,4140,0.0998577271918905,0.155521963364752,0.368130890983461,0,2,37.55136490,126.90306091
183,183. 하늘채코오롱아파트 건너편,32099,6686,5117,7955,0.20829309324278,0.159413065827596,0.247827035110128,3,1,37.56516647,126.91939545
184,184.망원우체국사거리 인근,28690,3415,4926,8464,0.119031021261764,0.171697455559428,0.295015684907633,3,2,37.55894852,126.90775299
185,185. 마포 신수공원 앞,12295,2009,1424,4007,0.163399755998373,0.115819438796259,0.325904839365596,0,2,37.54254532,126.93429565
186,186. 월드컵공원,30172,745,3426,16154,0.0246917672013788,0.113548985814663,0.535397056873923,3,2,37.56396484,126.89820862
188,188. 홍은동 정원여중 입구,8440,1433,1395,2315,0.16978672985782,0.165284360189573,0.274289099526066,0,2,37.58638763,126.93512726
191,191. 서우빌딩,10164,1983,1217,2536,0.195100354191263,0.119736324281779,0.249508067689886,0,1,37.57889175,126.91073608
192,192. 연서어린이공원,5408,1540,819,1260,0.284763313609467,0.151442307692308,0.232988165680473,0,1,37.57222748,126.92306519
194,194. 증산교 앞,21318,2287,4696,6031,0.10728023266723,0.220283328642462,0.282906464021015,3,2,37.57731628,126.90296936
195,195. 모래내고가차도,9683,1704,1258,2543,0.175978519054012,0.129918413714758,0.26262521945678,0,1,37.56765747,126.91780853
196,196. 연희교차로 인근,2937,459,437,765,0.156281920326864,0.148791283622744,0.26046986721144,0,2,37.56612015,126.92589569
198,198. 충정2교,5049,1150,1008,986,0.227767874826698,0.199643493761141,0.195286195286195,0,1,37.56213760,126.96377563
199,199. 서울 월드컵 경기장,12670,1101,1899,4345,0.0868981846882399,0.149881610102605,0.342936069455406,0,2,37.56684494,126.89644623
200,200. 국회의원회관,2060,253,799,104,0.122815533980583,0.387864077669903,0.0504854368932039,0,0,37.52841568,126.91391754
201,201. 진미파라곤 앞,17858,1814,5164,4182,0.101579124202038,0.289170119834248,0.234180759323552,3,3,37.53123856,126.92133331
202,202. 국민일보 앞,44756,3946,16104,9553,0.0881669496827241,0.359817678076682,0.213446241844669,2,0,37.52881622,126.92453003
203,203. 국회의사당역 3번출구 옆,27427,7273,8508,2830,0.265176650745616,0.310205272177052,0.10318299485908,3,3,37.52805710,126.91870117
204,204. 국회의사당역 5번출구 옆,18832,2831,5537,2935,0.150329226847918,0.294020815632965,0.155851741716228,3,3,37.52816391,126.91702271
205,205. 산업은행 앞,20165,1196,6913,5515,0.0593106868336226,0.342821720803372,0.273493677163402,3,3,37.52626419,126.92050934
206,206. KBS 앞,33082,2444,11205,7233,0.0738770328275195,0.338703826854483,0.218638534550511,3,3,37.52466583,126.91802216
207,207. 여의나루역 1번출구 앞,47872,4473,11375,15189,0.0934366644385027,0.237612800802139,0.317283589572192,2,2,37.52715683,126.93190002
209,209. 유진투자증권빌딩 앞,47705,2420,17419,11453,0.05072843517451,0.365139922439996,0.240079656220522,2,0,37.52461243,126.92783356
211,211. 여의도역 4번출구 옆,3,0,0,2,0,0,0.666666666666667,0,2,37.52222824,126.92463684
212,212. 여의도역 1번출구 옆,1,0,0,0,0,0,0,0,3,37.52136230,126.92346191
213,213. KT앞,31572,8553,5738,4685,0.270904599011783,0.181743316863043,0.14839097934879,3,1,37.52190781,126.91895294
214,214. 금융감독원 앞,18556,594,8469,1484,0.0320112093123518,0.45640224186247,0.0799741323561112,3,0,37.52302170,126.92083740
215,215. 여의도고교 앞,15292,2965,2646,3924,0.193892231232017,0.173031650536228,0.256604760659168,3,1,37.52483749,126.93490601
217,217. NH농협은행 앞,43039,4786,15917,5461,0.111201468435605,0.36982736587746,0.126884918329887,2,0,37.52207947,126.93036652
219,219. 롯데캐슬엠파이어 옆,28617,4734,7829,4711,0.165426145298249,0.273578642065905,0.16462242722857,3,3,37.52069473,126.92583466
220,220. 미성아파트 A동 앞,18264,2320,5066,3586,0.127025843188787,0.277376259307928,0.196342531756461,3,3,37.51936340,126.92604828
221,221. 여의도초교 앞,19128,2782,3649,5403,0.145441237975742,0.190767461313258,0.282465495608532,3,2,37.52267456,126.93778992
222,222. 시범아파트버스정류장 옆,22529,3605,5220,4243,0.160015979404323,0.231701362688091,0.188335034843979,3,3,37.51902008,126.93688965
223,223. 진주아파트상가 앞,13903,2098,2551,3144,0.1509026828742,0.183485578652089,0.226138243544559,0,3,37.51913071,126.93337250
224,224. 롯데캐슬 앞,25168,2666,5768,5790,0.105928162746345,0.229179910998093,0.230054036872219,3,3,37.52008820,126.93236542
225,225. 앙카라공원 앞,21527,4505,4624,4381,0.20927207692665,0.214800018581316,0.203511868815906,3,3,37.51758575,126.92961884
226,226. 샛강역 1번출구 앞,27796,6114,6912,4735,0.21995970643258,0.248668873219168,0.170348251546985,3,3,37.51776505,126.92841339
227,227. 양평1나들목 보행통로 입구,25027,3010,3663,9346,0.120270108283054,0.146361929116554,0.373436688376553,3,2,37.54466629,126.88835907
228,228. 선유도역 3번출구 앞,41758,4745,8437,12291,0.113630921021122,0.20204511710331,0.294338809329949,2,2,37.53845978,126.89450836
229,229. 양평1 보행육교 앞,26527,1939,10176,5246,0.0730953368266295,0.383609152938515,0.197760772043578,3,0,37.53587341,126.89218140
230,230. 영등포구청역 7번출구,90789,19004,19217,18943,0.209320512396876,0.211666611593916,0.208648624833405,2,3,37.52463531,126.89621735
231,231. 남부고용노동지청 남측,31541,5522,6660,5619,0.175073713579151,0.211153736406582,0.178149075806094,3,3,37.52450562,126.89182281
232,232. 양평우림 이비즈센타 앞,35725,6635,8978,6953,0.185724282715185,0.251308607417775,0.194625612316305,2,3,37.52565002,126.88781738
233,233. 양평1동 YP센터 앞,13122,1356,4464,2147,0.103337905807042,0.340192043895748,0.163618350861149,0,0,37.52848816,126.89164734
235,235. 신길동 우리은행 옆,7076,814,1164,1853,0.11503674392312,0.164499717354438,0.261871113623516,0,2,,
236,236. 문래동자이아파트 앞,38995,6058,5832,10406,0.15535325041672,0.149557635594307,0.266854724964739,2,2,37.51615524,126.89461517
237,237. 보라매 두산위브 건너편,21058,4678,3677,4962,0.222148352170197,0.174612973691709,0.23563491309716,3,1,37.49651337,126.91480255
238,238. 제2구민체육센타 앞,29452,6403,6523,4145,0.217404590520168,0.221479016705147,0.140737471139481,3,3,37.52638626,126.90275574
239,239. 유스호스텔 앞,15134,2838,3574,2647,0.187524778644113,0.236156997489097,0.174904189242765,3,3,37.52585220,126.90328217
240,240. 문래역 4번출구 앞,48986,10085,10930,10452,0.20587514800147,0.223124974482505,0.213367084473115,2,3,37.51873779,126.89557648
241,241. 신길우성1차아파트 앞 공원,12907,3505,1268,3127,0.27155806926474,0.0982412644301542,0.242271635546603,0,1,37.50501633,126.89853668
242,242. 신길선원가와인아파트 앞,12548,2009,1952,3492,0.160105196047179,0.155562639464456,0.278291361173095,0,2,37.51093292,126.91022491
243,243. 이앤씨드림타워 앞,46132,5137,11640,10786,0.111354374403885,0.252319431197433,0.233807335472123,2,3,37.52708435,126.89138031
244,244. 영등포삼환아파트 앞,23949,3762,3925,6296,0.157083803081548,0.163889932773811,0.262891978788258,3,2,37.53007889,126.90570831
245,245. 삼성생명 당산사옥 앞,40168,6939,8782,8167,0.172749452300339,0.218631746664011,0.20332105158335,2,3,37.52826309,126.89662933
247,247. 당산역 10번출구 앞,67725,9277,16523,16637,0.136980435585087,0.243971945367294,0.245655223329642,2,3,37.53342056,126.90223694
248,248. 초원아파트 앞,12146,889,2934,4457,0.0731928206817059,0.241561007739173,0.366952082990285,0,2,37.53105545,126.92420959
249,249. 여의도중학교 옆,12449,842,2125,5076,0.0676359546951562,0.170696441481243,0.407743593862961,0,2,37.52434921,126.93611908
250,250. 대림아파트 사거리,6993,1479,994,1971,0.211497211497211,0.142142142142142,0.281853281853282,0,1,37.50764084,126.92308044
251,251. 서울지방병무청 버스정류장,9599,1083,1674,2483,0.112824252526305,0.174393165954787,0.258672778414418,0,2,37.50449371,126.92195129
252,252. 보라매역4번출구,17184,2237,3448,4153,0.130179236499069,0.200651769087523,0.241678305400372,3,3,37.49982834,126.91994476
253,253. 신풍역 5번출구 인근,1,0,0,0,0,0,0,0,3,37.50064850,126.90951538
254,254. 도림신협 앞,19752,3487,2709,4595,0.176539084649656,0.137150668286756,0.232634669906845,3,1,37.50380325,126.90341949
255,255. 도림사거리,16811,2204,2470,5124,0.13110463387068,0.146927606924038,0.304800428291,3,2,37.50657272,126.90113068
256,256. 동아에코빌입구,16364,3276,2281,4246,0.200195551209973,0.139391346858959,0.259472011733073,3,1,37.50947571,126.89929962
258,258. 신길역3번출구,21326,7103,3645,4668,0.333067616993341,0.170918128106537,0.21888774266154,3,1,37.51769257,126.91429901
259,259. 대방역6번출구,36877,12647,4908,7783,0.342950890799143,0.133091086585134,0.211052959839466,2,1,37.51359177,126.92593384
260,260. 여의도 마리나선착장 앞,5781,397,1246,2038,0.0686732399238886,0.215533644698149,0.352534163639509,0,2,37.53365707,126.91216278
263,263. 근로자회관 사거리,45137,5820,10434,10430,0.128940780291114,0.231162904047677,0.231074284954693,2,3,37.51715088,126.88862610
264,264. 교보생명보험 앞,22451,3593,5157,4657,0.160037414814485,0.229700236069663,0.207429513161997,3,3,37.52193069,126.89161682
265,265. 영등포유통상가 사거리,19014,3091,3742,4318,0.162564426212265,0.19680235615862,0.227095824129589,3,3,37.52113342,126.89653778
266,266. 영등포청과시장 사거리,18875,2204,4051,4219,0.11676821192053,0.214622516556291,0.223523178807947,3,3,37.52029419,126.90119171
267,267. 삼성화재 사옥 옆,25339,2934,5335,6118,0.115789889103753,0.21054500966889,0.241445992343818,3,3,37.53596115,126.89830017
268,268. 그랜드컨벤션센터 앞,31122,3170,6080,7797,0.101857207120365,0.195360195360195,0.250530171582803,3,2,37.53471756,126.90000153
270,270. 증권거래소후문교차로,16066,1638,5402,2517,0.101954437943483,0.336238018175028,0.156666251711689,3,0,37.52234268,126.92710114
271,271. 샛강생태공원방문자센터 앞,7002,1289,1672,1611,0.184090259925735,0.238788917452157,0.230077120822622,0,3,37.51896286,126.92161560
272,272. 당산육갑문,67379,6341,13233,21863,0.0941094406269016,0.196396503361582,0.324477953071432,2,2,37.53533936,126.90367889
275,275. 신동아아파트,37953,7065,6768,8786,0.186151292387954,0.17832582404553,0.231496851368798,2,1,37.52269745,126.88568115
276,276. 영등포로터리2,13230,3693,2296,3170,0.279138321995465,0.173544973544974,0.239606953892668,3,1,37.51828384,126.91263580
278,278. 쌍용플레티넘오피스텔,34114,4717,5218,9860,0.13827167731723,0.152957729964238,0.289030896406168,3,2,37.50793076,126.89523315
279,279. 영등포 푸르지오 아파트 B,26944,3940,4456,6766,0.146229216152019,0.165380047505938,0.251113420427553,3,2,37.51322937,126.90446472
280,280. 양평동6차현대아파트 앞,39736,11105,4848,9347,0.279469498691363,0.122005234548017,0.235227501509966,2,1,37.53210068,126.89443970
281,281. 대림신동아아파트 앞,13941,1734,2190,3856,0.124381321282548,0.157090596083495,0.276594218492217,0,2,37.49824142,126.89398193
282,282. 신한은행 대림동지점,9204,1377,1384,2309,0.149608865710561,0.150369404606693,0.250869187309865,0,2,37.48752975,126.90487671
283,283. 아크로타워 스퀘어(영등포시장),34651,8580,4713,8239,0.247611901532423,0.136013390666936,0.237770915702289,2,1,37.52251816,126.90721893
284,284. 센트럴 푸르지오 시티 앞,30064,4714,6299,8078,0.156798829164449,0.209519691325173,0.268693453964875,3,2,37.51821136,126.90222931
285,285. 콤텍시스템 앞,9747,1184,2426,2180,0.121473273827844,0.248897096542526,0.2236585616087,0,3,37.49985886,126.89723969
286,286. 우성아파트 교차로,11709,1901,2606,2576,0.162353744982492,0.222563839781365,0.220001708087796,0,3,37.49457169,126.89974976
287,287. 영등포전화국사거리 (서강어린이공원),26074,5186,4173,6797,0.198895451407532,0.160044488762752,0.260681138298688,3,1,37.52576828,126.90573883
288,288. 쌍용예가(구청별관),18171,3685,3403,3944,0.202795663419735,0.187276429475538,0.217049144240823,3,1,37.52809906,126.89338684
289,289. 대림3동사거리,15207,2685,2470,3568,0.176563424738607,0.162425198921549,0.234628789373315,0,1,37.49980927,126.89800262
290,290. 새말소공원,35200,8414,5656,7016,0.239034090909091,0.160681818181818,0.199318181818182,2,1,37.53150940,126.89782715
291,291. 문래동 하이테크 시티,29495,1783,11209,4464,0.0604509238854043,0.380030513646381,0.151347686048483,3,0,37.51412964,126.89939117
292,292. 영일 어린이공원,18838,4186,2606,4484,0.222210425735216,0.13833740312135,0.238029514810489,3,1,37.51012039,126.90406799
293,293. 충북 미래관,29033,8438,3732,7340,0.290634794888575,0.128543381669135,0.252815761374987,3,1,37.52917099,126.90757751
295,295.영등포공원 분수대 앞,3833,1246,479,929,0.325071745369163,0.124967388468562,0.242368901643621,0,1,37.51481247,126.91170502
296,296.KT플라자 영등포점,33379,6709,5403,8172,0.200994637346835,0.161868240510501,0.244824590311274,3,1,37.52630234,126.90538025
297,297.국회3문,2522,485,681,574,0.192307692307692,0.270023790642347,0.227597145122918,0,3,37.52863693,126.91267395
298,298.KBS 연구동 건너편,6744,1414,2007,1269,0.209667852906287,0.297597864768683,0.188167259786477,0,3,37.52750778,126.91429901
299,299.여의도 순복음교회,6444,186,1187,3016,0.0288640595903166,0.184202358783364,0.468032278088144,0,2,37.53179169,126.92245483
300,300. 정동사거리,11090,2584,2247,1918,0.233002705139766,0.202614968440036,0.172948602344454,0,1,37.56805038,126.96923065
301,301. 경복궁역 7번출구 앞,10633,2191,1361,2388,0.206056616194865,0.127997742875952,0.224583842753691,0,1,37.57579422,126.97145081
302,302. 경복궁역 6번출구 뒤,29892,6324,5575,6827,0.211561621838619,0.186504750434899,0.228388866586378,3,1,37.57594681,126.97406006
303,303. 광화문역 1번출구 앞,31377,5568,7206,5270,0.177454823596902,0.229658667176594,0.16795742104089,3,3,37.57176971,126.97466278
305,305. 종로구청 옆,30136,4107,8244,5199,0.136282187417043,0.273559861959119,0.172517918768251,3,3,37.57255936,126.97833252
307,307. 서울역사박물관 앞,12092,1224,3123,2275,0.101223949718822,0.258269930532584,0.188140919616275,0,3,37.56999969,126.97109985
308,308. 광화문 S타워 앞,30610,2510,12703,3148,0.081999346618752,0.41499509964064,0.102842208428618,3,0,37.56996918,126.97393799
309,309. 광화문역 6번출구 옆 B,7796,593,2755,1048,0.0760646485377117,0.353386351975372,0.134427911749615,0,0,37.56996155,126.97615814
310,310. 청계광장 옆,18389,2745,4785,3115,0.149274022513459,0.260209908097232,0.169394746859536,3,3,37.56887817,126.97747040
314,314. 국립현대미술관,14738,1058,2982,4377,0.0717872167186864,0.202334102320532,0.296987379563034,0,2,37.57970810,126.98085785
316,316. 종각역 1번출구 앞,23243,4394,5196,3393,0.189046164436605,0.223551176698361,0.145979434668502,3,3,37.57039642,126.98178864
318,318. 광교사거리 남측,11992,1143,3436,2075,0.0953135423615744,0.286524349566378,0.173032021347565,0,3,37.56863403,126.98231506
320,320. 을지로입구역 4번출구 앞,15406,2166,3684,2298,0.140594573542776,0.23912761261846,0.149162663897183,0,3,37.56622314,126.98358917
321,321. KEB 하나금융그룹 명동사옥 옆,11834,1275,2632,2099,0.107740408991043,0.222410005070137,0.177370288997803,0,3,37.56546402,126.98413849
322,322. 명동성당 앞,8001,747,1844,2149,0.093363329583802,0.230471191101112,0.268591426071741,0,2,37.56447601,126.98696899
324,324. 신세계백화점 본점 앞,8498,460,2419,1829,0.0541303836196752,0.284655212991292,0.215227112261709,0,3,37.56143188,126.98069763
326,326. 안국역 5번출구 앞,16337,2412,3704,3384,0.147640325641183,0.226724612842015,0.207137173287629,3,3,37.57624054,126.98616028
327,327. 낙원상가 옆,14190,2047,2835,3187,0.144256518675123,0.199788583509514,0.224594785059901,0,3,37.57335663,126.98746490
328,328. 탑골공원 앞,7344,381,1412,1920,0.0518790849673203,0.192265795206972,0.261437908496732,0,2,37.57039642,126.98818970
329,329. 청계2가 사거리 옆,16448,1271,4695,3803,0.0772738326848249,0.285445038910506,0.231213521400778,3,3,37.56848526,126.98788452
331,331. 을지로2가 사거리 북측,13430,1472,4833,1353,0.109605361131794,0.359865971705138,0.100744601638124,0,0,37.56638336,126.98720551
332,332. 을지로2가 사거리 남측,9537,1646,1985,1344,0.172590961518297,0.20813673062808,0.140924819125511,0,3,37.56599045,126.98779297
334,334. 종로3가역 2번출구 뒤,15289,1744,3164,3296,0.114068938452482,0.206946170449343,0.215579828634966,0,3,37.57059860,126.99179077
335,335. 종로3가역 15번출구 뒤,14765,1738,3359,2860,0.117710802573654,0.227497460209956,0.193701320690823,0,3,37.57019424,126.99165344
336,336. 충무로역 6번출구 앞,14806,2669,2944,2593,0.180264757530731,0.198838308793732,0.175131703363501,0,3,37.56144714,126.99311066
337,337. 창경궁 입구,8296,1331,1396,1816,0.160438765670203,0.168273866923819,0.218900675024108,0,3,37.57897949,126.99647522
338,338. 세운스퀘어 앞,8226,827,2071,1303,0.100534889375152,0.25176270362266,0.158400194505227,0,3,37.57095718,126.99712372
339,339. 종로4가 사거리,14887,1061,3193,2730,0.0712702357761806,0.214482434338685,0.18338147376906,0,3,37.57106781,126.99819183
340,340. 혜화동 로터리,14217,2041,2331,3611,0.143560526130689,0.163958641063516,0.253991700077372,0,2,37.58562851,127.00067902
341,341. 혜화역 3번출구 뒤,11841,1850,1916,2708,0.156236804323959,0.161810657883625,0.228696900599612,0,3,37.58156967,127.00178528
342,342. 대학로 마로니에공원,24850,3329,5059,6365,0.133963782696177,0.203581488933602,0.256136820925553,3,2,37.57978439,127.00253296
343,343. 힐스테이트창경궁 아파트 앞,14130,2464,2988,2860,0.174380750176929,0.211464968152866,0.202406227883935,0,3,37.57561111,127.00469971
344,344. 성균관대 E하우스 앞,10002,1760,1323,2354,0.175964807038592,0.132273545290942,0.235352929414117,0,1,37.57419968,127.00659180
345,345. 서울보증보험본사 앞,15988,3111,4119,1980,0.194583437578184,0.257630723042282,0.123842882161621,3,3,37.57330704,127.00070953
346,346. 맥스타일 앞,11168,564,2128,2346,0.0505014326647565,0.19054441260745,0.21006446991404,0,3,37.56918335,127.00988007
347,347. 동대문역사문화공원역 9번출구 앞,8639,623,1590,2109,0.0721148281051048,0.184049079754601,0.24412547748582,0,2,37.56533051,127.00784302
348,348. 독립문역 사거리,12220,3330,1251,2622,0.272504091653028,0.102373158756137,0.214566284779051,0,1,37.57202911,126.96078491
349,349. 어린이도서관,7748,1034,1279,2216,0.13345379452762,0.165074858027878,0.286009292720702,0,2,37.57633209,126.96858978
351,351. 청운초교 앞 삼거리,6049,1494,748,1423,0.246982972392131,0.123656802777319,0.235245495123161,0,1,37.58496857,126.97041321
352,352. 중앙고입구 삼거리,3419,557,658,900,0.162913132494882,0.192453933898801,0.26323486399532,0,2,37.58341599,126.98523712
353,353. 재동초교 앞 삼거리,10076,875,2186,2952,0.0868400158793172,0.216951171099643,0.292973402143708,0,2,37.57938766,126.98494720
354,354. 포르투갈 대사관 앞,12475,1573,2359,2832,0.126092184368737,0.189098196392786,0.227014028056112,0,3,37.57915497,126.98896027
355,355. 서울사대부설초등학교 앞,15595,2216,3264,3099,0.142096825905739,0.209297851875601,0.198717537672331,0,3,37.57650757,127.00245667
356,356. KT혜화지사 앞,14444,2055,2641,3090,0.142273608418721,0.182844087510385,0.213929659374135,0,3,37.57714462,127.00205994
358,358. 성균관대입구 사거리 A,8562,469,1540,2403,0.0547769212800747,0.179864517636066,0.280658724597057,0,2,37.58250046,126.99853516
359,359. 원남동사거리,13118,1200,2840,2743,0.09147735935356,0.216496417136759,0.209101997255679,0,3,37.57606125,126.99768066
361,361. 동묘앞역 1번출구 뒤,35677,4772,5362,9090,0.133755640889088,0.150292905793649,0.25478599658043,3,2,37.57324219,127.01590729
362,362. 청계8가사거리 A,25792,5347,3573,7458,0.207312344913151,0.138531327543424,0.289159429280397,3,1,37.57219696,127.02304077
363,363. 신설동역 11번출구 뒤,21869,3422,3366,5542,0.156477205176277,0.1539165028122,0.253418080387763,3,2,37.57559204,127.02285004
364,364. 창신역 1번출구 앞,5461,1094,495,1397,0.200329609961546,0.0906427394250137,0.255813953488372,0,1,37.57933426,127.01508331
367,367. 독립문역 3-1번출구,14510,6354,1788,2681,0.437904893177119,0.123225361819435,0.184769124741558,3,1,37.57415771,126.95851898
368,368. SK 서린빌딩 앞,20101,1003,7673,3485,0.0498980150241282,0.381722302373016,0.17337445898214,3,0,37.56924820,126.98053741
370,370. 시청역(2호선) 9번출구 뒤,22712,2935,6489,2642,0.129226840436774,0.28570799577316,0.116326171187038,3,3,37.56322861,126.97483826
371,371. 동대입구역 6번출구 뒤,6003,590,1114,1596,0.0982841912377145,0.185573879726803,0.265867066466767,0,2,37.55887222,127.00553894
372,372. 약수역 3번출구 뒤,7415,551,1213,2193,0.0743088334457181,0.163587322993931,0.295751854349292,0,2,37.55429459,127.01119995
374,374. 신당동주민센터앞,13417,1449,2879,3050,0.107997316836849,0.214578519788328,0.227323544756652,0,3,37.56047440,127.01407623
379,379. 서울역9번출구,10565,1466,2535,2365,0.138760056791292,0.239943208707998,0.223852342640795,0,3,37.55599976,126.97335815
380,380. CJ제일제당 앞,15989,2408,3713,2614,0.150603539933704,0.232222152730002,0.16348739758584,3,3,37.56386566,127.00274658
381,381. 장충체육관,1286,110,260,329,0.0855365474339036,0.202177293934681,0.255832037325039,0,2,37.55853271,127.00698853
382,382. 약수역 10번출구 앞,4245,409,632,1028,0.0963486454652532,0.148881036513545,0.242167255594817,0,2,37.55519867,127.01004791
383,383. 신당역 12번 출구 뒤,34955,3693,5451,8438,0.105650121584895,0.155943355743098,0.241396080675154,3,2,37.56584930,127.01640320
384,384. 중림동삼거리,5250,1687,681,1282,0.321333333333333,0.129714285714286,0.244190476190476,0,1,37.55978012,126.96850586
385,385. 종각역 5번출구,19391,1694,5784,3770,0.0873601155175081,0.298282708473003,0.194420091795163,3,3,37.56983566,126.98265839
387,387. 훈련원공원주차장 앞,9927,996,2209,2239,0.10033242671502,0.222524428326786,0.225546489372419,0,3,37.56699371,127.00346375
388,388. 동성중학교 앞,4439,951,584,1016,0.21423744086506,0.131561162423969,0.228880378463618,0,1,37.58573532,127.00160980
389,389. 을지로4가역 1번출구,12895,2506,3019,2218,0.19433889104304,0.234121752617294,0.172004652966266,0,3,37.56673050,126.99660492
390,390. 충무로역 1번출구,9565,990,2310,1991,0.103502352326189,0.241505488761108,0.208154730789336,0,3,37.56138992,126.99535370
391,391. 시립미술관,9137,1481,2308,1697,0.1620882127613,0.252599321440298,0.18572835722885,0,3,37.56505203,126.97340393
393,393. 동대문역 8번 출구,25228,1968,4546,4382,0.0780085619153322,0.180196606944665,0.17369589345172,3,3,37.57014084,127.00937653
394,394. 경희궁 자이 3단지,9589,2807,2101,1599,0.29273125456252,0.219105224736677,0.166753571801022,0,1,37.56748962,126.96591949
395,395. 경희궁 자이 2단지,8959,2892,1248,1954,0.322803884362094,0.139301261301485,0.218104699185177,0,1,,
397,397. 종묘공영주차장 건너편,4396,247,805,1238,0.0561874431301183,0.18312101910828,0.281619654231119,0,2,37.57048035,126.99663544
398,398. 을지로3가역 3번출구,22720,2201,5876,4985,0.096875,0.25862676056338,0.219410211267606,3,3,37.56655884,126.99243927
399,399. 서울역 센트럴 자이아파트,11371,3250,1980,2542,0.285814792014774,0.174127165596693,0.223551138862017,0,1,37.55410767,126.96540833
400,400. 상암한화오벨리스크 1차 앞,14015,4627,1627,3196,0.330146271851588,0.116089903674634,0.228041384231181,3,1,37.58752441,126.88300323
401,401. 상암월드컵파크 10단지 앞,12226,2721,1568,3083,0.222558481923769,0.128251267789956,0.252167511859971,0,1,37.58618927,126.88161469
402,402. 상암월드컵파크 9단지 앞,7921,2195,895,1905,0.27711147582376,0.11299078399192,0.240499936876657,0,1,37.58285522,126.87982178
403,403. 부엉이공원 앞,12112,2214,2118,2753,0.18279392338177,0.174867899603699,0.227295244385733,0,1,37.58559036,126.88472748
405,405. DMC빌 앞,6944,670,2050,941,0.0964861751152074,0.295218894009217,0.13551267281106,0,3,37.58265686,126.88578796
406,406. 상암월드컵파크 7단지 앞,8043,1050,1105,2345,0.130548302872063,0.137386547308218,0.291557876414273,0,2,37.58111191,126.88087463
407,407. 마포구 육아종합지원센터,14526,1905,2731,2851,0.131144155307724,0.188007710312543,0.196268759465785,0,3,37.58063126,126.88367462
408,408. LG CNS앞,9744,719,3442,1133,0.0737889983579639,0.35324302134647,0.116276683087028,0,0,37.58081055,126.88665009
409,409. 누리꿈스퀘어 옆,22632,940,9476,3155,0.0415341109932838,0.41869918699187,0.139404383174267,3,0,37.57939911,126.88916016
410,410. 상암중학교 옆,3321,297,615,898,0.0894308943089431,0.185185185185185,0.270400481782596,0,2,37.57739258,126.88747406
411,411. DMC홍보관,14938,934,5451,2268,0.0625251037622172,0.3649082875887,0.15182755388941,0,0,37.57799530,126.89147186
412,412. DMC산학협력연구센터 앞,17479,2349,5358,2835,0.134389839235654,0.306539275702271,0.162194633560272,3,3,37.57580185,126.89073944
413,413. 상암월드컵파크 3단지 후문,8371,1359,1280,2658,0.162346195197706,0.15290885198901,0.317524787958428,0,2,37.57147598,126.88968658
414,414. 상암동주민센터 옆,22818,2688,4836,4987,0.117801735471996,0.211937943728635,0.218555526338855,3,3,37.57822037,126.89447021
415,415. DMC역 9번출구 앞,33134,6802,8978,5342,0.205287619967405,0.270960342850244,0.161224120239029,2,3,37.57746887,126.89736176
416,416. 상암월드컵파크 1단지 교차로,7799,741,2161,1727,0.0950121810488524,0.277086806000769,0.221438645980254,0,3,37.57566452,126.89444733
417,417. DMC역 2번출구 옆,18562,4516,5443,2984,0.243292748626226,0.293233487770714,0.160758538950544,3,3,37.57506943,126.89991760
418,418. 월드컵경기장역 3번출구 옆,17003,609,2630,6975,0.0358172087278716,0.154678586131859,0.410221725577839,3,2,37.57072067,126.89897919
419,419. 홈플러스 마포점 앞,36010,1831,7013,12180,0.05084698694807,0.194751457928353,0.338239377950569,3,2,37.56842041,126.89942932
420,420. 서울시 공공자전거 상암센터,15596,563,2221,7732,0.036098999743524,0.142408309823032,0.495768145678379,3,2,37.56624603,126.89617920
421,421. 마포구청 앞,24668,3760,4673,4882,0.152424193286849,0.189435706178044,0.197908221177234,3,3,37.56574631,126.90186310
422,422. 문화비축기지,4469,169,577,2023,0.0378160662340568,0.129111658089058,0.452673976281047,0,2,37.56897736,126.89440155
424,424. 롯데하이마트 (상암월드컵점),5067,421,1037,1360,0.0830866390369055,0.204657588316558,0.268403394513519,0,2,37.57361984,126.89804840
425,425. DMC첨단산업센터,4566,833,1212,531,0.182435392028033,0.265440210249671,0.116294349540079,0,3,37.58450317,126.88559723
426,426. 서울신용보증재단,14777,2256,3417,3091,0.152669689382148,0.231237734316844,0.209176422819246,0,3,37.54906082,126.95417786
427,427. 성산시영아파트,16200,3232,2092,4319,0.199506172839506,0.129135802469136,0.266604938271605,3,1,37.56958389,126.90381622
428,428. 명보사거리,6906,587,2028,996,0.0849985519837822,0.293657688966116,0.144222415291051,0,3,37.56439972,126.99143219
429,429. 송도병원,1105,201,103,377,0.181900452488688,0.0932126696832579,0.341176470588235,0,2,37.54988861,127.00734711
430,430. 장충동먹자골목 앞,9620,1379,1841,2183,0.143347193347193,0.191372141372141,0.226923076923077,0,3,37.56212616,127.00625610
431,431. 청계천 영도교,42101,6271,5941,10367,0.148951331322296,0.141113037695067,0.246241181919669,2,2,37.57101440,127.01974487
432,432. 마포중앙도서관,2745,166,633,819,0.0604735883424408,0.230601092896175,0.298360655737705,0,2,37.56333923,126.90820312
433,433. 을지로입구역 2번출구,22220,4445,5353,3688,0.20004500450045,0.240909090909091,0.165976597659766,3,3,37.56634521,126.98229218
434,434. 신당 래미안 버스정류장,6641,1168,800,2099,0.175877126938714,0.120463785574462,0.316066857400994,0,2,37.56148911,127.02393341
435,435. SK 남산빌딩,3705,559,749,727,0.150877192982456,0.202159244264507,0.196221322537112,0,3,37.55686188,126.97561646
436,436. 이대역 5번출구,8426,656,2027,2174,0.0778542606218846,0.24056491811061,0.258010918585331,0,2,37.55659103,126.94618988
437,437. 대흥역 1번출구,11831,1089,2525,3107,0.0920463189924774,0.213422364973375,0.262615163553377,0,2,37.54846954,126.94092560
438,438. 성산2-1 공영주차장,17587,2361,2915,4978,0.1342468869051,0.165747427076818,0.283049980098937,3,2,37.56472015,126.90676880
440,440. 하늘공원 입구,10210,273,1736,4993,0.0267384916748286,0.170029382957884,0.489030362389814,0,2,37.57012177,126.88134766
441,441.염천교사거리,10454,1450,3685,1005,0.138702888846375,0.352496651999235,0.0961354505452458,0,0,37.55989075,126.97149658
442,442.서울역 서부,3698,953,590,908,0.257706868577609,0.159545700378583,0.245538128718226,0,1,37.55641556,126.96919250
443,443.호암아트홀,2477,595,882,202,0.240209931368591,0.356075898264029,0.0815502624142107,0,0,37.56211090,126.97071838
445,445.대한상공회의소,10651,920,3851,1232,0.0863768660219698,0.361562294620223,0.11566989015116,0,0,37.56015396,126.97410583
446,446. 상명대입구,5379,503,934,1572,0.0935118051682469,0.173638222717977,0.292247629670943,0,2,37.60012817,126.95783234
447,447. 신영동삼거리,1461,163,219,406,0.111567419575633,0.149897330595483,0.277891854893908,0,2,37.60399246,126.96194458
449,449. 일성아파트,2513,468,343,653,0.186231595702348,0.136490250696379,0.259848786311182,0,1,37.60871887,126.97286224
450,450. 효자동 삼거리,12377,2431,1996,3468,0.19641270097762,0.161266865961057,0.280197139856185,0,1,37.58360291,126.97254944
451,451. 청와대앞길,2497,196,577,782,0.078494193031638,0.231077292751302,0.313175810973168,0,2,37.58351517,126.97966766
452,452. 동대문 종합시장 버스정류장,9452,1184,1748,2034,0.125264494286923,0.184934405416843,0.21519255184088,0,3,37.57123947,127.00440979
453,453. 종로오가 지하쇼핑센터 14번출구,14658,1655,2982,3142,0.112907627234275,0.203438395415473,0.214353936416974,0,3,37.57114029,127.00067139
454,454. 종로2가 버스정류장 (종각방향),13297,1337,2786,2908,0.100548996014139,0.209520944573964,0.218695946454087,0,3,37.57035828,126.98638153
455,455. 종로6가역 버스정류장(동대문 방향),15205,1721,2740,1651,0.113186451825058,0.180203880302532,0.108582703058205,0,3,37.57096100,127.00605774
456,456. 숭인2동 주민센터 입구,16478,2855,2318,3795,0.173261318121131,0.140672411700449,0.230307076101469,3,1,37.57447052,127.01982880
457,457. 종로꽃시장 입구 옆,13257,2529,2907,1959,0.190767141887305,0.219280380176511,0.147770988911518,0,3,37.57131958,127.00720978
458,458. 광화문역 5번출구,30185,3262,8130,6798,0.108066920655955,0.269339075699851,0.225211197614709,3,3,37.56989288,126.97756958
461,461. 서울경찰청,10395,2443,1763,1960,0.235016835016835,0.16960076960077,0.188552188552189,0,1,37.57436371,126.97236633
464,464. 삼청동 골목,10526,1531,1609,2274,0.145449363480904,0.152859585787574,0.216036481094433,0,3,37.58419037,126.98169708
465,465. 삼청공원 앞,2007,374,491,441,0.186347782760339,0.244643746885899,0.219730941704036,0,3,37.58760452,126.98359680
466,466.롯데호텔,5558,536,1266,1081,0.0964375674703131,0.227779776898165,0.19449442245412,0,3,37.56584167,126.97981262
467,467.한국은행,5291,161,2125,881,0.0304290304290304,0.401625401625402,0.166509166509167,0,0,37.56221390,126.98086548
468,468.웨스틴 조선호텔,5215,457,1487,932,0.0876318312559923,0.285139022051774,0.178715244487057,0,3,37.56415939,126.97948456
469,469.회현역 1번출구,4322,633,846,795,0.146459972235076,0.195742711707543,0.183942619157797,0,3,37.55923080,126.98014069
470,470.회현역 7번출구,3598,532,923,777,0.147859922178988,0.256531406336854,0.215953307392996,0,3,37.55974579,126.98000336
471,471.회현사거리 남측,6170,948,1523,1101,0.153646677471637,0.246839546191248,0.178444084278768,0,3,37.56035995,126.98265076
472,472.삼일교(시그니쳐 타워),12654,1373,4020,1173,0.108503240082187,0.317686107159791,0.0926979611190138,0,0,37.56787109,126.98840332
473,473.을지로4가역 9번출구,23066,4568,5045,3971,0.198040405792075,0.218720194225267,0.172158154859967,3,3,37.56605148,126.99798584
474,474.동대문역사문화공원역 1번출구 뒤편,26164,1950,5907,6503,0.0745298883962697,0.225768231157315,0.248547622687662,3,2,37.56629944,127.00849152
475,475.DDP 패션몰,15807,885,2321,2289,0.0559878534826343,0.146833681280445,0.144809261719491,0,3,37.56764984,127.01181030
476,476.광희문,8598,1152,1125,2180,0.133984647592463,0.130844382414515,0.253547336589905,0,2,37.56443024,127.00995636
477,477.앰배서더 호텔 주변,6066,820,1010,1606,0.135179690075832,0.166501813386086,0.264754368611935,0,2,37.55928802,127.00268555
479,479.동대입구역 3번 출구,4139,488,786,1320,0.117902875090602,0.189900942256584,0.318917612949988,0,2,37.55937576,127.00602722
480,480.약수역 6번 출구,4439,355,679,1157,0.0799729668844334,0.15296237891417,0.260644289254337,0,2,37.55432129,127.01070404
483,483.남산타운아파트 버스정류장,2971,316,474,992,0.106361494446314,0.159542241669472,0.333894311679569,0,2,37.54758453,127.00643921
485,485.서울역5번출구,10784,1872,2855,2090,0.173590504451039,0.264744065281899,0.193805637982196,0,3,37.55677032,126.97319794
486,486. 평창동주민센터 앞,1440,101,258,457,0.0701388888888889,0.179166666666667,0.317361111111111,0,2,37.60627365,126.96832275
488,488.푸르메병원,17238,3478,3226,3477,0.201763545654948,0.18714468035735,0.20170553428472,3,1,37.58456802,126.88021088
489,489.구룡근린공원,4925,983,818,1223,0.199593908629442,0.166091370558376,0.248324873096447,0,1,37.58320236,126.88276672
490,490.가온문화공원,17420,884,5846,3195,0.0507462686567164,0.335591274397245,0.183409873708381,3,0,37.58207703,126.88766479
491,491.월드컵파크 4단지,4923,481,1254,1230,0.0977046516351818,0.254722730042657,0.249847653869592,0,3,37.57597733,126.88806915
493,493.홍대입구역 6번출구,16941,1397,3399,4698,0.0824626645416445,0.200637506640694,0.277315388701966,3,2,37.55657578,126.92885590
494,494.신수동주민센터,5013,1237,514,1084,0.246758428086974,0.102533413125873,0.216237781767405,0,1,37.54724503,126.93502808
495,495.염리초등학교 앞,12314,1640,2862,2562,0.133181744356018,0.232418385577392,0.208055871365925,0,3,37.54243088,126.94699860
497,497.합정동주민센터 앞,27548,1260,5812,8749,0.0457383476114418,0.210977203426746,0.317591113692464,3,2,37.55175400,126.91230011
498,498.연남동주민센터 앞,25464,3388,4830,6403,0.133050581212692,0.189679547596607,0.251453031731071,3,2,37.56465149,126.92212677
500,500. 어린이대공원역 3번출구 앞,25711,2971,4642,6367,0.115553654078021,0.180545291898409,0.247637198086422,3,2,37.54706955,127.07427216
501,501. 광진문화예술회관 앞,26329,5164,3187,6170,0.196133540962437,0.121045235291883,0.234342360135212,3,1,37.53730774,127.07035065
502,502. 자양(뚝섬한강공원)역 1번출구 앞,88882,10099,17484,28850,0.11362255574807,0.196710245043991,0.324587655543305,2,2,37.53186035,127.06719208
505,505. 자양사거리 광진아크로텔 앞,24600,2170,4299,6466,0.0882113821138211,0.174756097560976,0.262845528455285,3,2,37.53701019,127.08224487
506,506. 금호 어울림 아파트 앞,10487,687,4286,1873,0.0655096786497568,0.408696481357872,0.178602078764184,0,0,37.54906082,127.05779266
508,508. 성수아카데미타워 앞,57587,14798,14242,9182,0.256967718408669,0.247312761560769,0.159445708232761,2,3,37.54516602,127.05751038
510,510. 뚝도아리수정수센터 버스정류소 옆,11830,592,2397,4582,0.0500422654268808,0.20262045646661,0.387320371935757,0,2,37.54122162,127.04380035
511,511. 서울숲역 5번 출구 옆,12375,1857,2830,3207,0.150060606060606,0.228686868686869,0.259151515151515,0,3,37.54458237,127.04460907
512,512. 뚝섬역 1번 출구 옆,30925,3827,7682,8112,0.123751010509297,0.248407437348424,0.262312045270816,3,3,37.54856110,127.04500580
513,513. 뚝섬역 5번 출구 정류소 옆,14739,1904,3790,2567,0.129181084198385,0.257140918651197,0.174163783160323,0,3,37.54630661,127.04980469
514,514. 성수사거리 버스정류장 앞,32316,4476,7590,6318,0.138507240995173,0.234868176754549,0.195506869662087,3,3,37.54257965,127.06330872
515,515. 광양중학교 앞,4292,660,563,1323,0.153774464119292,0.131174277726002,0.308247903075489,0,2,37.53023529,127.08683014
516,516. 광진메디칼 앞,21142,4825,3352,4999,0.228218711569388,0.158546968120329,0.236448774950336,3,1,37.54840469,127.06936646
518,518. 청계천 박물관 앞,8614,400,3328,1725,0.0464360343626654,0.386347805897376,0.200255398188995,0,0,37.57152557,127.03535461
519,519. 양지사거리,11022,1748,2238,2566,0.158591907094901,0.203048448557431,0.232807113046634,0,3,37.56699371,127.02991486
520,520. 상왕십리역 4번 출구 앞,9981,1514,1913,2225,0.151688207594429,0.191664161907624,0.222923554754033,0,3,37.56385803,127.03031921
521,521. 왕십리역 11번 출구 앞,16857,1148,2679,4466,0.068102272053153,0.158925075636234,0.264934448597022,0,2,37.56144714,127.03491974
522,522. 금호역 1번출구 앞,2909,210,600,756,0.0721897559298728,0.206256445513922,0.259883121347542,0,2,37.54864120,127.01642609
523,523. 옥수동성당 옆,1080,81,159,356,0.075,0.147222222222222,0.32962962962963,0,2,37.54366302,127.01406097
524,524. 래미안금호하이리버 아파트 102동 옆,3631,715,459,947,0.196915450289177,0.126411456898926,0.260809694299091,0,1,37.55220032,127.02505493
525,525. 한양대병원사거리,16075,862,2690,4865,0.0536236391912908,0.167340590979782,0.302643856920684,0,2,37.55805206,127.04035187
526,526. 용답토속공원 앞,10309,1794,3701,1148,0.174022698612863,0.359006693180716,0.111359006693181,0,0,37.56351089,127.05672455
529,529. 장한평역 8번 출구 앞,60925,15391,13523,10446,0.252622076323348,0.221961427985228,0.171456709068527,2,1,37.56137085,127.06365967
530,530. 청계벽산아파트 앞,18882,4727,2966,4351,0.250344243194577,0.157080817709988,0.230431098400593,3,1,37.56874847,127.03040314
533,533. 금남시장 교차로,4547,968,467,1263,0.212887618209809,0.102705080272707,0.277765559709699,0,1,37.54814911,127.02108765
534,534. 금호사거리,3142,534,346,996,0.16995544239338,0.110120942075111,0.316995544239338,0,2,37.54863358,127.02572632
535,535. 응봉삼거리,6797,1058,911,2196,0.155656907459173,0.134029718993674,0.323083713402972,0,2,37.55398560,127.03359222
536,536. 행당역 2번출구 앞,7933,1558,1007,2247,0.196394806504475,0.126938106643136,0.283247195260305,0,1,37.55735016,127.02921295
537,537. 한양대후문역 부근,10996,1034,1611,3082,0.0940341942524554,0.146507821025828,0.280283739541652,0,2,37.56035614,127.04139709
539,539. 군자교교차로,21546,2470,3465,6173,0.114638447971781,0.160818713450292,0.286503295275225,3,2,37.55979538,127.07420349
540,540. 군자역 7번출구 베스트샵 앞,26528,3232,4060,6887,0.12183353437877,0.153045838359469,0.259612484921592,3,2,37.55603027,127.07864380
542,542. 강변역 4번출구 뒤,17891,1113,4332,5474,0.0622100497456822,0.242132915991281,0.305963892459896,3,2,37.53582382,127.09416199
543,543. 구의공원(테크노마트 앞),29895,2497,7181,8132,0.0835256731894966,0.240207392540559,0.27201873222947,3,2,37.53596878,127.09467316
544,544. 광남중학교,12333,2458,1374,4276,0.19930268385632,0.111408416443688,0.346712073299278,0,2,37.54072952,127.10290527
546,546. 잠실대교북단 교차로,22226,3263,3320,6011,0.14681004229281,0.149374606316926,0.270449023665977,3,2,37.53247833,127.08509064
548,548. 자양나들목,29111,6958,3578,8390,0.239016179451067,0.122908866064374,0.288207206897736,3,1,37.52976990,127.07485962
549,549. 아차산역 3번출구,25681,3487,4527,7112,0.135781316926911,0.176278182313773,0.276936256376309,3,2,37.55122375,127.08970642
550,550. 서울시설공단 앞,16677,1529,7018,1953,0.0916831564430053,0.420819092162859,0.117107393416082,3,0,37.57164001,127.03565979
551,551. 구의삼성쉐르빌 앞,23039,3146,3536,6008,0.136551065584444,0.153478883632102,0.260775207257259,3,2,37.54006195,127.09449768
552,552. 대림아크로리버 앞,11289,1315,1589,3234,0.116485073965807,0.140756488617238,0.286473558331119,0,2,37.53657913,127.09297180
553,553. 중곡 성원아파트 앞,11744,1742,1947,3166,0.1483310626703,0.165786784741144,0.26958446866485,0,2,37.57125473,127.07980347
555,555. 구의3동주민센터,6919,650,1280,1758,0.0939442115912704,0.184997832056656,0.254082959965313,0,2,37.53784943,127.09217072
556,556. 달맞이공원,1019,50,210,388,0.0490677134445535,0.206084396467125,0.380765456329735,0,2,37.54205322,127.02040100
557,557. 도선동 주민센터 앞,15573,2922,3185,3333,0.187632440762859,0.20452064470558,0.214024272779811,3,3,37.56764221,127.02569580
558,558. 성동광진 교육지원청 앞,17914,1784,3338,4123,0.0995869152618064,0.186334710282461,0.230155185888132,3,3,37.56460571,127.03652191
559,559. 왕십리역 4번 출구 건너편,22022,1512,4672,5944,0.0686586141131596,0.212151484878758,0.269911906275543,3,2,37.56109619,127.03679657
560,560. 비전교회 앞,27924,7527,4253,6693,0.269553072625698,0.152306259848159,0.239686291362269,3,1,37.55120468,127.06893158
561,561. 서울숲역 2번출구 앞,20880,3825,4423,4511,0.183189655172414,0.211829501915709,0.216044061302682,3,3,37.54281616,127.04467010
563,563. 성동세무서 건너편,19101,2155,8430,1927,0.112821318255589,0.441338149835087,0.100884770430867,3,0,37.54791260,127.06275177
564,564. 금호역 3번출구,1550,133,159,527,0.0858064516129032,0.10258064516129,0.34,0,2,37.54792786,127.01557159
565,565. 옥수역 3번출구,37283,3520,7710,11514,0.094413003245447,0.206796663358635,0.308827079365931,2,2,37.54136658,127.01776123
568,568. 청계8가 사거리 B,29551,4605,5223,8066,0.155832289939427,0.176745287807519,0.27295184596122,3,2,37.57110214,127.02355957
569,569. 응봉현대아파트 정류소,2761,424,375,915,0.153567547989859,0.135820354943861,0.331401666063021,0,2,37.54958344,127.03024292
571,571. 세종대학교 대양AI센터,17633,2610,3180,3214,0.148017920943685,0.180343673793455,0.182271876595021,3,3,37.55039597,127.07585907
573,573. 구의문주차장 앞,27707,5902,4783,6826,0.213014761612589,0.172627855776519,0.246363734796261,3,1,37.54523087,127.08473206
574,574. 아차산역4번출구,27663,4545,4356,7473,0.164298882984492,0.157466652206919,0.270144235983082,3,2,37.55184937,127.08898163
575,575. 대원중고교 입구(대하빌딩),6968,954,1050,1865,0.13691159586682,0.150688863375431,0.267652123995408,0,2,37.56429291,127.08693695
576,576. 광나루역 3번 출구,26032,3265,4256,7466,0.125422556853104,0.163491087891825,0.28680086047941,3,2,37.54483032,127.10426331
577,577. 광진청소년수련관,20060,2054,3200,6006,0.102392821535394,0.159521435692921,0.299401794616152,3,2,37.54654694,127.10613251
578,578. 성동세무서 부근,17969,4585,4163,2685,0.255161667315933,0.231676776670933,0.149424008013802,3,3,37.54829025,127.06246185
579,579. 마장역 4번출구,12117,1541,1763,2801,0.127176693901131,0.14549806057605,0.231162829083106,0,2,37.56520462,127.04184723
582,582. 경일중학교 앞,21732,3523,4755,4642,0.162111172464568,0.218801766979569,0.213602061476164,3,3,37.54317856,127.04907990
583,583. 청계천 생태교실 앞,62641,5237,10310,22958,0.083603390750467,0.164588687920052,0.366501173352916,2,2,37.56797028,127.04689026
584,584. 광진광장 교통섬,40596,9982,5922,8180,0.245886294216179,0.145876441028673,0.201497684500936,2,1,37.54782867,127.07263184
585,585. 성수2가1동 공영주차장 인근,52416,8506,9680,14369,0.162278693528694,0.184676434676435,0.274133852258852,2,2,37.53680801,127.05548859
586,586. 마장동 주민센터,10523,2800,928,2728,0.266083816402167,0.0881877791504324,0.259241661123254,0,1,37.56594086,127.04539490
587,587. 유니베라 앞,18985,1078,6357,4218,0.0567816697392678,0.334843297340005,0.222175401632868,3,3,37.54541779,127.05264282
588,588. 뚝섬 유원지역,24470,1658,4697,7685,0.0677564364527993,0.191949325704945,0.314058030241112,3,2,37.53268814,127.06749725
589,589. 성수역3번출구,26867,3695,5946,6384,0.137529311050731,0.221312390665128,0.237614917929058,3,3,,
590,590. 건국대학교 (입학정보관),21907,3497,3103,2993,0.159629342219382,0.141644223307619,0.136622997215502,3,3,37.53989029,127.07336426
591,591. 건국대학교 (행정관),9278,456,1929,1211,0.0491485233886614,0.207911187755982,0.130523819788748,0,3,37.54277802,127.07537079
592,592. 건국대학교 학생회관,29050,1205,6372,4128,0.0414802065404475,0.21934595524957,0.14209982788296,3,3,37.54191208,127.07763672
593,593.자양중앙나들목,22936,5012,2763,7409,0.218521102197419,0.120465643529822,0.32302929891873,3,1,37.52845383,127.07803345
594,594. 중랑물재생센터(서울새활용플라자),11656,593,5217,1392,0.0508750857927248,0.44758064516129,0.119423472889499,0,0,37.55830383,127.05805969
600,600. 휘경2동 주민센터,2763,259,333,668,0.093738689829895,0.120521172638436,0.24176619616359,0,2,37.58991241,127.06867981
602,602. 장안동 사거리,35880,3393,6241,9385,0.0945652173913043,0.173940914158305,0.261566332218506,3,2,37.57217407,127.07138824
605,605. 신설동역8번출구,15643,2023,3033,3873,0.129323019881097,0.19388864028639,0.247586780029406,3,2,37.57419968,127.02649689
606,606. 서울반도체고 앞,4208,337,697,1215,0.0800855513307985,0.165636882129278,0.288735741444867,0,2,37.58462524,127.07028961
607,607. 신이문역 2번출구,8992,1197,2026,2032,0.133118327402135,0.225311387900356,0.225978647686833,0,3,37.60271072,127.06786346
608,608. 전농삼성아파트,3499,833,418,812,0.238068019434124,0.119462703629608,0.232066304658474,0,1,37.58131027,127.05534363
609,609. 제기2교,16879,2816,2502,4614,0.166834528111855,0.148231530303928,0.273357426387819,3,2,37.58774567,127.03738403
610,610. 동대문중 교차로,14388,3311,2093,3441,0.230122324159021,0.145468445927162,0.239157631359466,3,1,37.57308578,127.05216217
612,612. 시립동부병원 앞 사거리,29252,5785,5453,6645,0.197764255435526,0.186414604129632,0.227163954601395,3,1,37.57366562,127.03081512
613,613. 신설동역 10번출구 앞,20827,3344,4120,4623,0.160560810486388,0.197820137321746,0.221971479329716,3,3,37.57527161,127.02346802
614,614. 용두동 사거리,28744,3849,4730,6708,0.133906206512664,0.164556081269134,0.233370442527136,3,2,37.57768631,127.03101349
615,615. 용두동 래미안허브리츠아파트 앞,25735,3768,4637,6512,0.14641538760443,0.180182630658636,0.253040606178356,3,2,37.57638168,127.03511047
616,616. 서울시립대 정문 앞 A,3468,279,478,766,0.0804498269896194,0.137831603229527,0.220876585928489,0,2,37.58256149,127.05436707
617,617. 청솔우성아파트 앞,9715,2428,951,2444,0.249922799794133,0.0978898610396294,0.2515697375193,0,1,37.57420349,127.05769348
621,621. 전농초등학교 건너편,7153,1949,1030,1702,0.272473088214735,0.143995526352579,0.237942122186495,0,1,37.57489014,127.05353546
622,622. 전농사거리 교통섬,12344,1592,1694,3301,0.128969539857421,0.137232663642255,0.267417368762152,0,2,37.57779312,127.05783081
623,623. 서울시립대 정문 앞 B,18738,2064,3018,4807,0.110150496317643,0.161063080371438,0.256537517344434,3,2,37.58369827,127.05385590
624,624. 전농동 동아아파트 앞,20736,6185,2098,4826,0.298273533950617,0.101176697530864,0.232735339506173,3,1,37.57418823,127.04589081
626,626. 군자교 서측 녹지대,23664,3941,4914,5964,0.166539891818796,0.207657200811359,0.252028397565923,3,3,37.56115341,127.07096863
627,627. 장안동삼거리 교통섬,14280,2066,1948,3875,0.144677871148459,0.136414565826331,0.271358543417367,0,2,37.57863235,127.07190704
628,628. 휘봉고등학교 앞,8945,1338,1205,2043,0.14958077138066,0.134712129681386,0.228395751816657,0,1,37.58681488,127.06754303
630,630. 동대문구 보건소,28621,6025,5616,5128,0.210509765556759,0.196219559065022,0.179169141539429,3,3,37.57485199,127.04030609
631,631. 답십리역 1번출구,39342,7321,8872,7824,0.186086116618372,0.225509633470591,0.198871435107519,2,3,37.56818390,127.05127716
633,633. 청량리 기업은행 앞,21744,2433,3880,6193,0.11189293598234,0.178440029433407,0.284814201618837,3,2,37.58040619,127.04482269
634,634. 외국어대 정문 앞,23775,2264,3802,5970,0.0952260778128286,0.159915878023134,0.251104100946372,3,2,37.59601974,127.05982971
635,635. 시조사 앞,16379,2757,2067,3840,0.168325294584529,0.126198180597106,0.234446547408267,0,1,37.58751678,127.05277252
636,636. 세종대왕기념관 교차로,6183,446,1992,1165,0.0721332686398189,0.322173702086366,0.188419860908944,0,3,37.59090042,127.04258728
637,637. KAIST 경영대학 앞,10510,846,2163,2281,0.0804947668886774,0.205803996194101,0.217031398667935,0,3,37.59161377,127.04579163
638,638. 서울시립대 정보기술관,6953,265,1722,1319,0.038113044728894,0.247662879332662,0.189702286782684,0,3,37.58300781,127.06097412
639,639. 서울시립대 후문,8172,688,1396,2074,0.0841899167890357,0.170827214880078,0.253793441018111,0,2,37.58512497,127.06095123
640,640. 동대문경찰서 교차로,10493,2091,1665,2469,0.1992757076146,0.158677213380349,0.235299723625274,0,1,37.58255005,127.04460144
641,641. 용두역 4번출구,21628,2257,4223,5923,0.104355465137784,0.195256149435916,0.273857961901239,3,2,37.57375336,127.03853607
642,642. 신답역 사거리,23848,5864,4254,5368,0.245890640724589,0.178379738342838,0.225092250922509,3,1,37.57035446,127.04843140
643,643. 동대문구민체육센터 (육교아래),24254,6152,2851,6217,0.253648882658531,0.117547621010967,0.256328852972706,3,1,37.56697083,127.07429504
648,648. 장안동위더스빌옆,33994,7870,5309,7853,0.231511443195858,0.156174619050421,0.23101135494499,2,1,37.56669998,127.06242371
650,650. 중랑교사거리,16470,1148,2347,4998,0.0697024893746205,0.142501517911354,0.303460837887067,0,2,37.59153366,127.06774139
652,652. 답십리 래미안엘파인아파트 입구,8782,2403,1118,2225,0.273627875199271,0.127305852880893,0.253359143703029,0,1,37.57653046,127.06594086
654,654. 전농동 텃골공원,8217,1380,1110,2319,0.167944505293903,0.1350857977364,0.282219788243885,0,2,37.57762146,127.05210876
656,656. 영휘원 교차로,11728,2232,2166,2655,0.19031377899045,0.18468622100955,0.226381309686221,0,1,37.58723831,127.04313660
657,657. 동대문롯데캐슬아파트 앞,19439,4823,2363,4748,0.248109470651782,0.121559751015999,0.244251247492155,3,1,37.57573318,127.04847717
660,660. 동의보감타워,7471,1049,1314,1714,0.140409583723732,0.175880069602463,0.229420425645831,0,3,,
661,661. 경희대학교 청운관,11502,679,2860,2235,0.0590332116153712,0.248652408276821,0.194314032342201,0,3,37.59460068,127.05197144
663,663. 외대앞역 3번출구,25599,2833,5201,6380,0.110668385483808,0.203171998906207,0.249228485487714,3,2,37.59489059,127.06302643
664,664. 서울시립대 건설공학관,5160,314,1021,1092,0.0608527131782946,0.197868217054264,0.211627906976744,0,3,37.58412933,127.05793762
665,665.이문동 쌍용아파트 정문,9226,2081,1152,2591,0.225558205072621,0.124864513331888,0.280836765662259,0,1,37.59960556,127.06864166
666,666.이문대성유니드아파트 앞,8590,825,1955,2584,0.0960419091967404,0.227590221187427,0.30081490104773,0,2,37.60362244,127.07083130
667,667.청량차도 육교 밑,6072,1382,1104,1395,0.227602108036891,0.181818181818182,0.229743083003953,0,1,37.58670807,127.04688263
669,669.청계한신휴플러스앞 삼거리,17787,5043,2371,3798,0.283521673132063,0.133299600832068,0.213526733007253,3,1,37.57214737,127.04460907
670,670.삼육서울병원 버스정류장,36218,3201,6615,9352,0.0883814677784527,0.182643989176653,0.258214147661384,3,2,37.58968735,127.06140900
671,671.대광빌딩,4653,452,785,1264,0.0971416290565227,0.168708360197722,0.271652697184612,0,2,37.57734299,127.02337646
672,672.대광고등학교,11493,1689,1614,2657,0.14695901853302,0.140433307230488,0.231184199077699,0,2,37.57875061,127.02402496
673,673.안암골벽산아파트(후문),10658,1297,1722,2742,0.121692625258022,0.161568774629386,0.257271533120661,0,2,37.58407974,127.03103638
674,674.고대앞사거리 교통섬,12977,1051,2464,2997,0.0809894428604454,0.189874393157124,0.230947060183401,0,2,37.58655167,127.03314209
676,676.FITI시험연구원 앞,8872,1648,1263,1892,0.185752930568079,0.142357980162308,0.213255184851217,0,1,37.58143234,127.03547668
678,678.장안힐스테이트(아) 앞,19419,2968,3531,4609,0.152840002059838,0.181832226170246,0.237344868427828,3,3,37.57655716,127.07431030
679,679.전농SK아파트 앞,4240,793,615,1190,0.187028301886792,0.145047169811321,0.280660377358491,0,1,37.57787704,127.06168365
680,680.꿈마루어린이도서관 앞,17109,1586,2425,4663,0.0926997486702905,0.141738266409492,0.272546612893799,0,2,37.59238434,127.05741119
681,681.서울특별시 동부교육지원청(육교),2099,351,357,402,0.167222486898523,0.17008099094807,0.191519771319676,0,3,37.57983780,127.05637360
700,700. KB국민은행 염창역 지점 앞,15263,1766,2786,4060,0.115704645220468,0.182532922754373,0.266002751752604,0,2,37.54684830,126.87277222
701,701. 목동사거리 부근,20756,4454,2760,5295,0.214588552707651,0.13297359799576,0.255106957024475,3,1,37.53280258,126.86392975
702,702. 목4동주민센터 옆,23750,5445,3221,5480,0.229263157894737,0.135621052631579,0.230736842105263,3,1,37.53254318,126.86872864
703,703. 오목교역 7번출구 앞,42528,5887,10858,9724,0.138426448457487,0.255314145974417,0.228649360421369,2,3,37.52362823,126.87524414
704,704. 남부법원검찰청 교차로,30572,3908,6276,6605,0.12782938636661,0.205285882506869,0.21604736360068,3,3,37.52325439,126.86490631
706,706. 신정네거리역,13386,1784,2967,3241,0.133273569400867,0.221649484536082,0.242118631405946,0,3,37.52188110,126.85175323
708,708. 서울출입국관리사무소 앞,52154,7270,10462,12530,0.139394869041684,0.20059822832381,0.240250028760977,2,3,37.51897049,126.86996460
709,709. 신정3동 현장민원실 앞,8152,1214,1199,2057,0.14892051030422,0.147080471050049,0.252330716388616,0,2,37.51158524,126.84156036
710,710. 금옥여고보도육교,6411,1121,449,1043,0.174855716736859,0.0700358758384027,0.162689128061145,0,1,37.50971222,126.84416962
711,711. 신일해피트리아파트 앞,14135,3494,1966,3296,0.247187831623629,0.139087371772197,0.233180049522462,3,1,37.51705933,126.84848785
712,712. 강월초교입구 사거리,6668,1112,953,1547,0.166766646670666,0.142921415716857,0.232003599280144,0,1,,
713,713. 양서중학교 옆,8863,1868,1268,1931,0.210763849712287,0.143066681710482,0.217872052352477,0,1,37.53304672,126.82995605
714,714. 한국SGI 양천문화회관 앞,9460,2177,1545,2216,0.230126849894292,0.163319238900634,0.234249471458774,0,1,37.53254700,126.83080292
716,716.신정6동 주민센터 인근,18448,2200,3097,4704,0.119254119687771,0.167877276669558,0.25498699045967,3,2,37.51731873,126.86431885
719,719. 홍익병원앞 교차로,18375,3862,2634,4462,0.210176870748299,0.14334693877551,0.242829931972789,3,1,37.53036880,126.86425781
720,720. 서울강월초등학교 앞,9294,1489,1323,2409,0.160210888745427,0.142349903163331,0.259199483537766,0,2,37.51619720,126.83489990
722,722. 경서농협 버스정류장(우리은행신정동지점방향),13991,2668,2201,3867,0.190694017582732,0.15731541705382,0.276391966264027,0,1,37.52151108,126.85738373
723,723. SBS방송국,23146,2284,7053,4362,0.0986779573144388,0.304717877819062,0.188455888706472,3,3,37.52916336,126.87274933
724,724. 계남공원 입구 주출입구 좌측,4302,854,556,1073,0.198512319851232,0.129242212924221,0.249418874941887,0,1,37.51059723,126.85732269
725,725. 양강중학교앞 교차로,1688,207,252,520,0.122630331753555,0.149289099526066,0.308056872037915,0,2,,
726,726. 목동3단지 시내버스정류장,52964,11717,7617,13247,0.221225738237293,0.143814666565969,0.250113284495129,2,1,37.53438950,126.86959839
729,729. 서부식자재마트 건너편,19690,5502,2969,4807,0.279431183341798,0.15078720162519,0.24413407821229,3,1,37.51037979,126.86679840
731,731. 서울시 도로환경관리센터,38340,3459,8243,11593,0.0902190923317684,0.214997391757955,0.302373500260824,2,2,37.52989960,126.87654114
733,733. 신정이펜하우스314동,9088,1885,1254,2376,0.207416373239437,0.137984154929577,0.261443661971831,0,1,37.51409912,126.83100128
734,734. 신트리공원 입구,36220,8924,5418,9127,0.246383213694092,0.149585864163446,0.251987852015461,2,1,37.51395035,126.85605621
735,735. 영도초등학교,32826,7144,4220,9052,0.217632364589045,0.128556631938098,0.275757021872906,3,1,37.53637695,126.87151337
736,736. 오솔길공원,12607,2951,1806,3066,0.234076306813675,0.143253747917823,0.243198223209328,0,1,37.52219009,126.83670044
737,737. 장수공원,7192,1472,1206,1742,0.204671857619577,0.167686318131257,0.242213570634038,0,1,37.52256012,126.84947968
739,739. 신월사거리,11282,2109,1602,2119,0.186934940613366,0.141996099982273,0.187821308278674,0,1,37.53620148,126.82779694
740,740. 으뜸공원,11766,3386,1358,2686,0.287778344382118,0.115417304096549,0.228284888662247,0,1,37.53636932,126.83171082
741,741. 화곡로 입구 교차로,4901,602,953,1080,0.122832075086717,0.194450112221996,0.220363191185472,0,3,37.53952026,126.82540131
742,742. 등촌역 5번 출구 뒤,11708,1478,1817,3219,0.126238469422617,0.15519303040656,0.274940211820977,0,2,37.55073166,126.86457825
743,743. 현대6차아파트 101동 옆,11126,1953,1587,1964,0.175534783390257,0.142638863922344,0.176523458565522,0,1,37.50889969,126.84268188
744,744. 신목동역 2번 출구,40741,7620,10020,8030,0.187035173412533,0.245943889447976,0.197098745735254,2,3,37.54384232,126.88254547
745,745. 강서초등학교,6948,1502,1055,1650,0.216177317213587,0.151842256764537,0.237478411053541,0,1,37.52228165,126.83969879
746,746. 목동2단지 상가,46240,2667,8333,14832,0.0576773356401384,0.180211937716263,0.32076124567474,2,2,37.53650284,126.87774658
747,747. 목동3단지 상가,31970,3353,5323,10113,0.104879574601189,0.166499843603378,0.316327807319362,3,2,37.53458023,126.87564850
748,748. 목동운동장,7848,615,1902,2474,0.0783639143730887,0.242354740061162,0.315239551478084,0,2,37.53025055,126.87930298
749,749. 이대목동병원보도육교,21750,1723,5798,4326,0.0792183908045977,0.266574712643678,0.198896551724138,3,3,37.53722763,126.88661194
750,750. 연의근린공원 건너편,9314,2661,1127,2242,0.285698947820485,0.12100064419154,0.240712905303844,0,1,37.51215744,126.83562469
752,752. 성원2차 아파트,11184,2798,1577,2800,0.250178826895565,0.141005007153076,0.25035765379113,0,1,37.54218292,126.86330414
754,754. 목동1단지아파트 118동 앞,28044,7986,3452,7671,0.284766795036371,0.123092283554414,0.273534445870775,3,1,37.54114151,126.87667847
755,755. 목동1단지아파트 상가 앞,36836,3820,6916,9945,0.103702899337605,0.18775111304159,0.26998045390379,3,2,37.53786850,126.88140869
756,756. 목동주차장,19075,940,3411,6268,0.0492791612057667,0.178820445609436,0.328597640891219,3,2,37.52667999,126.87616730
757,757. 신정이펜하우스 1단지아파트 입구 사거리,6158,1591,848,1535,0.25836310490419,0.137707047742774,0.249269243260799,0,1,37.51427841,126.82874298
758,758. 한사랑교회 앞,15815,3391,2100,4483,0.214416693012962,0.132785330382548,0.283465064811887,3,1,37.51472092,126.85919952
759,759. 보아스아파트 앞,8475,2116,1127,2075,0.249675516224189,0.132979351032448,0.244837758112094,0,1,37.52407074,126.83860016
760,760. 잣절보도육교 아래,6025,1137,896,1486,0.188713692946058,0.148713692946058,0.246639004149378,0,1,37.50682068,126.84429932
762,762. 오목로 무중력지대 앞,11248,636,2274,3333,0.0565433854907539,0.202169274537696,0.296319345661451,0,2,37.52474213,126.87766266
763,763. 목동11단지 아파트,16773,2946,2373,4487,0.175639420497228,0.141477374351637,0.267513265366959,3,1,37.51065826,126.85916138
764,764. 목동청소년수련관,2,0,0,1,0,0,0.5,0,2,37.53102875,126.87589264
765,765. 오목교역 3번출구,66480,5130,13856,19363,0.0771660649819495,0.208423586040915,0.291260529482551,2,2,37.52477646,126.87548065
766,766. 신목동역 3번출구,16691,1606,3983,4959,0.0962195195015278,0.238631597867114,0.297106224911629,3,2,37.54394913,126.88346100
767,767.신정숲속마을아파트,8438,2994,927,1876,0.354823417871534,0.109860156435174,0.22232756577388,0,1,37.50574493,126.83631134
768,768.목동5단지아파트 501동,27897,2585,4726,8133,0.0926622934365702,0.169408897014016,0.291536724378965,3,2,37.53566742,126.88158417
769,769.CBS방송국 앞,69556,3096,17054,21890,0.0445108976939444,0.245183736845132,0.31471044913451,2,2,37.52785492,126.87467194
770,770.목동역5번출구,50444,7563,11630,9877,0.149928633732456,0.230552692094203,0.195801284592816,2,3,37.52571487,126.86486816
771,771.목동아파트 703동 앞,31256,3736,6043,7965,0.119529050422319,0.193338878935244,0.254831072434093,3,2,37.52820587,126.87016296
773,"""773.염창역 3, 4번 출구 사이""",16840,1249,3404,4674,0.0741686460807601,0.202137767220903,0.277553444180523,3,2,37.54670715,126.87457275
774,774.등촌역 4번 출구,8278,966,1506,2220,0.116694853829427,0.181928001932834,0.268180719980672,0,2,37.54950714,126.86721802
775,775.세종그랑시아 앞(102동),8702,1270,1173,2315,0.145943461273271,0.134796598483107,0.266030797517812,0,2,37.53837585,126.86383057
776,776.목마공원,7477,773,1682,1825,0.103383710044135,0.224956533368998,0.244081851009763,0,3,37.53874207,126.88568115
777,777.신월6차보람아파트 앞,13688,3485,1707,3334,0.254602571595558,0.124707773232028,0.243571011104617,0,1,37.53012848,126.83477783
779,779. 신정1동 주민센터 앞,43270,6530,7640,11639,0.150912872660042,0.176565749942223,0.26898544025884,2,2,37.51854324,126.85388184
780,780.신정교 하부,37098,4926,4942,12905,0.132783438460294,0.133214728556796,0.347862418459216,2,2,37.51733780,126.87764740
781,781.신정보도육교 아래,55742,15176,7785,13542,0.272254314520469,0.139661296688314,0.242940691040867,2,1,37.51759338,126.87655640
782,782.서남병원 후문,10178,2512,1692,2245,0.24680683827864,0.166240911770485,0.220573786598546,0,1,37.51167297,126.83274078
785,"""785.양천구청, 보건소 사잇길""",67616,4734,16311,16048,0.0700130146710838,0.241229886417416,0.237340274491245,2,3,37.51747513,126.86632538
786,786.목동아파트 8단지 상가동 앞,29591,5169,4584,8371,0.174681490993883,0.154911966476293,0.282890067926059,3,2,37.52007294,126.86830139
787,787.양천아파트 입구,46086,13055,6548,10702,0.283274747211735,0.142082194158747,0.232218027166602,2,1,37.50790405,126.86264801
788,788.양천구청역 2번출구 옆,38130,5207,11643,7433,0.136559139784946,0.305350118017309,0.194938368738526,2,3,37.51228714,126.86528015
791,791.현대하이페리온,38084,3192,6570,10586,0.0838147253439765,0.172513391450478,0.277964499527361,3,2,37.52490616,126.86978912
792,792.목동트라팰리스 웨스턴에비뉴,70074,2476,14179,20140,0.0353340754059994,0.202343237149299,0.287410451808089,2,2,37.52537155,126.87092590
793,793.목동5단지아파트 534동,38209,3997,6114,11117,0.10460886178649,0.160014656232825,0.290952393415164,3,2,37.53302002,126.87789917
794,794.양천문화회관,37435,6755,5365,10238,0.180446106584747,0.143315079471083,0.273487378122078,2,1,37.51686478,126.86296082
795,795.양천 해누리타운,44085,5297,8938,9763,0.120154247476466,0.202744697742996,0.2214585459907,2,3,37.51584244,126.86411285
796,796.목동아파트 14단지 B상가 앞,31297,7059,4475,8162,0.225548774642937,0.142984950634246,0.260791769179155,3,1,37.51466370,126.87194061
797,797.목동아파트 1422동 1434동 사잇길,52209,11270,8009,13515,0.215863165354632,0.153402670037733,0.258863414353847,2,1,37.51515579,126.87248993
800,800. 목월공원 앞,12747,2534,2361,3408,0.198791872597474,0.185220051776889,0.267357025182396,0,1,37.53243256,126.95474243
802,802. 한강진역 2번 출구 앞,4738,684,898,1253,0.144364710848459,0.189531447868299,0.264457577036724,0,2,37.54115295,127.00221252
805,805. 문배어린이공원 앞,11571,2278,1583,2822,0.196871489067496,0.136807536081583,0.243885576008988,0,1,37.53675842,126.97000122
806,806. 전자랜드 본관 앞,12653,1952,2849,2738,0.154271714217972,0.225163992728997,0.21639136963566,0,3,37.53306580,126.96073151
807,807. 서울역 12번 출구 앞,11821,2063,2906,2572,0.174519922172405,0.245833685813383,0.217578885035107,0,3,37.55227661,126.97268677
808,808. 서빙고동 금호맨션 앞,4161,327,755,1699,0.0785868781542898,0.181446767603941,0.408315308819995,0,2,37.52050400,126.98973846
809,809. 한남 유수지 복개주차장,8820,669,1857,2597,0.0758503401360544,0.210544217687075,0.294444444444444,0,2,37.53016663,127.00743866
810,810. 이태원지하보도,7230,750,1464,2237,0.103734439834025,0.202489626556017,0.309405255878285,0,2,37.53841019,126.98664856
811,811. 녹사평역1번출구,8397,769,1876,2455,0.0915803263070144,0.223413123734667,0.292366321305228,0,2,37.53507996,126.98538208
813,813. 삼각지역 3번출구,9498,646,1376,3135,0.0680143188039587,0.144872604758897,0.330069488313329,0,2,37.53351212,126.97227478
815,815. LIG강촌아파트 103동앞,14162,1614,2394,4331,0.113966953820082,0.169043920350233,0.305818387233442,0,2,37.51850891,126.97879791
816,816. 신용산역 6번출구 앞,21603,2823,4783,5698,0.130676294959033,0.221404434569273,0.263759663009767,3,2,37.53014755,126.96848297
817,817. 삼각지역 4번출구 앞,10850,1967,1479,3023,0.181290322580645,0.1363133640553,0.278617511520737,0,1,37.53345108,126.97173309
818,818. 숙명여대 입구 교차로,14942,2688,1886,3819,0.179895596305715,0.126221389372239,0.255588274662026,0,1,37.54489517,126.96938324
819,819. 선린인터넷 고등학교,15300,2618,2152,4368,0.171111111111111,0.140653594771242,0.285490196078431,3,2,37.54165268,126.97050476
820,820. 청파동입구 교차로,8737,1313,1851,1919,0.150280416618977,0.211857617031018,0.219640608904658,0,3,37.54902649,126.97194672
822,822. 이촌1동 마을공원,5764,968,1243,1384,0.16793893129771,0.215648854961832,0.240111034004164,0,3,37.52202606,126.96618652
823,823. 효창동주민센터 앞,4288,975,546,1201,0.227378731343284,0.127332089552239,0.280083955223881,0,1,37.54232025,126.96195984
825,825. 서빙고동 주민센터 앞,26519,1714,4489,10335,0.0646329047098307,0.169274859534673,0.389720577699008,3,2,37.52033615,126.99426270
826,826. 서울역 서부교차로2,13492,3517,1994,3200,0.260672991402312,0.147791283723688,0.237177586718055,3,1,37.55536652,126.96864319
827,827. 국군복지단,3187,131,1000,218,0.0411044869783495,0.313774709758393,0.0684028867273298,0,0,37.54188538,126.97966003
828,828. 숙대입구역 8번,10703,888,1905,2899,0.0829673923199103,0.177987480145754,0.270858637765113,0,2,37.54407883,126.97200012
829,829. 한강대교 북단 교차로,23975,2148,4435,8502,0.0895933263816475,0.184984358706986,0.354619395203337,3,2,37.52293015,126.96169281
830,830. 강변삼성스위트아파트 앞,3277,853,584,773,0.260299054012817,0.178211779066219,0.235886481537992,0,1,37.53442383,126.94857025
832,832. 이촌1동 주민센터 뒤,12244,1942,2269,3359,0.158608297941849,0.18531525645214,0.274338451486442,0,2,37.52128220,126.97346497
834,834. 효창공원앞역 3번출구 앞,17130,5375,2203,3868,0.313776999416229,0.128604786923526,0.225802685347344,3,1,37.53900909,126.96138000
835,835. 남영역 건너편,12073,1537,2267,2925,0.12730887103454,0.187774372566885,0.242276153400149,0,2,37.54198074,126.97154236
836,836. 현대자동차서비스 앞,10669,663,2554,3439,0.0621426562939357,0.239385134501828,0.322335739057081,0,2,37.53142166,126.95149994
837,837. 한남나들목 입구,12118,1028,2255,4093,0.084832480607361,0.186086813005446,0.337762006931837,0,2,37.52906036,127.00672913
838,838. 숙대입구역 4번출구,15260,1784,2718,3913,0.116906946264744,0.178112712975098,0.256422018348624,0,2,37.54446030,126.97238922
839,839. 보광동 삼성리버빌아파트 앞,7366,797,864,2143,0.108199837089329,0.117295682867228,0.290931306000543,0,2,37.52400970,127.00144958
840,840. 용산 파크타워 앞,5800,889,929,1783,0.153275862068966,0.160172413793103,0.307413793103448,0,2,37.52365112,126.97026825
841,841. 신용산역 1번 출구,19280,728,5057,5500,0.0377593360995851,0.262292531120332,0.285269709543568,3,2,37.52960968,126.96887207
843,843. 이태원관광특구 입구(용산구청방향),7061,265,1618,2176,0.0375300948874097,0.229146013312562,0.308171647075485,0,2,37.53379822,126.98867035
844,844. 이촌2동 동원베네스트 아파트 앞,14322,3101,1921,3750,0.216520039100684,0.134129311548666,0.261834939254294,3,1,37.52714920,126.95516205
845,845. 용산 선인상가,6915,506,2356,872,0.073174258857556,0.340708604483008,0.126102675343456,0,0,37.53269958,126.96437836
846,846. 용산중학교,12192,1764,1756,3330,0.144685039370079,0.144028871391076,0.273129921259843,0,2,37.54650116,126.98094940
848,848. 삼각지12번 출구,7791,678,1720,2244,0.0870234886407393,0.22076755230394,0.288024643819792,0,2,37.53488922,126.97562408
849,849. 삼각지 자이아파트,13871,2720,2004,4103,0.196092567226588,0.144474082618413,0.295796986518636,3,1,37.53607941,126.97341919
850,850.KCC용산웰츠(WELLTZ)타워,5669,1170,729,1621,0.206385605926971,0.128594108308344,0.285941083083436,0,1,37.53739929,126.96892548
851,851.효창 푸르지오 앞,6363,1062,970,1887,0.166902404526167,0.152443815810152,0.296558227251297,0,2,37.54047775,126.95811462
852,852. 청암자이아파트 앞,10973,1737,1842,3256,0.158297639660986,0.167866581609405,0.296728333181445,0,2,37.53452682,126.94718170
853,853.용산역 맞은편,40797,2377,7857,14407,0.0582640880456896,0.192587690271343,0.353138711179744,2,2,37.52848816,126.96584320
854,854.HID 유족동지회 앞,1734,55,308,642,0.0317185697808535,0.17762399077278,0.370242214532872,0,2,37.53872681,127.00154877
855,855.이촌역5번출구 앞,2475,247,518,840,0.0997979797979798,0.209292929292929,0.339393939393939,0,2,37.52272415,126.97277069
857,857. 현대 안성타워,3740,97,1061,1027,0.0259358288770053,0.283689839572193,0.274598930481283,0,2,37.53502274,126.99805450
858,858.녹사평역3번 출구,4509,260,994,1431,0.0576624528720337,0.220447992903083,0.317365269461078,0,2,37.53440857,126.98689270
859,859.남산공원 야외식물원 앞,2416,171,432,759,0.0707781456953642,0.178807947019868,0.314155629139073,0,2,37.54188538,126.99586487
860,860.LG한강 자이아파트 앞,15992,1794,2685,5520,0.112181090545273,0.167896448224112,0.345172586293147,3,2,37.52074814,126.97082520
863,863.이촌역2번 출구,6274,567,1437,2247,0.090372967803634,0.229040484539369,0.358144724258846,0,2,37.52177048,126.97700500
864,864.순천향대학병원(한남오거리),7566,355,1958,2146,0.0469204335183717,0.258789320644991,0.283637324874438,0,2,37.53514099,127.00600433
866,866.브라운스톤 남산아파트,8030,1515,1179,2306,0.188667496886675,0.146824408468244,0.287173100871731,0,1,37.55154800,126.97686005
867,867.서빙고역 광장(1번출구),4374,756,899,1291,0.172839506172839,0.205532693187014,0.295153177869227,0,2,37.51990891,126.98923492
869,869.노들섬 동측 앞,5662,346,1095,2284,0.0611091487107029,0.193394560226069,0.403391027905334,0,2,37.51729584,126.95914459
870,870.노들섬 서측 앞,25568,332,5135,11051,0.0129849812265332,0.200836983729662,0.432219962453066,3,2,37.51731873,126.95829773
900,900. 은평예술회관,7106,975,1422,1552,0.137207993245145,0.200112580917534,0.218406980016887,0,3,37.60394287,126.92769623
902,902. 진관동 은빛초등학교,5718,1448,616,1544,0.253235396991955,0.107729975515915,0.270024484085345,0,1,37.64310837,126.91822052
903,903. 은평뉴타운 아이파크,8710,1712,1122,2254,0.196555683122847,0.128817451205511,0.258783008036739,0,1,37.64586639,126.92739105
904,904. 은평뉴타운 푸르지오,7762,2339,747,2195,0.301339860860603,0.0962380829683071,0.282787941252255,0,1,37.64867401,126.93070221
905,905. 구파발역 2번출구,24509,1466,5725,7052,0.0598147619241911,0.233587661675303,0.287731037578033,3,2,37.63623428,126.91899872
906,906. 연신내역 5번출구,27990,1748,5236,8043,0.0624508753126116,0.187066809574848,0.287352625937835,3,2,37.61721039,126.91957855
907,907. CJ 드림시티,41059,3839,6792,12417,0.093499598139263,0.165420492462067,0.302418470980784,2,2,37.59949112,126.91686249
908,908. 구산역 4번출구,12977,1551,2077,3843,0.119519149264083,0.160052400400709,0.296139323418356,0,2,37.61318588,126.91735077
909,909. 백련산 힐스테이트 3차,6742,1683,785,1436,0.24962919015129,0.116434292494809,0.212993177098784,0,1,37.58699417,126.92288208
911,911. 은평평화공원(역촌역4번출구),21498,3271,3726,5458,0.152153688715229,0.173318448227742,0.253884082240208,3,2,37.60558319,126.92293549
912,912. 응암오거리,23391,4162,3639,6187,0.177931683125989,0.155572656149801,0.264503441494592,3,1,37.58966064,126.91694641
913,913. 이마트 버스정류장(서부경찰서 방면),22761,1623,4540,6139,0.0713061816264663,0.199463995430781,0.269715741839111,3,2,37.60070038,126.92012787
914,914. 새절역 2번출구,27913,2271,4208,8318,0.0813599398129904,0.150754128900512,0.297997348905528,3,2,37.59079742,126.91365051
915,915. 증산역 4번출구,15088,2002,2452,3984,0.132688229056204,0.162513255567338,0.264050901378579,0,2,37.58438110,126.90989685
916,916. 평생학습관 앞,13460,1430,2152,3754,0.106240713224368,0.159881129271917,0.27890044576523,0,2,37.60784912,126.92132568
917,917. 녹번역 3번출구,16534,3725,3162,3429,0.225293334946172,0.191242288617394,0.207390831014878,3,1,37.60078049,126.93521118
919,919. 서울혁신파크,6218,591,1154,1877,0.0950466387906079,0.185590221936314,0.301865551624316,0,2,37.60702515,126.93331146
921,921. 신도고등학교,1843,237,355,496,0.128594682582746,0.192620727075421,0.269126424308193,0,2,37.63001633,126.91902924
922,922. 연신내역 4번출구,6027,549,1133,1568,0.0910900945744151,0.187987390077982,0.260162601626016,0,2,37.61780167,126.92196655
923,923. 국민은행 연서지점,5964,818,749,1597,0.137156270959088,0.125586854460094,0.267773306505701,0,2,37.62094879,126.92563629
925,925. 불광역 2번출구,10055,793,2188,2535,0.07886623570363,0.217603182496271,0.252113376429637,0,2,37.60956573,126.93097687
927,927. 연신내역 3번출구 인근,4822,454,748,1248,0.0941518042306097,0.155122355868934,0.258813770219826,0,2,37.61785507,126.92252350
928,928. 은평역사한옥박물관,3275,399,588,1198,0.121832061068702,0.179541984732824,0.365801526717557,0,2,37.64131546,126.93804169
930,930. 구 서부경찰서 건너편,9508,1575,1853,2415,0.165649978965082,0.194888514934792,0.253996634413126,0,2,37.60166168,126.92030334
931,931. 역촌파출소,37199,8359,5317,9052,0.224710341675851,0.142933949837361,0.243339874727815,2,1,37.60473633,126.91533661
932,932. 예일여중,12420,923,1952,3550,0.0743156199677939,0.157165861513688,0.285829307568438,0,2,37.61000443,126.91639709
933,933. 역촌종합시장 버스정류장(예일여고 방면),20045,2732,3299,5292,0.136293339985034,0.164579695684709,0.264005986530307,3,2,37.61248398,126.91487885
937,937. 상림마을 롯데캐슬2단지 옆,1254,75,171,519,0.0598086124401914,0.136363636363636,0.413875598086124,0,2,37.64585114,126.92379761
938,938. 금암 문화공원,2190,224,394,679,0.102283105022831,0.179908675799087,0.310045662100457,0,2,37.64468384,126.91845703
939,939. 은평구청 교차로,7445,795,1833,1575,0.106783075889859,0.246205507051713,0.211551376762928,0,3,37.60169983,126.92742157
941,941. 은평뉴타운 도서관,6792,817,1171,1877,0.120288574793875,0.172408716136631,0.276354534746761,0,2,37.63722229,126.93330383
942,942. 상림마을 생태공원,4500,1179,355,1277,0.262,0.0788888888888889,0.283777777777778,0,1,37.64408112,126.92928314
943,943. 은평구청 보건소,19079,2435,3937,3538,0.127627234131768,0.206352534199906,0.185439488442791,3,3,37.60240173,126.92864990
945,945. 기자촌 사거리 A,1752,295,280,488,0.16837899543379,0.159817351598174,0.278538812785388,0,2,37.63414001,126.93234253
946,946. 독바위역,5903,703,862,1824,0.119091987125191,0.146027443672709,0.308995426054549,0,2,37.61843872,126.93288422
947,947. 연신내 선일하이츠빌 정류소,2894,581,369,753,0.200760193503801,0.127505183137526,0.260193503800968,0,1,37.62266922,126.91999054
948,948. 디지털미디어 시티역 4번출구(DMC역),8913,1130,2745,1818,0.126781106249299,0.307977112083474,0.20397172669135,0,3,37.57720184,126.90235138
949,949. 연신내역 1번 출구,14092,1336,2779,3759,0.0948055634402498,0.19720408742549,0.266747090547829,0,2,37.61978149,126.92080688
950,950. 구산역 2번 출구 예일여고 버스정류장,9349,1275,1531,2671,0.136378222269761,0.163760830035298,0.285699005241202,0,2,37.60980225,126.91679382
952,952. 서울연신중학교,6789,1614,735,1721,0.237737516570924,0.108263367211666,0.25349830608337,0,1,37.62265015,126.92524719
953,953. 서울연신초등학교,4340,614,591,1213,0.14147465437788,0.136175115207373,0.279493087557604,0,2,37.62577820,126.92881775
954,954. 은평뉴타운구파발9단지,7679,877,871,2237,0.114207579111864,0.113426227373356,0.29131397317359,0,2,37.64260864,126.92147827
956,956. 응암시장교차로,24670,5580,3311,6150,0.226185650587758,0.134211593027969,0.249290636400486,3,1,37.59441376,126.91801453
958,958. 본 서부병원 버스정류장(은평 세무서 방면),12835,1925,1926,3258,0.149980522010129,0.150058433969614,0.253837164004675,0,2,37.60036087,126.92281342
959,959. 구파발10단지 인근,4955,362,689,1586,0.0730575176589304,0.139051463168517,0.32008072653885,0,2,37.64366150,126.91455841
960,960. 구파발역 환승센터,8850,340,2495,1830,0.0384180790960452,0.281920903954802,0.206779661016949,0,3,37.63825226,126.91945648
962,962. 은평뉴타운엘크루 앞,11463,430,2001,3338,0.0375119951147169,0.174561633080345,0.291197766727733,0,2,37.63925934,126.91890717
963,963. 불광롯데캐슬아파트 앞,6684,893,884,1848,0.1336026331538,0.132256134051466,0.276481149012567,0,2,37.61442947,126.93257904
964,964. 북한산힐스테이트 7차아파트,5158,906,726,1428,0.175649476541295,0.140752229546336,0.276851492826677,0,1,37.61654282,126.92512512
965,965. 서울특별시 은평병원,6641,1211,896,1400,0.182352055413341,0.134919439843397,0.210811624755308,0,1,37.59347916,126.92318726
966,966. 서울혁신파크1,1448,103,411,410,0.0711325966850829,0.283839779005525,0.283149171270718,0,2,37.60903168,126.93467712
967,967. 서울혁신파크2,3101,126,743,822,0.0406320541760722,0.239600128990648,0.265075782005805,0,2,37.60890961,126.93241882
968,968. 은평뉴타운 상림마을 13단지,1577,376,124,401,0.238427393785669,0.0786303107165504,0.25428027901078,0,1,37.64208984,126.92941284
969,969. 은평 지웰테라스,1459,291,110,318,0.199451679232351,0.0753941055517478,0.217957505140507,0,1,37.64339447,126.93213654
971,971. 역촌 센트레빌 아파트,8296,2995,623,1890,0.361017357762777,0.0750964320154291,0.227820636451302,0,1,37.60232925,126.90654755
973,973.제각말푸르지오 5-1단지 아파트,2443,395,347,717,0.161686451084732,0.14203847728203,0.293491608677855,0,2,37.63734818,126.93584442
974,974.연신초등학교옆 마을마당,2059,391,275,571,0.189898008742108,0.133559980573094,0.277319086935406,0,1,37.62672043,126.92901611
975,975.백련산 힐스테이트상가앞,6610,2072,618,1609,0.313464447806354,0.0934947049924357,0.243419062027231,0,1,37.59036255,126.92301178
976,976.진관고등학교앞,6989,1320,825,1547,0.188868221490914,0.118042638431821,0.221347832307912,0,1,37.64350891,126.92410278
977,977.신도중학교앞,2551,445,403,706,0.174441395531164,0.157977263818111,0.276754214033712,0,2,37.63310242,126.93150330
978,978.녹번 힐스테이트상가앞,3541,362,747,944,0.102231008189777,0.210957356678904,0.266591358373341,0,2,37.60100937,126.93592834
979,979.원풍빌라앞,8245,1920,822,1869,0.232868405093996,0.0996967859308672,0.226682838083687,0,1,37.59186172,126.90608215
982,982. 녹번초등학교(서오릉로),9574,1515,1519,2491,0.158241069563401,0.158658867766869,0.260183831209526,0,2,37.60412598,126.92508698
984,984.상신초등학교앞 버스정류장,11224,2153,1375,3008,0.191821097647897,0.122505345687812,0.2679971489665,0,1,37.59580994,126.91026306
985,985. 은평세무서 버스정류장(은평구청 방면),13562,2079,2198,3190,0.153295974045126,0.162070491078012,0.235216044831146,0,2,37.60119247,126.92638397
989,989. 신응교(가좌로) 앞,15728,1931,2369,4829,0.122774669379451,0.150623092573754,0.307032044760936,3,2,37.59181213,126.91483307
991,991.흥국사 정류장,1195,106,142,429,0.0887029288702929,0.118828451882845,0.358995815899582,0,2,37.65676880,126.94200897
992,992.북한산입구 정류장,2066,90,244,931,0.0435624394966118,0.11810261374637,0.450629235237173,0,2,37.65828705,126.94529724
993,993.은평뉴타운 은뜨락아파트앞,5772,677,1098,1440,0.117290367290367,0.19022869022869,0.249480249480249,0,2,37.63028717,126.91956329
994,994.북한산생태공원입구(교통섬),2865,500,438,723,0.174520069808028,0.152879581151832,0.252356020942408,0,1,37.61050797,126.93853760
995,995.은평다목적체육관,4922,963,614,1123,0.195652173913043,0.124746038195855,0.22815928484356,0,1,37.63140869,126.92540741
996,996.응암역2번출구 국민은행 앞,41248,3683,8275,11451,0.0892891776570985,0.200615787432118,0.277613460046548,2,2,37.59996796,126.91572571
1001,1001. 광진교 남단 사거리(천호공원 방면),18948,1872,2950,5823,0.0987967067764408,0.155689254802618,0.307314756174794,3,2,37.54179382,127.12474823
1002,1002. 해공공원(천호동),23082,4366,2788,6658,0.189151719954943,0.120786760246079,0.288449874360974,3,1,37.54526520,127.12593842
1003,1003. 해공도서관앞,15571,2519,2440,4254,0.161775094727378,0.156701560593411,0.273200179821463,3,2,37.54395676,127.12548828
1004,1004. 삼성광나루아파트 버스정류장,17732,2330,2745,5433,0.131400857207309,0.154804872546808,0.30639521768554,3,2,37.55332947,127.12886810
1006,1006. 롯데캐슬 115동앞,2423,386,396,630,0.159306644655386,0.163433759801898,0.260008254230293,0,2,37.55486679,127.14279938
1007,1007.암사동 선사유적지,3458,180,388,1406,0.0520532099479468,0.112203585887796,0.406593406593407,0,2,37.55955887,127.13087463
1008,1008. 암사역 3번출구(국민은행앞),37812,5471,6171,10141,0.144689516555591,0.163202158045065,0.268195281921083,2,2,37.54935455,127.12708282
1009,1009. 천호역4번출구(현대백화점),57506,4566,14003,16393,0.0794004103919591,0.24350502556255,0.285065906166313,2,2,37.53866577,127.12424469
1010,1010. 강동세무서,39256,5086,7531,9513,0.129559812512737,0.191843285102914,0.242332382310984,2,3,37.53450775,127.13840485
1011,1011. LIGA 아파트 앞,44309,7658,7111,10755,0.172831704619829,0.16048658286127,0.242727211176059,2,1,37.53474426,127.13528442
1012,1012. 천호역효성해링턴타워 앞,34325,3775,6419,8662,0.109978150036417,0.187006554989075,0.252352512745812,3,2,37.53600693,127.12272644
1013,1013. 강동구청역 1번 출입구,31786,5276,7048,6811,0.165985024853709,0.221732838356509,0.214276725602466,3,3,37.53071594,127.12098694
1015,1015. 샛마을 근린공원,6407,925,894,1910,0.144373341657562,0.13953488372093,0.298111440611831,0,2,,
1016,1016. 해뜨는 주유소옆 리엔파크 109동앞,10841,1754,1745,2778,0.161793192509916,0.160963010792362,0.256249423484918,0,2,37.55939865,127.17118073
1017,1017. 둔촌고교입구 교차로(길동주민센터 방면),19702,3143,3256,5423,0.15952695157852,0.165262409907624,0.275251243528576,3,2,37.53544617,127.14518738
1018,1018. 둔촌 주공 GS 맞은편,30598,5151,4412,8331,0.168344336231126,0.144192430877835,0.272272697561932,3,2,37.52458954,127.13542175
1019,1019. 다성이즈빌아파트(호원대 대각선 맞은편),51646,10806,8355,12228,0.209232079928746,0.161774387174225,0.23676567401154,2,1,37.52679443,127.13005829
1020,1020. 강동경찰서,48978,9883,7768,9830,0.201784474662093,0.158601821225857,0.200702356159909,2,1,37.52825165,127.12680054
1021,1021. 강일동 리슈빌 빌딩앞,20989,4749,2818,4352,0.226261375005956,0.134260803277907,0.207346705417123,3,1,37.56427383,127.17397308
1022,1022. 길동 사거리(초소앞),20648,3452,3705,4776,0.167183262301434,0.179436265013561,0.231305695466873,3,3,37.53377914,127.13799286
1023,1023. 한국종합기술사옥 앞,27040,1547,11342,2824,0.0572115384615385,0.419452662721893,0.104437869822485,3,0,37.54998398,127.17470551
1024,1024.  강동구청 앞,42209,5775,9272,9592,0.13681916179014,0.219668791016134,0.227250112535241,2,3,37.52929688,127.12315369
1025,1025. 상일초등학교,6700,735,2213,1177,0.109701492537313,0.330298507462687,0.175671641791045,0,0,37.54684067,127.17251587
1026,1026. 대명초교 입구 교차로,1,1,0,0,1,0,0,0,1,37.54653549,127.15583801
1027,1027. 프라자 아파트 앞,12096,2869,1459,3086,0.237185846560847,0.120618386243386,0.255125661375661,0,1,37.53596115,127.14781952
1028,1028. 포레스 주상복합 빌딩,23016,3488,3765,5800,0.151546750086896,0.163581856100104,0.251998609662843,3,2,37.53310776,127.12277222
1029,1029. 성내어울터,38449,2279,7437,11443,0.0592733231033317,0.193425056568441,0.297615022497334,3,2,37.53655624,127.12553406
1030,1030. 미호 플랜트 앞,18118,3250,3250,4870,0.179379622474887,0.179379622474887,0.268793465062369,3,1,37.52703094,127.12206268
1031,1031. 올림픽로 836(아리수로),6983,930,1431,1762,0.133180581412001,0.204926249462982,0.252327080051554,0,2,37.55582047,127.12991333
1032,1032. 선사고등학교,6523,1155,1066,1622,0.177065767284992,0.163421738463897,0.248658592672083,0,1,37.55672836,127.13626099
1033,1033. 고덕동 아남아파트,20081,5292,2118,4870,0.26353269259499,0.105472835018176,0.242517802898262,3,1,37.55793381,127.14476776
1034,1034. 고덕동 래미안 힐스테이트,6673,1830,744,1650,0.274239472501124,0.111494080623408,0.247265098156751,0,1,37.56187820,127.15078735
1036,1036. 고덕동 주양쇼핑,11788,1023,2165,3448,0.086783169324737,0.183661350525959,0.292500848320326,0,2,37.55199051,127.15331268
1037,1037. 강일리버파크 6단지,2847,520,316,772,0.182648401826484,0.110994028802248,0.271162627327011,0,1,37.56256485,127.17761230
1038,1038. 강일 다솜 어린이 공원,3788,702,502,911,0.18532206969377,0.132523759239704,0.240496304118268,0,1,37.56863785,127.17480469
1039,1039. 고덕초등학교,2976,754,380,793,0.253360215053763,0.127688172043011,0.266465053763441,0,1,37.56129837,127.16784668
1041,1041. 묘곡초등학교,7638,1400,1137,1927,0.183294056035611,0.148860958366064,0.252291175700445,0,1,37.55916214,127.15332031
1042,1042. 강일리버파크 2~5단지,5967,1288,1056,1486,0.215853862912686,0.176973353443942,0.249036366683426,0,1,37.56854630,127.17700958
1044,1044. 굽은다리역,46104,5723,7899,12428,0.12413239632136,0.171330036439355,0.269564462953323,2,2,37.54540634,127.14267731
1048,1048. 둔촌어린이공원,25500,4943,3689,6641,0.193843137254902,0.144666666666667,0.26043137254902,3,1,37.53099442,127.14237213
1049,1049. 강일리버파크 10단지,5731,1345,513,1461,0.234688536032106,0.089513173966149,0.254929331704764,0,1,37.56120300,127.18026733
1050,1050.  둔촌역 3번 출입구,60119,8242,10510,15189,0.137094762055257,0.174819940451438,0.252648912989238,2,2,37.52678299,127.13557434
1051,"""1051. 강일중,선사고 버스정류장(신암중학교 방면)""",8783,870,1284,2468,0.0990549925993396,0.146191506319025,0.280997381304793,0,2,37.55483627,127.13732147
1053,1053. 동명근린공원 진입로 (아리수로),2993,587,453,685,0.196124290010023,0.15135315736719,0.228867357166722,0,1,37.56254578,127.16448212
1056,1056. 강일리버파크 7~11단지,5798,1677,657,1424,0.289237668161435,0.113314936184891,0.245601931700586,0,1,37.56335449,127.17905426
1057,1057. 능골근린공원,7898,1552,1369,1512,0.196505444416308,0.173335021524437,0.191440871106609,0,1,37.55580902,127.17374420
1058,1058. 고덕숲 아이파크 1,3696,763,450,1003,0.206439393939394,0.121753246753247,0.271374458874459,0,1,37.55348206,127.16505432
1059,1059. 래미안 강동팰리스(102동),19758,3268,2987,5400,0.165401356412592,0.151179269156797,0.273307014880049,3,2,37.53822708,127.13174438
1060,1060. 천일초교 사거리,9520,1345,1671,2550,0.141281512605042,0.175525210084034,0.267857142857143,0,2,37.54467010,127.13267517
1061,1061. 천호초교 입구 사거리(일주빌딩),12353,2261,1910,3250,0.183032461750182,0.154618311341375,0.263093985266737,0,1,37.54689789,127.13466644
1063,1063.강동롯데캐슬퍼스트 아파트(관리동),5890,1177,760,1960,0.199830220713073,0.129032258064516,0.33276740237691,0,1,37.55666351,127.14273834
1064,1064.중앙보훈병원역 1번출구,6396,765,1217,1732,0.119606003752345,0.190275171982489,0.270794246404003,0,2,37.52779388,127.14764404
1065,1065.보훈병원 후문옆(더 원커피),8458,1065,1985,1736,0.125916292267676,0.234689051785292,0.205249467959328,0,3,37.53120804,127.14926910
1066,1066.생태공원앞 교차로(조명탑),1447,265,249,436,0.183137525915688,0.172080165860401,0.301313061506565,0,2,37.53776550,127.15201569
1067,1067.한영중고앞사거리,6169,821,941,1575,0.133084778732372,0.152536877938077,0.255308802074891,0,2,37.54903412,127.15605164
1068,1068.명일파출소,10866,1150,2028,2710,0.105834713786122,0.186637217007178,0.249401803791644,0,2,37.55364990,127.15622711
1070,1070.(시립)고덕평생학습관,12432,1071,2058,3087,0.0861486486486486,0.165540540540541,0.248310810810811,0,2,37.55570221,127.15792084
1072,1072.고덕역 5번출구,22238,1747,4584,6353,0.0785592229517043,0.20613364511197,0.28568216566238,3,2,37.55486298,127.15372467
1073,1073. SSTS 몰 앞,8644,1381,1092,2460,0.159763998149005,0.126330402591393,0.284590467376215,0,2,37.54114532,127.14105225
1074,1074.대명초교입구 사거리,15505,2939,1793,4277,0.189551757497581,0.115640116091583,0.275846501128668,3,1,37.54683685,127.14916229
1075,1075.천동초교 삼거리,22446,5805,2920,5444,0.258620689655172,0.130089993762809,0.242537645905729,3,1,37.54136276,127.13718414
1076,1076. 천동초교입구사거리 버스정류장(십자성마을 방면),24714,3835,4014,6873,0.155175204337622,0.162418062636562,0.278101480941976,3,2,37.53989410,127.14103699
1077,1077.강동역 1번출구 앞,31858,6170,5355,7248,0.193671919141189,0.168089647812166,0.227509573733442,3,1,37.53627014,127.13246918
1078,1078.둔촌사거리,49945,7191,7127,15458,0.143978376213835,0.14269696666333,0.309500450495545,2,2,37.52197647,127.13362122
1079,1079.강일동입구교차로,12108,3091,1699,3028,0.255285761480013,0.140320449289726,0.250082590023125,0,1,37.56184387,127.17084503
1080,1080.천호지하주차장 5번 출입구,20552,2772,3271,5394,0.134877384196185,0.159157259634099,0.262456208641495,3,2,37.53683090,127.12841797
1081,1081.트레빌빌딩,20366,2458,3405,5550,0.120691348325641,0.167190415398213,0.272513011882549,3,2,37.53699875,127.12953186
1083,1083.광문고교사거리(아이파크),7120,903,1149,1801,0.126825842696629,0.161376404494382,0.252949438202247,0,2,37.56036758,127.15659332
1084,1084. 윤선생빌딩(JYP사옥),46577,5376,11627,11353,0.115421774695665,0.249629645533203,0.243746913712777,2,3,37.52392960,127.12912750
1085,1085.래미안 솔베뉴(고덕로),12581,1930,2183,3064,0.153405929576345,0.173515618790239,0.243541848819649,0,2,37.55456924,127.14587402
1086,1086.래미안 솔베뉴(구천면로),8182,1011,1270,2322,0.12356392080176,0.155218772916157,0.283793693473478,0,2,37.55059814,127.14545441
1088,1088.풍납사거리(강동),19793,2859,4262,4713,0.144445005810135,0.215328651543475,0.238114484918911,3,3,37.52812195,127.11952209
1089,1089.고덕 래미안힐스테이트(201동),8347,2037,863,2027,0.244039774769378,0.103390439678927,0.242841739547143,0,1,37.56060028,127.14669800
1090,1090.상일동역 2번출구 앞,23384,3785,5759,4883,0.161862812179268,0.246279507355457,0.2088179952104,3,3,37.55678940,127.16614532
1101,1101. 상사마을 버스정류장(아라대교방면),2236,403,418,481,0.180232558139535,0.186940966010733,0.215116279069767,0,3,37.58161163,126.79859924
1102,1102. 방화사거리 마을버스 버스정류장,28997,3175,4816,7623,0.109494085595062,0.166086146842777,0.262889264406663,3,2,37.57364273,126.81180573
1103,1103. 방화역 4번출구앞,36427,5298,6145,9211,0.145441568067642,0.168693551486535,0.252861888159881,3,2,37.57710648,126.81199646
1105,1105. 방화근린공원,6014,691,699,2357,0.114898570003326,0.116228799467908,0.39191885600266,0,2,37.58162308,126.81265259
1106,1106. 신방화사거리,39587,7492,6839,9917,0.189254048046076,0.172758733927805,0.250511531563392,2,1,37.57256317,126.81642151
1108,1108. 공항시장역 2번출구 뒤,16891,3165,2272,4577,0.18737789355278,0.134509502101711,0.270972707358949,3,1,37.56387329,126.81060791
1109,1109. 공항시장역 4번출구,8186,1396,1165,2174,0.170535059858295,0.142316149523577,0.265575372587344,0,1,37.56334686,126.81048584
1110,1110. 공항중학교앞,13531,4120,1263,2979,0.304485995122312,0.0933412164658931,0.220161111521691,0,1,37.56220245,126.81624603
1111,1111. 마곡엠밸리6_7단지 마곡중학교,32457,4876,4888,8886,0.150229534460979,0.150599254398127,0.273777613457806,3,2,37.56698227,126.82180023
1112,1112. 마곡엠밸리4단지 정문,54666,7179,11168,13018,0.13132477225332,0.204295174331394,0.238137050451835,2,3,37.56857681,126.82477570
1113,1113. 서남환경공원 버스정류장,35265,9048,4635,8900,0.256571671629094,0.13143343258188,0.252374875939317,2,1,37.57312393,126.82238770
1117,1117. 등촌5단지아파트 버스정류장,45000,6543,8904,9777,0.1454,0.197866666666667,0.217266666666667,2,3,37.55819702,126.84426117
1118,1118. 증미역 3번출구뒤(등촌두산위브센티움오피스텔),39073,5942,10216,7939,0.152074322422133,0.261459319734855,0.203183784198807,2,3,37.55746078,126.86145782
1119,1119. 염창동 한마음아파트 앞,14981,2403,2347,4241,0.160403177357987,0.156665109138242,0.283091916427475,3,2,37.55425262,126.86756134
1120,1120. 대림경동아파트앞,26199,6890,3287,6476,0.262987136913623,0.125462803923814,0.247185007061338,3,1,37.56478500,126.85464478
1121,1121. 가양레포츠센터 앞,20015,1936,3788,5765,0.0967274544091931,0.189258056457657,0.288033974519111,3,2,37.55947876,126.86437988
1124,1124. 발산역 6번 출구 뒤,72977,8440,16093,18731,0.115652876933828,0.220521534182003,0.256669909697576,2,2,37.55817795,126.83845520
1126,1126. 우장산역 1번출구옆(우장산아이파크105동앞),23199,1690,4415,6315,0.0728479675848097,0.190309927152032,0.272210009052114,3,2,37.54890823,126.83656311
1127,1127. 화곡역 버스정류장,12410,1473,2237,3137,0.118694601128122,0.180257856567284,0.252780016116035,0,2,37.54098129,126.83854675
1128,1128. 화곡역 6번출구,17611,2800,3311,4292,0.158991539378797,0.188007495315428,0.243711316790642,3,3,37.54141235,126.84022522
1129,1129. 화곡역 1번 출구 앞,16581,1937,3361,3971,0.11682045714975,0.202701887702792,0.239490983655992,3,3,37.54209900,126.84021759
1130,1130. 화곡본동시장 버스정류장,5810,868,980,1428,0.149397590361446,0.168674698795181,0.24578313253012,0,2,37.54275131,126.84262085
1132,1132. 등촌역 7번출구,24986,5138,3868,5630,0.205635155687185,0.154806691747379,0.225326182662291,3,1,37.55110931,126.86370850
1135,1135. 강서구의회,25868,6358,3343,6043,0.245786299675274,0.129233029225298,0.233609092314829,3,1,37.54653168,126.86254883
1136,1136. 등촌2파출소,7281,1301,932,1816,0.178684246669414,0.128004395000687,0.249416288971295,0,1,37.54478836,126.86199951
1137,1137. 등촌2동주민센터,4167,913,486,816,0.219102471802256,0.116630669546436,0.195824334053276,0,1,37.54126358,126.86337280
1139,1139. 용문사 버스정류장,9264,2153,1078,2007,0.232405008635579,0.116364421416235,0.216645077720207,0,1,37.53852081,126.86343384
1140,1140. 목동사거리 버스정류장,28378,5850,4318,6601,0.206145605750934,0.152160124039749,0.232609768130242,3,1,37.53139877,126.86360931
1141,1141. 곰달래 문화복지센터 A,18050,3284,2861,4672,0.181939058171745,0.158504155124654,0.258836565096953,3,1,37.52906036,126.84848022
1145,1145. 곰달래 문화복지센터 B,10410,1278,1355,2927,0.122766570605187,0.13016330451489,0.281171950048031,0,2,37.52891922,126.84808350
1148,1148. 볏골공원,13638,4078,1595,3382,0.299017451239185,0.116952632350785,0.247983575304297,3,1,37.54146957,126.84477997
1149,1149. 신방화역환승주차장,44051,5484,9549,10568,0.124492066014392,0.216771469433157,0.239903747928537,2,3,37.56728363,126.81827545
1150,1150. 송정역 1번출구,34775,5832,6910,7868,0.167706685837527,0.198705966930266,0.226254493170381,3,3,37.56153107,126.81069946
1151,1151. 마곡역1번출구,59399,10580,14417,12449,0.178117476725197,0.242714523813532,0.209582652906615,2,3,37.56020737,126.82414246
1152,1152. 마곡역교차로,54446,7831,14814,10355,0.143830584432282,0.272086103662344,0.190188443595489,2,3,37.55831146,126.82652283
1153,"""1153. 발산역 1번, 9번 인근 대여소""",96067,11272,18663,21977,0.117334776770379,0.194270665264867,0.228767422736215,2,3,37.55894852,126.83717346
1155,1155. 기쁜우리복지관,29225,6954,3950,6402,0.237946963216424,0.135158254918734,0.219059024807528,3,1,37.56925964,126.84841919
1157,1157. 강서구청,46181,13367,7786,9111,0.289448041402308,0.168597475152119,0.197288928347156,2,1,37.55065918,126.84976959
1158,1158. 가양역 8번출구,51228,7541,11021,11453,0.147204653705005,0.215136253611306,0.223569141875537,2,3,37.56103516,126.85481262
1159,1159. 서서울모터리움 앞,9038,732,3412,1179,0.0809913697720735,0.377517149811905,0.130449214427971,0,0,37.56585312,126.84659576
1160,1160. 양천향교역 7번출구앞,67279,11227,13835,14595,0.166872278125418,0.205636231216278,0.216932475215149,2,3,37.56768036,126.84089661
1161,1161. 강서면허시험장 앞,4925,376,894,813,0.0763451776649746,0.181522842639594,0.16507614213198,0,3,37.54969406,126.81966400
1162,1162. 공항초등학교건너편,31900,7710,4469,8382,0.241692789968652,0.140094043887147,0.262758620689655,3,1,37.56267929,126.82047272
1163,1163. 방화동강서기동대앞,32744,7729,4229,7724,0.23604324456389,0.129153432689958,0.235890544832641,3,1,,
1165,1165. 마곡중학교 후문,19708,3853,2517,4991,0.195504363710168,0.127714633651309,0.253247412218388,3,1,37.56844711,126.82164764
1166,1166. 강서구립등빛도서관,67255,14860,10681,16184,0.220950115233068,0.158813471117389,0.240636383911977,2,1,37.56256866,126.84246063
1167,1167. 마곡수명산파크3단지 교차로,48269,11927,7364,11482,0.247094408419482,0.152561685553875,0.237875240837805,2,1,37.55350876,126.82586670
1168,1168. 마곡엠밸리10단지 앞,23417,5497,3185,5069,0.234743989409403,0.136012298757313,0.216466669513601,3,1,37.56029129,126.81875610
1169,1169. 염창역 1번 출구,26184,3054,7040,6243,0.116636113657195,0.26886648334861,0.238428047662695,3,3,37.54719925,126.87448883
1170,1170. 강서구보건소,9850,1188,1518,2471,0.120609137055838,0.154111675126904,0.250862944162437,0,2,37.54917908,126.86879730
1171,1171. 염창동 새마을금고 건너편,12401,2494,1488,3054,0.201112813482784,0.119990323361019,0.246270462059511,0,1,37.55004883,126.87316132
1172,1172. 가양3동 주민센터,21301,3861,4221,4813,0.181259095817098,0.198159710811699,0.225951833247265,3,3,37.56124878,126.86058044
1173,1173. 강서구청사거리(SH타워),44097,11201,6257,10478,0.254008209175227,0.14189173866703,0.237612536000181,2,1,37.55673599,126.85307312
1174,1174. 강서구청사거리(부민병원),21059,6213,2725,4035,0.295028253953179,0.129398356997008,0.191604539626763,3,1,37.55661392,126.85116577
1175,1175. 대한항공 인력개발센터,14828,2496,2690,3226,0.16833018613434,0.181413541947667,0.217561370380361,0,3,37.55437851,126.85753632
1177,1177. 수명중?고교,24259,7808,2623,4276,0.321859928274043,0.108124819654561,0.176264479162373,3,1,37.55010986,126.82367706
1178,1178. 개화산역 2번 출구,11504,1649,2178,2982,0.143341446453408,0.18932545201669,0.259214186369958,0,2,37.57247162,126.80616760
1180,1180. 마곡엠밸리 15단지(1502동) 건너편,34233,6032,6864,6853,0.176204247363655,0.20050828148278,0.200186954108609,3,3,37.55746841,126.82971954
1181,1181. 농수산식품공사 (강서지사),4160,210,1462,365,0.0504807692307692,0.351442307692308,0.0877403846153846,0,0,37.55104446,126.81849670
1182,1182. KBS 스포츠월드,43259,9550,7102,8005,0.220763309369149,0.164173929124575,0.185048198062831,2,1,37.55687714,126.84880829
1183,1183. 강서대학교,6070,1742,896,1220,0.286985172981878,0.147611202635914,0.200988467874794,0,1,37.54832077,126.85340118
1184,1184. 마곡13단지,47319,15621,5526,10976,0.330121093007037,0.116781842388892,0.231957564614637,2,1,37.55644989,126.81597900
1185,1185. 등촌9단지,22847,5261,3829,4878,0.230270932726397,0.167593119446755,0.213507243839454,3,1,37.56290054,126.84947205
1186,1186. 송정중학교,12691,3035,1842,2840,0.239145851390749,0.14514222677488,0.223780631943897,0,1,37.55472946,126.81609344
1187,1187. 강서수산물도매시장,11874,1367,2706,2466,0.115125484251305,0.22789287518949,0.207680646791309,0,3,37.55302048,126.81836700
1188,1188. 롯데중앙연구소,3789,307,1736,495,0.0810240168910003,0.458168382158881,0.130641330166271,0,0,37.57138062,126.82833862
1190,1190. 마곡역 교차로(2번출구),51145,6189,13143,11983,0.121008896275296,0.256975266399453,0.234294652458696,2,3,37.56050110,126.82665253
1191,"""1191. 마곡역 버스정류장(마곡나루역1번출구, 웰튼병원 방면)""",43710,4392,9555,11050,0.100480439258751,0.21859986273164,0.252802562342713,2,2,37.56024170,126.82716370
1192,1192. 마곡수명산파크 209동 건너편,36331,10577,4596,8223,0.291128788087308,0.12650353692439,0.22633563623352,2,1,37.55545044,126.82689667
1193,1193. 마곡센트럴타워 1차,32767,1045,10278,5738,0.0318918424024171,0.313669240394299,0.175115207373272,3,0,37.55947113,126.83207703
1195,1195. 코오롱One&Only타워,25022,903,11958,1576,0.0360882423467349,0.477899448485333,0.0629845735752538,3,0,37.56412888,126.83431244
1196,1196. 서울식물원(문화센터) 건너편,10682,1993,4003,1250,0.186575547650253,0.374742557573488,0.117019284778131,0,0,37.56824112,126.83583069
1197,1197. 엠펠리체 호텔 건너편,24163,1940,5673,5823,0.0802880437031826,0.234780449447502,0.240988287878161,3,3,37.56024170,126.83580780
1198,1198. LG 사이언스파크,29807,6771,10230,3018,0.227161405039085,0.343207971281914,0.10125138390311,3,0,37.56254959,126.82743835
1199,1199. 우장산역 3번출구,17291,2081,2965,4395,0.120351628014574,0.171476490659881,0.254178474350818,3,2,37.54782104,126.83612823
1200,1200. 개화광역환승센터,4238,340,1213,921,0.0802265219443134,0.286219915054271,0.217319490325625,0,3,37.57844925,126.79897308
1201,1201. 가락시장역 3번 출구,20652,3141,4550,3900,0.152091807088902,0.220317644780167,0.188843695525857,3,3,37.49317932,127.11854553
1203,1203. 밀리아나2빌딩 앞,13404,915,3304,2642,0.0682632050134288,0.246493584004775,0.197105341689048,0,3,37.49372864,127.12062073
1204,1204. 거여역 3번출구,16652,1766,3168,4079,0.106053326927696,0.1902474177276,0.244955560893586,3,2,37.49334335,127.14472961
1205,1205. 종합운동장역 4번출구,17176,1835,4754,4631,0.106835118770377,0.276781555659059,0.269620400558919,3,3,37.51042938,127.07137299
1206,1206. 9호선종합운동장역 9번출구,16023,2482,3700,3741,0.154902327903639,0.230918055295513,0.233476876989328,3,3,37.51128006,127.07823944
1207,1207. 마천중앙시장,6547,1260,800,1789,0.192454559340156,0.122193371009623,0.273254925920269,0,1,37.49975586,127.15250397
1208,1208. 풍납현대아파트쉼터,31931,5758,5669,7770,0.180326328646143,0.177539068616705,0.243337195828505,3,1,37.52974701,127.11996460
1209,1209. 잠실나루역 (2번 출구 쪽),41960,8354,10266,8895,0.199094375595806,0.244661582459485,0.211987607244995,2,3,37.52045059,127.10420227
1210,1210. 롯데월드타워(잠실역2번출구 쪽),122673,15850,36630,31317,0.129205285596668,0.298598713653371,0.255288449781125,1,3,37.51312637,127.10095978
1212,1212. 송파역 2번 출구앞,18188,3002,4054,3898,0.165053881680229,0.222894215966571,0.21431713217506,3,3,37.49941254,127.11286926
1213,1213. 백토공원 앞,4192,1050,572,1028,0.250477099236641,0.136450381679389,0.245229007633588,0,1,37.50831985,127.13321686
1214,1214. 오금역 7번 출구 인근,9156,1963,1402,1951,0.214394932284841,0.153123634775011,0.213084316295325,0,1,37.50259399,127.12764740
1215,1215. 올림픽공원역 1번출구 앞,24511,2731,4934,6313,0.111419362735099,0.201297376688018,0.257557831177839,3,2,37.51657104,127.13153839
1217,1217. 송파파인타운 7단지,10147,1311,1766,2726,0.129200748989849,0.174041588646891,0.268650832758451,0,2,37.47930527,127.12979889
1218,1218. 방이역 4번출구,31988,2691,6270,9586,0.0841252969863699,0.196011004126547,0.29967487807928,3,2,37.50896835,127.12583923
1220,1220. 잠실근린공원,29528,6316,4416,7976,0.213898672446491,0.149552966675698,0.270116499593606,3,1,37.50569153,127.08403778
1221,1221. 삼전역 4번출구,22465,3849,3491,6125,0.171333184954373,0.155397284665034,0.272646338749165,3,2,37.50419998,127.08753204
1222,1222. 잠실새내역 5번 출구 뒤,55811,5087,10775,15798,0.0911469065238036,0.193062299546684,0.283062478722832,2,2,37.51198196,127.08505249
1224,1224. 아시아지하보도 2번 출구,20358,2592,3638,5704,0.127320954907162,0.178701247666765,0.280184693977797,3,2,37.51216888,127.07893372
1226,1226. 잠실4동 주민센터 옆,31070,6694,5396,7628,0.215448986160283,0.173672352751851,0.245510138397168,3,1,37.52007675,127.11236572
1227,1227. 거여역 8번출구 뒤,14850,3251,3210,2960,0.218922558922559,0.216161616161616,0.199326599326599,3,3,37.49312592,127.14382172
1228,1228. 마천사거리,8831,1843,1288,2465,0.208696636847469,0.14584984712943,0.279130336315253,0,1,37.49769974,127.14620209
1229,1229. 송파체육문화회관 앞,13731,2667,2296,2141,0.194232029713786,0.167212875974073,0.15592455028767,0,3,37.49068832,127.14312744
1230,1230. 송파중학교 정문,6368,656,969,2010,0.103015075376884,0.152167085427136,0.315640703517588,0,2,37.49567032,127.13059235
1231,1231. 잠실역 6번출구,37792,3130,9340,10498,0.0828217612193057,0.247142252328535,0.277783657917019,2,2,37.51408768,127.09902954
1232,1232. 잠실주공 521동 건너편,35111,2186,7841,10875,0.0622596906952237,0.22332032696306,0.309731992822762,3,2,37.51184082,127.09568787
1233,1233. 잠실3거리(갤러리아팰리스),14047,1605,2389,3756,0.114259272442514,0.170071901473624,0.267388054388837,0,2,37.51050949,127.09336853
1235,1235. 잠실트리지움310동 옆,27863,2727,4725,8253,0.0978717295337903,0.169579729390231,0.29619926066827,3,2,37.50887299,127.08716583
1239,1239. 문정 법조단지3,9309,2090,2281,1869,0.224513911268665,0.245031689762595,0.200773445053174,0,3,37.48084259,127.11801147
1240,1240. 문정 법조단지4,8582,1620,1561,2119,0.188767187135866,0.18189233278956,0.246912141691913,0,1,37.48057556,127.11856842
1241,1241. 문정 법조단지5,7020,1291,1314,1769,0.183903133903134,0.187179487179487,0.251994301994302,0,1,37.48123932,127.11979675
1242,1242. 문정 법조단지6,1719,276,502,358,0.160558464223386,0.292030250145433,0.20826061663758,0,3,37.48163223,127.11916351
1243,1243. 문정 법조단지7,28726,2518,9964,4354,0.0876557822181995,0.346863468634686,0.1515700062661,3,0,37.48453140,127.12016296
1244,1244. 문정 법조단지8,31879,3549,5473,9480,0.111327205997679,0.171680416575175,0.297374447128204,3,2,37.48153687,127.12212372
1245,1245. 문정 법조단지9,17754,2632,3582,5187,0.148248282077278,0.201757350456235,0.292159513349104,3,2,37.47946548,127.12532806
1246,1246. 문정 법조단지10,22990,2927,6980,4904,0.127316224445411,0.303610265332753,0.213310134841235,3,3,37.47750854,127.12632751
1247,1247. 문정 법조단지11,9491,1028,2139,2565,0.108313138763039,0.225371404488463,0.270256032030345,0,2,37.47882080,127.12351227
1248,1248. 방이초등학교,28818,3809,5331,7968,0.132174335484766,0.184988548823652,0.276493858005413,3,2,37.51396179,127.12167358
1250,1250.문정2동 주민센터,1923,319,217,446,0.165886635465419,0.112844513780551,0.231929277171087,0,1,37.48987198,127.11083984
1251,1251. 석촌역 2번출구,34142,3435,6368,9909,0.100609220315154,0.186515142639564,0.290229043406947,3,2,37.50593185,127.10774994
1253,1253. 오금역 3번 출구 뒤,7923,1418,1431,1705,0.178972611384577,0.180613404013631,0.215196264041398,0,3,37.50165176,127.12818146
1256,1256. 문정현대아파트 교차로,8310,1201,1559,1927,0.144524669073406,0.187605294825511,0.231889290012034,0,3,37.49113083,127.12580872
1257,1257. 가락시장역 사거리,8001,2687,1385,1269,0.335833020872391,0.17310336207974,0.158605174353206,0,1,,
1258,1258. 가락미륭아파트 앞,5166,750,817,1449,0.145180023228804,0.158149438637244,0.280487804878049,0,2,37.49319839,127.12899780
1259,1259. 방이역 1번출구,20861,2359,3718,5598,0.113081827333301,0.17822731412684,0.268347634341594,3,2,37.50898361,127.12659454
1260,1260. 방이동 한양3차아파트 옆,16971,2520,3051,4427,0.148488598196924,0.179777267102705,0.260856755641977,3,2,37.50630188,127.12139893
1262,1262. 송파여성문화회관 앞,28612,4530,4873,7077,0.158325178246889,0.170313155319446,0.247343771843982,3,2,37.50580215,127.10971832
1263,1263. 장지공영차고지,3917,684,484,712,0.174623436303293,0.123563952004085,0.181771764105183,0,1,37.48054123,127.13701630
1264,1264. 천호역 10번 출구 앞,40738,6028,9776,10032,0.147969954342383,0.239972507241396,0.246256566350827,2,3,37.53858185,127.12280273
1265,1265. 문정동 근린공원,16751,3169,2724,3790,0.189182735359083,0.162617157184646,0.226255148946332,3,1,37.48598862,127.12476349
1266,1266. 문정동 글샘 공원,8006,954,1916,1898,0.119160629527854,0.239320509617787,0.23707219585311,0,3,37.47880936,127.12000275
1267,1267. 올림픽공원 남2문 앞,16131,2474,2582,5269,0.153369288946749,0.1600644721344,0.326638150145682,3,2,37.51424026,127.12306976
1268,1268. 몽촌토성역 1번출구 옆,12250,1482,2223,4234,0.120979591836735,0.181469387755102,0.345632653061224,0,2,37.51728821,127.11419678
1269,1269. 리센츠아파트,22859,2838,3601,6610,0.124152412616475,0.157530950610263,0.289164005424559,3,2,37.51194382,127.09121704
1271,1271. 송파도서관,12839,908,2468,3740,0.07072201884882,0.192226808941506,0.29129994547862,0,2,37.49998474,127.13539124
1274,1274. 영파여고 앞,18025,2531,2658,3739,0.140416088765603,0.14746185852982,0.207434119278779,3,3,37.53284836,127.12104797
1275,1275. 거여초등학교 옆,6142,1342,802,1609,0.218495604037773,0.130576359492022,0.261966786063172,0,1,37.50458908,127.13936615
1277,1277. 성내7교,13060,2672,1594,3201,0.204594180704441,0.122052067381317,0.24509954058193,0,1,37.50562668,127.13642120
1278,1278. 송파구청 교차로,20702,2499,4895,5538,0.120712974591827,0.236450584484591,0.267510385470003,3,2,37.51579666,127.10681915
1279,1279. 마천금호어울림 1차아파트 건너편,5076,966,949,1280,0.190307328605201,0.186958234830575,0.252167060677699,0,1,37.49751663,127.15467834
1280,1280. 송파파크데일 2단지입구 앞 주차장,481,84,56,112,0.174636174636175,0.116424116424116,0.232848232848233,0,1,37.49565887,127.15717316
1282,1282. 송파소방서 맞은편(성내4교),16968,3970,2345,4426,0.233969825553984,0.138201320132013,0.260843941537011,3,1,37.49987411,127.14147949
1283,1283. 오금공원 사거리,1889,249,317,550,0.131815775542615,0.167813658020116,0.291159343568025,0,2,37.50541306,127.13169098
1285,1285. 위례별 유치원 뒤,5328,1459,768,1352,0.273836336336336,0.144144144144144,0.253753753753754,0,1,37.47747040,127.14459229
1286,1286. 위례중앙푸르지오 1단지 앞,12255,1335,1687,3431,0.108935128518972,0.13765809873521,0.279967360261118,0,2,37.47437668,127.14067078
1287,1287. 위례아이파크 101동 맞은편,6908,1546,1064,1964,0.223798494499131,0.154024319629415,0.284308048639259,0,1,37.47746658,127.14151001
1288,1288. 문정중교 사거리,15705,2045,2593,4071,0.130213307863738,0.165106653931869,0.259216809933142,0,2,37.48799896,127.13108826
1289,1289. 풍납토성 서성벽터B,9227,1574,2095,1993,0.170586322748456,0.22705104584372,0.2159965319172,0,3,37.53147125,127.11109161
1290,1290. 위례송파꿈에그린아파트24단지 앞 성벽 다리 밑,8596,2621,701,2130,0.304909260120987,0.0815495579339228,0.247789669613774,0,1,37.47458267,127.13754272
1291,1291. 서울체육고등학교 앞,25600,1312,6653,3699,0.05125,0.2598828125,0.1444921875,3,3,37.52193832,127.13186646
1293,1293. 석촌호수 서호 사거리,38081,6027,6324,10282,0.158267902628607,0.166067067566503,0.270003413775899,2,2,37.50656128,127.09655762
1295,1295. 잠실역 8번출구,44519,3004,10696,12601,0.0674768076551585,0.240256968934612,0.283047687504212,2,2,37.51396179,127.10030365
1296,1296. 석촌호수교차로 (송파나루근린공원 앞),7803,738,1313,2654,0.0945790080738178,0.168268614635397,0.340125592720748,0,2,37.50867844,127.10343170
1297,1297. 석촌호수교차로(동호 팔각정 앞),37867,4468,6265,11580,0.117991919085219,0.165447487258035,0.30580716719043,2,2,37.50920105,127.10411835
1299,1299. 송파소방서 (방이119안전센터),7746,1389,1129,2105,0.179318357862122,0.14575264652724,0.271753162922799,0,1,37.51987839,127.13671112
1300,1300. 오륜사거리,9093,1687,1578,2612,0.185527328714396,0.173540085780271,0.287253931595733,0,2,37.50693893,127.13922119
1302,1302. 한성대입구역6번출구 뒤,10454,1943,1529,2549,0.185861871054142,0.146259804859384,0.243830112875454,0,1,37.58876419,127.00630951
1303,1303. 돈암초교 입구,7869,2040,1169,1784,0.259245139153641,0.148557631211081,0.22671241580887,0,1,37.59169388,127.01249695
1304,1304. 만해공원,2777,474,375,803,0.170687792581923,0.135037810586964,0.28916096507022,0,2,37.59440231,126.99230957
1305,1305. 성북구청,17718,2363,2706,4648,0.133367197200587,0.152726041313918,0.262332091658201,3,2,37.58932877,127.01643372
1306,1306. 한성대입구역2번출구,15770,1259,2569,4686,0.0798351299936588,0.16290424857324,0.29714648065948,0,2,37.58844757,127.00670624
1308,1308. 안암로터리 버스정류장 앞,33562,1404,7339,8313,0.0418330254454443,0.21866992431917,0.247690840831893,3,2,37.58259201,127.02897644
1314,1314. 정릉꿈에그린1단지 201동 앞,3112,582,336,790,0.187017994858612,0.107969151670951,0.253856041131105,0,1,37.60243988,127.01168823
1315,1315. 고려사대부속중고 정문,2460,178,372,709,0.0723577235772358,0.151219512195122,0.288211382113821,0,2,37.60776138,127.00328064
1316,1316. 고려사대부속중고 건너편,3107,216,525,741,0.0695204377212745,0.168973286128098,0.238493723849372,0,2,37.60726166,127.00283813
1318,1318. 길음역 3번출구 뒤,13093,1235,2513,3422,0.0943252119453143,0.191934621553502,0.261361032612847,0,2,37.60308456,127.02478790
1319,1319. 종암박스파크,19868,3960,2899,5666,0.199315482182404,0.145913025971411,0.285182202536742,3,1,37.60304260,127.03327179
1321,1321. 국민은행 종암동지점 앞,20310,2767,3139,5126,0.136238306253077,0.154554406696209,0.252387986213688,3,2,37.59328842,127.03666687
1322,1322. 래미안라센트아파트 103동 앞,10956,2531,997,2804,0.231014968966776,0.0910003650967506,0.255932822197882,0,1,37.59806824,127.03927612
1325,1325. 상월곡역 4번출구,6935,686,1443,1652,0.0989185291997116,0.208074981975487,0.238211968276857,0,3,37.60580826,127.04773712
1326,1326. 상월곡역 1번출구,8631,1215,1193,2282,0.140771637122002,0.138222685667941,0.264395782643958,0,2,37.60606766,127.04731750
1327,1327. 상월곡역 3번출구,13352,2001,2502,3333,0.14986518873577,0.187387657279808,0.249625524266028,0,2,37.60734177,127.05068207
1328,1328. 월곡역 3번출구,27259,4196,5901,5936,0.15393081184196,0.216478961077075,0.217762940680142,3,3,37.60262680,127.04163361
1332,1332. 석계역 5번출구 건너편,10358,985,1731,2857,0.0950955782969685,0.167117204093454,0.275825448928365,0,2,37.61355591,127.06609344
1333,1333. 석관초등학교 앞,20958,2445,3836,4824,0.116661895219009,0.183032732130929,0.230174634984254,3,3,37.61052322,127.05979919
1334,1334. 석관동주민센터 앞,16012,1915,2585,3516,0.119597801648763,0.161441418935798,0.219585311016737,0,3,37.61299896,127.06130981
1336,1336. 성북3교 위,9284,1781,1180,2449,0.191835415769065,0.127100387763895,0.263787160706592,0,1,37.59125137,127.01400757
1337,1337. 돈암성당 옆,21240,1372,2862,7061,0.0645951035781544,0.134745762711864,0.33243879472693,3,2,37.59038162,127.01713562
1338,1338. 용문2교 옆,24088,3572,3624,6049,0.148289604782464,0.150448356027898,0.251120890069744,3,2,37.58689880,127.02075195
1339,1339. 삼성전자서비스 성북센터,10355,1553,1554,2545,0.149975857073877,0.150072428778368,0.245774987928537,0,2,37.61056900,127.03350830
1340,1340. 광운초등학교 앞,9728,3044,1121,2141,0.312911184210526,0.115234375,0.220086348684211,0,1,37.61784363,127.05500031
1342,1342. 성북쉼터 앞,2604,551,319,644,0.211597542242704,0.122503840245776,0.247311827956989,0,1,37.59261703,126.99793243
1343,1343. 한성대7번출구 앞,5465,513,685,1606,0.0938700823421775,0.125343092406221,0.293870082342177,0,2,37.58924866,127.00737762
1344,1344. 아리랑시네센터 앞,2662,171,444,855,0.0642374154770849,0.16679188580015,0.321187077385425,0,2,37.60028839,127.01370239
1346,1346. 길음8골어린이공원 옆,9259,1622,1045,2491,0.175180905065342,0.112863160168485,0.269035532994924,0,1,37.60897827,127.02024841
1347,1347. 길음래미안아파트817동 상가 앞,3853,600,337,1059,0.155722813392162,0.087464313521931,0.274850765637166,0,2,37.60710526,127.02149963
1348,1348. 성북제일새마을금고 본점 앞,5732,904,978,1488,0.157711095603629,0.170621074668528,0.259595254710398,0,2,37.60475159,127.02275848
1349,1349. 월계2교 버스정류장 앞,5109,874,677,1398,0.171070659620278,0.132511254648659,0.27363476218438,0,1,37.62382889,127.05020142
1351,1351. 안암2교 옆,18652,2739,3385,4392,0.146847523053828,0.181481878618915,0.235470726999786,3,3,37.57944870,127.02419281
1352,1352. e 편한세상 보문아파트 내,2933,660,396,779,0.225025571087624,0.135015342652574,0.265598363450392,0,1,37.58388138,127.01709747
1353,1353. 금호어울림센터힐 내,2756,714,232,876,0.259071117561684,0.0841799709724238,0.317851959361393,0,1,37.60083008,127.02355194
1354,1354. 고려대학교 2번출구,18184,2108,3844,3630,0.115926088869336,0.211394632644083,0.199626044874615,3,3,37.59071350,127.03619385
1357,1357. 북한산보국문역,3184,368,424,912,0.115577889447236,0.133165829145729,0.28643216080402,0,2,37.61207199,127.00813293
1358,1358. 정릉도서관 앞,4971,636,798,1223,0.127942063971032,0.16053108026554,0.246026956346812,0,2,37.60478973,127.01058197
1360,1360. 정릉역,5646,857,709,1476,0.151788877081119,0.125575628763727,0.261424017003188,0,2,37.60309601,127.01350403
1361,1361. 홍익중고 입구,11409,2337,1432,2911,0.204838285564028,0.125514944342186,0.25514944342186,0,1,37.59296799,127.00223541
1362,1362. 보문역6번출구 앞,30,2,3,13,0.0666666666666667,0.1,0.433333333333333,0,2,37.58519745,127.01966858
1363,1363. 보문4교 인근,28064,4654,4377,7616,0.165835233751425,0.155964937286203,0.271379703534778,3,2,37.58375168,127.02194977
1364,1364. 성북동 치안센터 앞,8161,1592,1082,1961,0.195074133071927,0.132581791447127,0.240289180247519,0,1,37.59017181,127.00408936
1365,1365. 선잠단지 앞,3329,592,302,959,0.177831180534695,0.0907179333133073,0.2880744968459,0,1,37.59336090,126.99909210
1366,1366. 일신초등학교 옆,3881,640,474,1201,0.164905952074208,0.12213347075496,0.309456325689255,0,2,37.59972000,127.04038239
1367,1367. 길음문화복합미디어센터,8242,1444,985,2145,0.175200194127639,0.11950982771172,0.260252365930599,0,1,37.60429764,127.02261353
1368,1368. 성신여대입구 교차로,8213,1391,1328,1975,0.169365639839279,0.161694873980275,0.240472421770364,0,1,37.59139633,127.02015686
1370,1370. 복자사랑 피정의 집,2198,404,202,749,0.183803457688808,0.091901728844404,0.340764331210191,0,2,37.59453964,126.99520874
1372,1372. KEB은행 고대점,11668,447,2237,2840,0.0383099074391498,0.19172094617758,0.24340075419952,0,2,37.58644485,127.03160095
1373,1373. 성북구보건소 건너편,12315,2514,2163,3094,0.204141291108404,0.175639464068209,0.251238327243199,0,1,37.60235596,127.03907776
1375,1375. 생명의 전화 종합복지관 앞 교차로,12903,3092,2008,2676,0.239634193598388,0.155622723397659,0.207393629388514,0,1,37.60390854,127.03737640
1376,1376. 한국과학기술연구원 중문,3151,35,1245,300,0.0111075848936845,0.395112662646779,0.0952078705172961,0,0,37.59730911,127.04378510
1377,1377. 한국과학기술연구원 북문,3183,210,1223,442,0.0659754948162111,0.384228715048696,0.138862708136978,0,0,37.60418701,127.04549408
1379,1379.길음뉴타운푸르지오아파트 3단지,3196,1188,185,825,0.37171464330413,0.0578848560700876,0.258135168961201,0,1,37.60929489,127.01847839
1380,1380.월곡역 5번출구 앞,18274,2972,3041,4588,0.162635438327679,0.16641129473569,0.251067089854438,3,2,37.60108566,127.04123688
1381,1381.석계역 4번출구 뒤,25257,2467,4884,6974,0.0976758918319674,0.193372134457774,0.27612147127529,3,2,37.61478424,127.06700134
1382,1382.래미안월곡아파트 입구,13776,3492,1586,3370,0.253484320557491,0.115127758420441,0.244628339140534,0,1,37.60866547,127.03627014
1384,1384.성신여대입구역 5번출구,13700,2424,1837,3654,0.176934306569343,0.134087591240876,0.266715328467153,0,1,37.59282684,127.01628876
1385,1385.성신여대입구역 3번출구 앞,17565,1989,2456,4679,0.113236549957301,0.139823512667236,0.266382009678338,3,2,37.59236526,127.01628876
1386,1386.동선고가차도 초입,3839,560,454,1099,0.145871320656421,0.11825996353217,0.286272466788226,0,2,37.59415817,127.01896667
1388,1388. 돈암초교입구 버스정류장(한성대입구역 방면),7366,1011,1108,1953,0.137252240021721,0.150420852565843,0.26513711648113,0,2,37.59088135,127.01170349
1390,1390.석관래미안아트리치,16813,2708,2424,4698,0.161065841908047,0.144174150954618,0.279426634152144,3,2,37.60646057,127.06162262
1391,1391.성북청소년센터,9017,1503,1104,2543,0.166685150271709,0.122435399800377,0.282022845735832,0,2,37.61688232,127.05606842
1392,1392.돈암삼성풍림아파트,2609,568,212,674,0.217707934074358,0.0812571866615562,0.258336527405136,0,1,37.59709930,127.02262878
1393,1393.돈암육교 하단,2796,348,310,687,0.124463519313305,0.110872675250358,0.245708154506438,0,2,37.59818268,127.02117920
1394,1394.길음뉴타운 래미안9단지,7991,1886,1009,1988,0.236015517457139,0.126267050431736,0.248779877362032,0,1,37.60242462,127.01998138
1395,1395.래미안장위포레카운티(102동),10703,2094,1425,3073,0.195646080538167,0.13314024105391,0.287115761935906,0,1,37.61817932,127.05183411
1396,1396.래미안장위퍼스트하이(513동),11497,2500,1665,3001,0.217448029920849,0.144820387927285,0.261024615116987,0,1,37.61844254,127.05145264
1401,1401. 극동늘푸른아파트,17062,1469,2373,5366,0.0860977611065526,0.139080998710585,0.314500058609776,3,2,37.61473846,127.07636261
1402,1402. 금란주차장 앞,9420,1400,1204,2439,0.148619957537155,0.127813163481953,0.258917197452229,0,2,37.60007095,127.10233307
1403,1403. 중화빌딩 앞 (동부시장),9897,685,1931,2877,0.0692128927957967,0.19510962918056,0.290694149742346,0,2,37.59424973,127.07657623
1404,1404. 동일로 지하차도,16120,3011,2069,3128,0.186786600496278,0.128349875930521,0.194044665012407,0,1,37.59529877,127.08003235
1405,1405. 망우역 1번출구,7715,1446,1428,1945,0.187427090084251,0.185093972780298,0.252106286454958,0,1,37.59909821,127.09294891
1407,1407. 먹골역 1번출구 뒤,14727,1645,2348,3914,0.111699599375297,0.159435051266381,0.265770353771983,0,2,37.61151123,127.07788849
1408,1408. 먹골역 6번출구 앞,12483,1702,2011,3211,0.136345429784507,0.161099094768886,0.257229832572298,0,2,37.61072159,127.07747650
1410,1410. 면목 대원칸타빌아파트,2965,503,300,916,0.16964586846543,0.101180438448567,0.30893760539629,0,2,37.57778168,127.09018707
1411,1411. 상봉시장앞 교차로 한성빌딩 앞,14438,1629,1927,4000,0.112827261393545,0.13346723922981,0.277046682365979,0,2,37.59254074,127.08673859
1414,1414. 사가정역 2번출구,23009,2216,5015,5752,0.0963101395106263,0.217958190273371,0.249989134686427,3,2,37.58098984,127.08824158
1416,1416. 상봉역 3번출구,21180,2589,4204,5400,0.122237960339943,0.198489140698772,0.254957507082153,3,2,37.59521866,127.08599854
1418,1418. 새솔초등학교,2084,545,183,497,0.261516314779271,0.0878119001919386,0.238483685220729,0,1,37.61743927,127.10901642
1420,1420. 신내어울공원 앞,8582,923,1905,2104,0.107550687485435,0.221976229317175,0.245164297366581,0,3,37.61394501,127.09770203
1421,1421. 신내역 4번출구,6788,1149,1591,1436,0.169269298762522,0.234384207424867,0.211549793753683,0,3,37.61246109,127.10337830
1422,1422. 신내우디안아파트 1단지,2638,112,641,658,0.042456406368461,0.242987111448067,0.249431387414708,0,2,37.62009811,127.10646057
1424,1424. 양원역 2번출구,2770,241,622,639,0.0870036101083033,0.224548736462094,0.230685920577617,0,3,37.60631180,127.10774231
1425,1425. 신성미소지움아파트,9059,1328,1211,1657,0.146594546859477,0.133679214041285,0.182912021194392,0,3,37.58745956,127.09597015
1426,1426. 면목도시개발아파트 1동 앞,6091,969,1093,1674,0.159087177803316,0.17944508290921,0.274831718929568,0,2,37.57358932,127.08682251
1427,1427. 용마산역 1번출구,3965,303,1082,1033,0.0764186633039092,0.272887767969735,0.260529634300126,0,3,37.57429886,127.08691406
1428,1428. 원묵고등학교,14037,1732,2081,3738,0.123388188359336,0.148251050794329,0.266296217140415,0,2,37.61602402,127.08596802
1429,1429. 장안중학교,9947,1158,1578,2622,0.116417010153815,0.158640796219966,0.26359706444154,0,2,37.59995651,127.08000183
1430,1430. 중랑구청,12360,1497,2749,2662,0.121116504854369,0.222411003236246,0.21537216828479,0,3,37.60615158,127.09259796
1431,1431. 중랑구청 사거리,12763,805,2424,3502,0.0630729452323121,0.189923999059782,0.274386899631748,0,2,37.60649872,127.09545135
1433,1433. 중화역 2번출구,16078,1110,2777,4127,0.069038437616619,0.172720487622839,0.256686154994402,0,2,37.60207748,127.07958221
1435,1435. 능산삼거리,2468,402,287,637,0.162884927066451,0.116288492706645,0.258103727714749,0,1,37.60868073,127.10079193
1436,1436. 동원베네스트 건물 앞,5709,1172,637,1400,0.205289893151165,0.111578209844106,0.245226834822211,0,1,37.60810089,127.10118103
1437,1437. 늘푸른공원 앞,9265,1697,1558,2273,0.183162439287642,0.168159740960604,0.24533189422558,0,1,37.58341980,127.07992554
1438,1438. 홈플러스 신내점 앞,21298,2972,4422,5108,0.139543619119166,0.207625129120105,0.239834726265377,3,3,37.61616898,127.09348297
1440,1440. 면목2동 사거리,15430,2118,2692,4169,0.137265068049255,0.174465327284511,0.270187945560596,3,2,37.58637238,127.08007050
1441,1441. 신내능말공원,6882,1983,789,1546,0.288142981691369,0.114646904969486,0.224643998837547,0,1,37.61670685,127.11026001
1442,1442. 중랑구청 중화동 별관 앞,23884,2913,4165,5578,0.121964495059454,0.174384525205158,0.233545469770558,3,2,37.59859085,127.07981873
1444,1444. 면목4치안센터,12937,2873,1511,3385,0.222076215505913,0.116796784416789,0.26165262425601,0,1,37.57402802,127.08054352
1445,1445. 용마지구대 A,1940,297,289,496,0.153092783505155,0.148969072164948,0.255670103092783,0,2,37.57994080,127.07939911
1446,1446. 중랑전화국 교차로,20905,3843,3224,4855,0.183831619229849,0.154221478115283,0.23224109064817,3,1,37.59130096,127.08032990
1447,1447. 면목역 3번출구,28022,3085,5480,7383,0.110092070516023,0.195560630932838,0.263471558061523,3,2,37.58890152,127.08728027
1448,1448. 코스트코 상봉점,25103,1776,3949,7416,0.0707485161136119,0.157311875074692,0.295422857825758,3,2,37.59732056,127.08979797
1449,1449. 상봉역 1번출구,29010,3630,7639,6545,0.125129265770424,0.263322992071699,0.225611857980007,3,3,37.59655762,127.08583832
1450,1450. 화랑대역 7번출구,18444,1718,2363,4149,0.0931468228150076,0.128117545001084,0.224951203643461,0,2,37.61963654,127.08504486
1451,1451. 중랑세무서,31195,3417,5971,8616,0.109536784741144,0.191408879628146,0.276198108671261,3,2,37.59275818,127.07266998
1452,1452. 겸재교 진입부,25767,3207,3671,7881,0.12446152054954,0.142469049559514,0.305856327861218,3,2,37.58565521,127.07505035
1453,1453. 중랑캠핑숲,1856,432,241,432,0.232758620689655,0.129849137931034,0.232758620689655,0,1,37.60460281,127.10925293
1454,1454. 한국전력공사(동대문 중랑지사),9207,1348,1325,2289,0.146410339958727,0.143912240686434,0.248615184099055,0,2,37.60734940,127.07859039
1455,1455. 상봉역 2번 출구,27597,1871,5822,6948,0.0677972243359786,0.210964959959416,0.2517664963583,3,2,37.59632874,127.08589935
1456,1456. 상아빌딩(우림시장 교차로),13668,1735,1784,3636,0.126938835235587,0.130523851331577,0.266022827041264,0,2,37.59511185,127.10032654
1457,1457. 동원사거리,8115,1104,1419,2014,0.136044362292052,0.174861367837338,0.248182378311768,0,2,37.58975983,127.09323883
1458,1458. 상봉터미널2,22080,5250,2909,5453,0.237771739130435,0.131748188405797,0.246965579710145,3,1,37.59733963,127.09308624
1459,1459. 용마한신아파트사거리,2427,326,243,703,0.134322208487845,0.100123609394314,0.289658014009065,0,2,37.58034897,127.09265137
1461,1461.동양엔파트 앞,12358,698,2571,3322,0.0564816313319307,0.208043372714031,0.268813723903544,0,2,37.59385300,127.07507324
1462,1462.동부시장 북문 앞,22493,1545,4217,6501,0.0686880362779531,0.18748054950429,0.2890232516783,3,2,37.59386826,127.07652283
1463,1463.중랑구민회관,2602,328,320,617,0.126056879323597,0.122982321291314,0.237125288239816,0,2,,
1464,1464.중화역 4번출구,10298,1051,1827,2834,0.102058652165469,0.177413089920373,0.275199067780151,0,2,37.60305405,127.07900238
1466,1466.두산대림아파트 삼거리,3633,311,599,1060,0.0856041838700798,0.164877511698321,0.29176988714561,0,2,37.61882401,127.08757019
1467,1467.sk신내 주유소앞(용마산로),2498,118,410,724,0.0472377902321858,0.164131305044035,0.289831865492394,0,2,37.61362076,127.10115051
1468,1468.먹골역 7번 출구,10327,1107,1673,2745,0.107194732255253,0.162002517672122,0.265808075917498,0,2,37.61147690,127.07739258
1469,1469.먹골역 4번출구,10370,1350,1881,2691,0.130183220829315,0.181388621022179,0.259498553519769,0,2,37.60982132,127.07813263
1470,1470.중화동 우리은행 앞,13737,2006,2371,3619,0.146028972847055,0.172599548664192,0.263449079129359,0,2,37.60520172,127.07858276
1471,1471.동양쇼핑 정류소 앞,17214,3167,2245,4509,0.183978157313814,0.130417102358545,0.261937957476473,3,1,37.61535263,127.07849121
1472,1472.영성빌딩(PAT),8036,1047,1318,1943,0.130288700846192,0.164011946241911,0.241786958685913,0,2,37.60408401,127.07923126
1473,1473.중랑역 1번 출구(중화문화복지센터),12706,2165,2570,2992,0.170391940815363,0.202266645679207,0.235479301117582,0,3,37.59489059,127.07495117
1474,1474.서울중랑우체국,7882,650,1186,1677,0.0824663790916011,0.15046942400406,0.212763258056331,0,2,37.59581375,127.08283997
1477,1477.면목삼익아파트 앞,3057,324,482,977,0.105986261040236,0.157670919201832,0.319594373568858,0,2,37.57598495,127.07960510
1478,1478.홈플러스 상봉점 앞,17230,1778,3311,4816,0.103192106790482,0.192164828786999,0.279512478235636,3,2,37.59832764,127.09226990
1479,1479.면목 홈플러스 2,5013,353,893,1456,0.0704169160183523,0.178136844205067,0.290444843407141,0,2,37.58105469,127.08209229
1480,1480. 용마지구대 B,6770,714,1105,2096,0.105465288035451,0.163220088626292,0.3096011816839,0,2,37.58111191,127.08010101
1501,"""1501. 미아역 3번,4번 출구 사이""",13223,1125,2364,3269,0.0850790289646828,0.17877939953112,0.247220751720487,0,2,37.62607956,127.02648163
1503,1503. 강북구청사거리(수유역 8번출구),24948,1514,5052,6598,0.060686227352894,0.202501202501202,0.264470097803431,3,2,37.63926315,127.02672577
1504,1504. 삼양시장오거리,2915,283,443,783,0.0970840480274442,0.151972555746141,0.26861063464837,0,2,37.62415695,127.01862335
1506,1506. 강북문화예술회관,11770,2021,1542,2855,0.171707731520816,0.131011045029737,0.242565845369584,0,1,37.64032745,127.01335907
1509,1509. 서울북부수도사업소,5330,495,809,1204,0.0928705440900563,0.151782363977486,0.225891181988743,0,2,37.63437653,127.03575134
1510,1510. 번동주공5단지 관리사무소 앞,5029,825,979,1214,0.164048518592165,0.19467090872937,0.241399880691986,0,3,37.63371658,127.03551483
1512,1512. 강북중학교 앞,20628,3216,3028,6099,0.155904595695172,0.146790769827419,0.295666084933101,3,2,37.64473724,127.02656555
1513,1513. 강북구청 뒷편,1939,125,325,539,0.0644662197008767,0.16761217122228,0.277978339350181,0,2,,
1514,1514. 강북구청 사거리 버스정류소 앞,10688,839,1836,2647,0.078499251497006,0.171781437125749,0.247660928143713,0,2,37.63880539,127.02835846
1515,1515. 송천동 주민센터,5084,770,692,1260,0.151455546813533,0.136113296616837,0.247836349331235,0,2,37.61828613,127.02404785
1516,1516. 우이동길마을마당,7103,1251,1059,1817,0.176122765028861,0.149091932986062,0.255807405321695,0,1,37.63858795,127.01590729
1518,1518. 수유2동은행빌딩 앞,7753,1096,1118,2045,0.141364633045273,0.144202244292532,0.263768863665678,0,2,37.64308548,127.01616669
1519,1519. 장미원시장 건너편,6419,644,1014,1735,0.100327153762268,0.15796853092382,0.270291322635925,0,2,37.64545059,127.01561737
1520,1520. 수유중앙시장,13286,1410,1714,3717,0.106126749962366,0.129007978323047,0.279768177028451,0,2,37.63986206,127.02278900
1525,1525. 미아동 복합청사,3779,670,717,791,0.177295580841492,0.189732733527388,0.209314633500926,0,3,37.62714005,127.02669525
1526,1526. 강북종합시장 앞,10582,1418,1343,2797,0.134001134001134,0.126913626913627,0.264316764316764,0,2,37.64173889,127.02462769
1527,1527. 미아역 1번 출구 뒤,8959,1195,1413,2212,0.133385422480188,0.157718495367787,0.246902556088849,0,2,37.62733459,127.02605438
1528,1528. 삼각산동 주민센터,6189,811,725,1676,0.131038940054936,0.117143318791404,0.270803037647439,0,2,37.61503601,127.02069855
1529,1529. 미아동 한국전력공사,15419,1434,3005,3807,0.0930021402166159,0.194889422141514,0.246903171411894,0,2,37.63018036,127.02490997
1530,1530. 광산사거리,17965,1594,2698,4985,0.0887280823824102,0.150180907319788,0.277483996660173,3,2,37.64355087,127.02234650
1531,1531. 미아사거리 1번 출구,24478,1652,4499,6656,0.0674891739521203,0.183797695890187,0.271917640330092,3,2,37.61395645,127.03025055
1532,1532. 번3동 주민센터 교차로,9072,1468,1631,2339,0.161816578483245,0.179783950617284,0.257826278659612,0,2,37.62635422,127.04744720
1533,"""1533. 번동 주공3, 4단지 교차로""",11161,1292,1863,2921,0.115760236537945,0.166920526834513,0.261714900098557,0,2,37.62991714,127.04091644
1535,1535. 효성인텔리안 앞,21962,1870,3923,5903,0.0851470722156452,0.178626718878062,0.26878244240051,3,2,37.63629150,127.02337646
1536,1536. 번동 두산위브 101동 옆,8464,802,1329,2180,0.0947542533081285,0.157017958412098,0.257561436672968,0,2,37.63626099,127.03217316
1537,1537. 북한산 우이역,5633,377,675,2184,0.0669270371027871,0.119829575714539,0.387715249423043,0,2,37.66366577,127.01242828
1538,1538. 솔밭공원역,1687,139,209,532,0.0823947836395969,0.123888559573207,0.315352697095436,0,2,37.65615845,127.01313782
1539,1539. 4.19민주묘지역,5385,341,939,1626,0.0633240482822656,0.174373259052925,0.301949860724234,0,2,37.64967346,127.01345062
1540,1540. 가오리역,10362,1288,1715,2852,0.124300328121984,0.165508589075468,0.275236440841536,0,2,37.64167023,127.01688385
1541,1541. 삼양역,2706,177,401,750,0.065410199556541,0.148189209164819,0.277161862527716,0,2,37.62652969,127.01805878
1542,1542. 삼양사거리역,3846,368,443,994,0.0956838273530941,0.115184607384295,0.258450338013521,0,2,37.62155151,127.02037048
1543,1543. 수유1동 주민센터,6625,794,1016,1736,0.119849056603774,0.153358490566038,0.262037735849057,0,2,37.63018799,127.01773834
1546,1546. 송천동우체국,3896,273,700,894,0.0700718685831622,0.179671457905544,0.229466119096509,0,2,37.61545944,127.02970123
1547,1547. 꿈의숲 롯데캐슬,5394,1232,679,1492,0.228401928068224,0.125880608083055,0.276603633667037,0,1,37.61775208,127.03570557
1548,1548. 북서울 꿈의숲 서문,7232,334,1009,3147,0.0461836283185841,0.139518805309735,0.435149336283186,0,2,37.62268829,127.03781128
1550,1550.삼각산아이원아파트(105동 옆),1642,493,128,480,0.300243605359318,0.0779537149817296,0.292326431181486,0,1,37.61522293,127.01850891
1551,1551.4.19탑 앞,7912,1118,993,2367,0.141304347826087,0.125505561172902,0.299165824064712,0,2,37.64686203,127.00881195
1552,1552. 강북구청사거리,16256,864,3605,4270,0.0531496062992126,0.221764271653543,0.262672244094488,0,2,37.63920212,127.02723694
1553,1553.서울북부고용노동지청,9738,1182,1519,2695,0.121380160197166,0.15598685561717,0.276750872869172,0,2,37.63520432,127.03396606
1554,1554.번동사거리,5968,767,859,1632,0.128518766756032,0.143934316353887,0.273458445040214,0,2,37.63539124,127.03455353
1557,1557.신창교,11349,1561,1767,2894,0.137545158163715,0.155696537139836,0.255000440567451,0,2,37.63238144,127.03930664
1558,1558.강북문화정보도서관,3653,448,629,1168,0.12263892690939,0.172187243361621,0.31973720229948,0,2,37.62552643,127.03732300
1560,1560. 도봉세무서 앞,9499,804,1688,2463,0.0846404884724708,0.177702916096431,0.259290451626487,0,2,37.61980820,127.02852631
1564,1564.4.19민주묘지역 1번출구,8598,542,1586,2401,0.0630379157943708,0.184461502675041,0.279250988602,0,2,37.64959717,127.01384735
1565,1565.수유사거리,11298,1070,1984,3013,0.0947070277925297,0.175606302000354,0.266684368914852,0,2,37.63561249,127.02299500
1568,1568.4.19민주묘지 입구사거리,7500,834,1104,2112,0.1112,0.1472,0.2816,0,2,37.64793396,127.01457214
1569,1569.수유역2번출구,31453,3054,6351,8488,0.0970972562235717,0.201920325565129,0.269862970145932,3,2,37.63796997,127.02590179
1571,1571.북서울 꿈의 숲 입구,4833,1087,610,1224,0.22491206290089,0.126215601075936,0.253258845437616,0,1,37.62673187,127.03877258
1572,1572. 우이동 먹거리마을,1623,142,231,642,0.0874922982131855,0.142329020332717,0.395563770794824,0,2,37.66446304,127.01184082
1573,1573.현대성우아파트 옆,2202,392,206,664,0.178019981834696,0.0935513169845595,0.301544050862852,0,1,37.61666489,127.02210999
1574,1574.송중초등학교 옆,4974,541,774,1260,0.108765581021311,0.155609167671894,0.253317249698432,0,2,37.61669922,127.03049469
1601,1601. 석계역 문화광장 내 자전거 보관소,48192,4709,10508,11461,0.0977133134130146,0.218044488711819,0.237819555112882,2,3,37.61518097,127.06464386
1602,1602. 광운대역 앞,19639,1808,3425,4906,0.0920617139365548,0.174397881765874,0.249809053414125,3,2,37.62266159,127.06189728
1605,1605. 헬스케어,13795,1507,2704,3427,0.109242479159116,0.196013048205872,0.248423341790504,0,2,37.63162231,127.06161499
1606,1606. 태릉입구역 3번출구,17726,1528,2949,4838,0.0862010605889654,0.166365790364436,0.272932415660612,3,2,37.61917114,127.07492828
1608,1608. 공릉역 1번 출구 앞,46131,5835,9464,10178,0.126487611367627,0.205154885001409,0.220632546443823,2,3,37.62661362,127.07275391
1610,1610. 화랑대역 2번출구 앞,24088,3094,3913,6788,0.128445699103288,0.162446031218864,0.281800066423115,3,2,37.62036896,127.08364105
1611,1611. 과기대 입구(우),35973,2629,6671,8795,0.0730825897200678,0.185444639034832,0.244488922247241,3,2,37.62994003,127.07655334
1616,1616. 하계2동 공항버스정류장 옆,8522,938,1633,2136,0.110068059141047,0.191621685050458,0.250645388406477,0,2,37.63510895,127.06832886
1617,1617. 하계동 중평어린이공원 앞,31500,8986,3910,8172,0.285269841269841,0.124126984126984,0.259428571428571,2,1,37.63714981,127.06327057
1619,1619. 중계동 하나프라자빌딩 앞(중1-1),22546,1370,3864,6832,0.0607646589195423,0.17138295041249,0.303024926816287,3,2,37.64902115,127.07640839
1620,1620. 중계구민체육센터,2828,263,377,839,0.092998585572843,0.133309759547383,0.296676096181047,0,2,,
1625,1625. 상계역 3번출구,55091,8151,9421,13974,0.147955201394057,0.171007968633715,0.253653046777151,2,2,37.65999985,127.07296753
1627,1627. 수락산역 4번출구,14492,1653,3160,3693,0.114062931272426,0.218051338669611,0.254830251173061,0,2,37.67694092,127.05509949
1628,1628. 노일초등학교 앞,8612,1048,1484,2156,0.121690664189503,0.172317696237808,0.250348351137947,0,2,37.67361832,127.05525208
1630,1630. 수연빌딩 앞,13884,1084,2509,4067,0.0780754825698646,0.180711610486891,0.292927110342841,0,2,37.67625046,127.05550385
1634,1634. 당고개공원 대여소,5478,864,722,1560,0.157721796276013,0.13179992698065,0.284775465498357,0,2,37.66846085,127.07714844
1635,"""1635. 상계3,4동 주민센터 대여소""",3349,427,460,818,0.12750074649149,0.137354434159451,0.244252015527023,0,2,37.67271042,127.08316040
1636,1636. 상계주공2단지 버스정류장 옆,24558,2984,4753,5810,0.121508266145452,0.193541819366398,0.236582783614301,3,3,37.64921188,127.06176758
1637,1637. KT 전화국 버스정류장 옆,42925,2563,9189,12266,0.0597087944088526,0.21407105416424,0.285754222481072,2,2,37.65470123,127.06340027
1639,1639. 희성오피앙,10723,1556,1770,2952,0.145108644968759,0.165065746526159,0.275296092511424,0,2,37.68031311,127.05506897
1640,1640. 한내근린공원 북측,15016,1726,2160,4757,0.114944059669686,0.143846563665424,0.316795418220565,0,2,37.62386322,127.06848907
1641,1641. 한내근린공원 남측,8688,1264,1482,2544,0.14548802946593,0.170580110497238,0.292817679558011,0,2,37.62155533,127.06951141
1642,1642. 서울여대 남문,7703,945,1174,1906,0.122679475529015,0.152408152667792,0.247436063871219,0,2,37.62531662,127.08813477
1643,1643. 태릉입구역 8번출구,24810,1643,5179,7016,0.066223297057638,0.208746473196292,0.282789197904071,3,2,37.61736679,127.07521057
1646,1646. 삼육대 입구,3880,561,450,936,0.144587628865979,0.115979381443299,0.241237113402062,0,2,37.63848877,127.10790253
1650,1650. 중계근린공원내,39150,5245,6256,10852,0.13397190293742,0.159795657726692,0.277190293742018,2,2,37.63957977,127.06510162
1651,1651. 상계동 우방유쉘아파트 앞,13585,1878,1938,3733,0.138240706661759,0.142657342657343,0.274788369525212,0,2,37.67237473,127.05599213
1652,1652. 파르코 앞,4909,473,1081,1315,0.0963536361784477,0.220207781625586,0.267875331024649,0,2,37.68000031,127.05558014
1653,1653. 노원역1번출구,39830,2847,9292,11088,0.0714787848355511,0.233291488827517,0.278383128295255,2,2,37.65620041,127.06362152
1654,1654. 당고개입구 오거리,7856,1106,1156,2317,0.140784114052953,0.147148676171079,0.294933808553971,0,2,37.66379166,127.07544708
1655,1655. 공릉1단지아파트,32689,6022,4251,8396,0.184220991770932,0.130043745602496,0.256844810180795,3,1,37.63111115,127.07015991
1656,1656. 중앙하이츠 아파트 입구,28111,2188,4191,8581,0.0778342997403152,0.149087545800576,0.305254170965103,3,2,37.65501785,127.06750488
1657,1657. 노원구청,26055,1379,8494,4191,0.0529265016311648,0.326002686624448,0.160852043753598,3,0,37.65404892,127.05732727
1659,1659. 중계동 을지중학교,9519,1459,1078,2699,0.153272402563294,0.113247189830865,0.283538186784326,0,2,37.65032959,127.07160187
1660,1660. 서울시립과학관,5158,619,764,1302,0.120007754943777,0.148119426134161,0.252423419930206,0,2,37.64207077,127.07662201
1661,1661. 당현천근린공원,21453,3634,3337,5038,0.169393558010535,0.155549340418589,0.234838950263366,3,1,37.64963913,127.06560516
1662,1662. 노원역7번출구,33003,1426,8775,8606,0.0432081931945581,0.265884919552768,0.260764172953974,3,3,37.65421677,127.05921173
1663,1663. 동해문화예술관앞,29993,2552,5472,6311,0.0850865201880439,0.182442569932984,0.210415763678192,3,3,37.61938095,127.05785370
1664,1664. 노해근린공원내,13839,2189,1777,4073,0.158176168798324,0.128405231591878,0.294313172917118,0,2,37.64936066,127.07044220
1665,1665. 양지근린공원앞,14452,1854,2040,3990,0.128286742319402,0.14115693329643,0.276086354829781,0,2,37.64699554,127.07640076
1666,1666. 노원소방서인근,7526,895,1146,2171,0.11892107361148,0.152272123305873,0.288466648950306,0,2,37.65578079,127.07177734
1667,1667. 중계중학교,21781,3240,2975,5463,0.148753500757541,0.136586933565952,0.250814930443965,3,2,37.65449905,127.07438660
1668,1668. 중계역 6번출구,36659,4240,7800,9505,0.115660547205325,0.212771761368286,0.259281486128918,2,2,37.64556503,127.06334686
1669,1669. 중계역 3번출구,29939,3136,6150,7182,0.104746317512275,0.20541768262133,0.239887771802665,3,3,37.64352798,127.06522369
1670,1670. 노원경찰서교차로,15622,3195,1871,3122,0.204519267699398,0.119766995263091,0.199846370503137,0,1,37.64340973,127.07183838
1671,1671. 인덕대학교,8606,1443,1189,1730,0.167673716012085,0.138159423657913,0.201022542412271,0,1,37.62934875,127.05482483
1672,1672. 상계동수락리버시티,6618,883,953,1904,0.133423995164702,0.144001208824418,0.287700211544273,0,2,37.68859863,127.05340576
1674,1674. 서울북부고용센터앞,37530,2787,7993,8190,0.0742605915267786,0.212976285638156,0.218225419664269,3,3,37.65354919,127.05808258
1675,1675. 월계문화체육센터,2924,531,422,385,0.181600547195622,0.144322845417237,0.131668946648427,0,3,37.62694168,127.05513000
1677,1677. 육군사관학교  앞,15567,1911,3097,4305,0.122759683946811,0.198946489368536,0.276546540759299,3,2,37.62316513,127.09049988
1678,1678. 성서대학교 밀알관,774,124,190,80,0.160206718346253,0.245478036175711,0.103359173126615,0,3,,
1679,1679. 삼육대 도서관,3821,137,635,856,0.0358544883538341,0.16618686207799,0.224025124313007,0,2,37.64282990,127.10666656
1680,1680. 삼육대 제3과학관,504,11,106,93,0.0218253968253968,0.21031746031746,0.18452380952381,0,3,37.64265442,127.10838318
1681,1681. 현대6차 아파트,17034,2469,2566,4984,0.144945403311025,0.150639896677234,0.292591288012211,3,2,37.64580154,127.08226013
1682,1682. 중계종합사회복지관 교차로,7067,672,1028,1853,0.0950898542521579,0.145464836564313,0.262204612989953,0,2,37.65745544,127.07554626
1683,1683. 노원문화예술회관,21535,4245,2880,5294,0.197120965869515,0.133735778964476,0.245832365915951,3,1,37.65045929,127.08088684
1684,1684. 태릉입구역 5번출구,41679,2780,8696,10888,0.0667002567240097,0.208642241896399,0.261234674536337,2,2,37.61832047,127.07563019
1685,1685. 불암고등학교 앞 횡단보도,15028,2430,2322,3923,0.161698163428267,0.154511578387011,0.261046047378227,0,2,37.64818954,127.08048248
1686,1686. 상계주공10단지 종합상가 앞,23543,2546,3416,6563,0.108142547678716,0.145096206940492,0.278766512339124,3,2,37.66114044,127.05805206
1688,1688. 마들역 7번출구,28696,4259,6182,6662,0.148417897964873,0.215430722051854,0.232157792026763,3,3,37.66566086,127.05729675
1689,1689. 마들역 3번출구,20446,2561,3556,5180,0.125256773941113,0.173921549447325,0.253350288565,3,2,37.66524887,127.05789185
1690,1690. 도봉운전면허시험장 버스정류장 옆,10666,1322,1770,2329,0.123945246577911,0.165947871741984,0.218357397337334,0,3,37.65773010,127.05931091
1691,1691. 노원정보도서관,19870,1823,3278,5538,0.0917463512833417,0.164972320080523,0.27871162556618,3,2,37.66070938,127.06533051
1692,1692. 온곡초교 교차로,19524,1875,3423,5204,0.0960356484326982,0.175322679778734,0.266543741036673,3,2,37.66418839,127.06600952
1693,1693. 원자력 병원,5827,847,1177,1343,0.145357817058521,0.201990732795607,0.230478805560323,0,3,37.62818909,127.08210754
1696,1696.수락리버시티4단지,6777,1325,797,2008,0.195514239338941,0.117603659436329,0.296296296296296,0,1,37.68645096,127.05283356
1697,1697.상계주공2단지 219동,21402,4061,2675,5795,0.189748621624147,0.124988318848706,0.270769087001215,3,1,37.65024948,127.05715179
1702,1702. 녹천역 1번출구 앞,8217,1813,1257,2198,0.220640136302787,0.152975538517707,0.267494219301448,0,1,37.64582062,127.05042267
1703,1703. 도봉산광역환승센터앞,3676,162,1012,993,0.044069640914037,0.275299238302503,0.270130576713819,0,2,37.68972015,127.04519653
1705,1705. 도봉구청 정문앞,18333,1423,3671,4005,0.0776195930835106,0.200240004363716,0.21845851742759,3,3,37.66922379,127.04651642
1706,1706. 방학동우체국 건너편,12018,1410,2062,2857,0.117324013979031,0.171575969379264,0.237726743218506,0,2,37.66566467,127.04267120
1707,1707. 도봉구민회관,15037,1769,2036,3497,0.117643146904303,0.135399348274257,0.232559686107601,0,2,37.65446091,127.03851318
1708,1708. 도봉보건소사거리,19190,2513,3132,4572,0.130953621677957,0.163210005211047,0.238249088066701,3,2,37.65682983,127.03984833
1709,1709. 쌍문역4번출구 주변,11945,1056,3437,2681,0.0884051904562578,0.287735454164923,0.224445374633738,0,3,37.65012741,127.03534698
1713,1713. 쌍문동 이안아파트 앞,7736,902,1157,2014,0.116597724922441,0.149560496380558,0.260341261633919,0,2,37.65165329,127.02848816
1714,1714. 도봉문화정보도서관 삼거리,4859,569,981,1309,0.117102284420663,0.201893393702408,0.269396995266516,0,2,37.64463043,127.04460907
1715,1715. 서울특별시교육청도봉도서관,7925,623,1163,2631,0.0786119873817035,0.146750788643533,0.33198738170347,0,2,37.65317917,127.01278687
1716,1716. 창동역 1번출구 건너편,24886,1828,6063,6547,0.0734549545929438,0.243630957164671,0.263079643172868,3,2,37.65420151,127.05072784
1719,1719. 신도봉사거리 버스정류장,10031,1561,1797,2529,0.155617585484997,0.179144651580102,0.25211843285814,0,2,37.67328262,127.04399109
1720,1720. 도봉구청 옆(중랑천변),22747,2331,4821,6236,0.102475051655163,0.21194003604871,0.274146041236207,3,2,37.66867065,127.04798126
1721,1721. 창동역 2번출구,4,0,2,0,0,0.5,0,0,0,,
1722,1722. 창동청소년수련관,11154,1833,1632,2116,0.164335664335664,0.1463152232383,0.189707728169267,0,3,37.65779877,127.05004883
1723,1723. 방학동학마을도서관,1245,141,265,363,0.113253012048193,0.21285140562249,0.291566265060241,0,2,,
1725,1725. 창1동주민센터,5313,1252,477,1204,0.235648409561453,0.0897797854319593,0.226613965744401,0,1,37.64750290,127.04331207
1726,1726. 삼익세라믹아파트교차로,14062,2128,1976,3937,0.151329825060447,0.140520551841843,0.279974399089745,0,2,37.65858841,127.03520966
1727,1727. 서울도봉초등학교인근,8955,1377,1098,2616,0.153768844221106,0.122613065326633,0.29212730318258,0,2,37.67867661,127.04076385
1728,1728. 서울북부지방법원,3975,404,1409,635,0.101635220125786,0.354465408805031,0.159748427672956,0,0,37.67771912,127.04681396
1729,1729. 도봉한신아파트 버스정류장,13121,1273,1994,3837,0.0970200442039479,0.151970124228336,0.292431979269873,0,2,37.68400955,127.04579163
1730,1730. 도봉산역 교차로 앞,1993,42,497,558,0.0210737581535374,0.249372804816859,0.279979929754139,0,2,37.68759155,127.04550171
1731,1731. 도봉고등학교 맞은편,3030,328,409,913,0.108250825082508,0.134983498349835,0.301320132013201,0,2,37.68762970,127.04221344
1732,1732. 방학역사거리,7528,1085,1247,1878,0.144128586609989,0.165648246546227,0.249468650371945,0,2,37.66759872,127.04299927
1733,1733. 방학사거리 (봄마당 앞),6414,530,1087,1741,0.0826317430620518,0.169473027751793,0.271437480511381,0,2,37.66297913,127.04193878
1734,1734. 쌍문현대1차아파트 108동 앞,9945,2322,1081,2697,0.233484162895928,0.108697838109603,0.271191553544495,0,1,37.65814972,127.03266907
1735,"""1735. 도봉역 1,2번 출구사이 건너편""",9878,1628,1747,2490,0.164810690423163,0.176857663494635,0.252075318890464,0,2,37.67911911,127.04498291
1736,1736. 버스정류장 앞,6086,496,1054,1547,0.081498521196188,0.173184357541899,0.254189944134078,0,2,37.65224075,127.03706360
1737,1737. 신창시장,21538,3379,3259,5576,0.156885504689386,0.151313956727644,0.258891261955613,3,2,37.63970184,127.03883362
1738,1738. 창동주공17단지 상가앞,17785,3128,3207,4463,0.175878549339331,0.180320494798988,0.250941804891763,3,1,37.64630890,127.05274200
1741,1741. 제일강산수산입구,13641,1304,2083,3805,0.0955941646506854,0.152701414852284,0.27893849424529,0,2,37.64519882,127.03298187
1742,1742. 북한산 코오롱 하늘채,18781,3223,2104,4757,0.171609605452319,0.112028113518982,0.253287897343059,3,1,37.64889145,127.02301788
1743,1743.창동19단지아파트 관리사무소앞,13231,2615,1732,3651,0.19764190159474,0.130904693522787,0.275942861461719,0,1,37.65039062,127.05219269
1744,1744.도봉소방서 옆,23531,1297,4875,6643,0.0551187794823849,0.207173515787684,0.282308444180018,3,2,37.66480255,127.04302979
1749,1749. ESA아파트 상가 앞,14198,1102,2032,3986,0.0776165657134808,0.143118749119594,0.280743766727708,0,2,37.66627121,127.04598999
1750,1750. 창포원 남쪽 입구,9348,613,1554,3072,0.0655755241762944,0.166238767650834,0.328626444159178,0,2,37.68826675,127.04889679
1751,1751. 창원초등학교 교차로,8008,1350,947,2171,0.168581418581419,0.118256743256743,0.271103896103896,0,1,37.65212250,127.04170227
1752,1752. 창동 주공 4단지 입구 옆,8239,1494,1183,2173,0.181332686005583,0.143585386576041,0.263745600194198,0,1,37.64548111,127.04857635
1754,1754. 창동시장입구 사거리,9259,816,1569,2525,0.0881304676530943,0.169456744788854,0.272707635813803,0,2,37.64689636,127.03343201
1756,1756.서울북부광역등기국,3499,333,602,860,0.0951700485853101,0.172049156901972,0.24578450985996,0,2,37.65148544,127.04431915
1757,1757.솔밭공원역 1번출구 앞,4788,440,735,1393,0.0918964076858814,0.153508771929825,0.29093567251462,0,2,37.65568542,127.01338196
1758,1758.솔밭공원역 1번출구 주변,6713,765,912,2037,0.113957991955906,0.135855802174885,0.303441084462982,0,2,37.65727997,127.01375580
1759,1759.서울북부지방법원 앞,7282,979,1866,1562,0.134441087613293,0.256248283438616,0.214501510574018,0,3,37.67721939,127.04863739
1761,1761.방학중학교 앞,3693,775,508,888,0.20985648524235,0.137557541294341,0.240454914703493,0,1,37.66562271,127.03108978
1762,1762.북한산 한신휴플러스APT앞,21031,4474,2609,5416,0.212733583757311,0.124054966478056,0.257524606533213,3,1,37.65533829,127.04241943
1765,1765.쌍문역 1번출구 주변,12226,831,2434,3334,0.0679699002126615,0.199083919515786,0.272697529854409,0,2,37.64966965,127.03561401
1767,1767.방학초등학교 앞,15011,2947,1898,3632,0.196322696689095,0.126440610219173,0.241955899007395,0,1,37.66250992,127.03327942
1768,1768.신동아타워 버스정류소,7811,992,1333,2064,0.127000384073742,0.170656766099091,0.264242734605044,0,2,37.66208267,127.02874756
1770,1770.도봉한신아파트 주변,13996,1577,2060,2754,0.11267505001429,0.147184909974278,0.196770505858817,0,3,37.68473816,127.05004120
1771,1771.성원APT버스정류소,11776,1967,1506,3188,0.16703464673913,0.12788722826087,0.270720108695652,0,1,37.65796661,127.03009033
1772,1772.시립도봉노인복지관 버스정류소,7582,1204,935,2141,0.158797151147454,0.123318385650224,0.282379319440781,0,2,37.65805054,127.03575897
1774,1774.정의여중고 버스정류소,4933,899,794,1302,0.18224204338131,0.160956821406852,0.263936752483276,0,1,37.65134811,127.03472900
1775,1775.신원리베르텔 앞,11666,505,2304,3020,0.0432881878964512,0.197496999828562,0.258871935539174,0,2,37.65128708,127.04554749
1804,1804. 독산역 2번출구 자전거주차장,17246,4545,4346,3114,0.263539371448452,0.252000463875681,0.180563608952801,3,3,37.46652985,126.88871765
1805,1805. 서울디지털운동장 앞,12908,2684,3609,1889,0.207933064766037,0.279594050201425,0.146343352959405,0,3,37.48228836,126.87776947
1806,1806. 에이스하이엔드타워9차 앞,10856,1272,5238,1307,0.117170228445099,0.482498157700811,0.120394252026529,0,0,37.48621368,126.87863922
1808,1808. 에이스하이엔드타워8차 앞,12823,386,6755,1327,0.0301021601809249,0.526787803166186,0.103485923730796,0,0,37.47320938,126.88494110
1809,1809. LG전자 별관동(호서대 벤처타워 맞은편),12884,1194,5867,1085,0.0926730828935113,0.455371002794163,0.084212977336231,0,0,37.47077942,126.88515472
1812,1812. 갑을그레이트밸리 앞,7239,793,2347,1314,0.109545517336649,0.324216051940876,0.1815167840862,0,3,37.47903061,126.88729858
1814,1814. 두산위브아파트 옆 상가건물 앞,13116,3963,1631,2941,0.302150045745654,0.124351936566026,0.224229948154925,3,1,37.47422028,126.89412689
1819,1819. 금천구청 앞 자전거거치대,3773,339,775,742,0.0898489265836205,0.205406838059899,0.196660482374768,0,3,37.45647812,126.89592743
1820,1820. 신한은행 시흥대로금융센터지점,2890,497,540,574,0.1719723183391,0.186851211072664,0.198615916955017,0,3,37.44334030,126.90335846
1821,1821. 홈플러스 시흥점 맞은편 다비치안경 앞,7830,1902,938,2096,0.242911877394636,0.119795657726692,0.267688378033206,0,1,37.45145798,126.90211487
1822,1822. 서울 시흥동우체국 앞,1021,208,171,259,0.203721841332027,0.167482859941234,0.253672869735553,0,1,,
1823,1823. W컨템포오피스텔앞,3517,745,525,676,0.211828262723912,0.149274950241683,0.192209269263577,0,1,37.45891190,126.89859009
1824,1824. 독산근린공원 입구,18601,4529,2401,5168,0.2434815332509,0.129079081769797,0.277834525025536,3,1,37.46455002,126.88372803
1825,1825. 한신아파트 앞 육교 아래,6637,1498,1276,1670,0.225704384511074,0.192255537140274,0.251619707699262,0,1,37.45470047,126.89105225
1826,1826. 한신코아 앞,4140,1018,650,1004,0.245893719806763,0.157004830917874,0.242512077294686,0,1,37.45684052,126.88834381
1827,1827. 독산보도육교 앞 자전거 보관소,17244,2145,4191,5055,0.124391092553932,0.243041057759221,0.293145441892832,3,2,37.45672607,126.89306641
1828,1828. 독산동 한양수자인아파트 앞,10066,2855,1272,2138,0.283628054838069,0.126365984502285,0.212398172064375,0,1,37.47531891,126.89888763
1829,1829. 홈플러스 금천점 앞,8428,1134,1660,2003,0.134551495016611,0.196962505932606,0.23766018035121,0,3,37.46913910,126.89720154
1830,1830. 빅마켓 금천점 앞,18014,4643,4207,3394,0.25774397690685,0.233540579549239,0.188409015210392,3,1,37.47023010,126.89507294
1831,1831. 한국전력 구로금천지사 앞,6258,1658,1079,1159,0.264940875679131,0.172419303291787,0.185202940236497,0,1,37.47249985,126.89795685
1833,1833. 독산역 1번출구 A,9657,3034,1477,1766,0.314176245210728,0.152946049497774,0.182872527700114,0,1,37.46654129,126.89028168
1834,1834. 월드메르디앙 벤처센터 2차,14257,658,7093,2166,0.0461527670617942,0.497509995090131,0.151925369993687,3,0,37.47908401,126.87904358
1835,1835. STX V타워,6965,1725,2300,853,0.247666905958363,0.330222541277818,0.122469490308686,0,3,37.47706985,126.88442993
1836,1836. 금천구립 독산도서관,1928,383,328,445,0.198651452282158,0.170124481327801,0.230809128630705,0,1,37.46740341,126.90814209
1839,1839. 수출의 다리 아래,8470,251,3505,1349,0.0296340023612751,0.413813459268005,0.15926800472255,0,0,37.47743607,126.88615417
1840,1840. 솔브레인이엔지 뒤편,6869,1315,2505,819,0.191439802009026,0.364681904207308,0.119231329159994,0,0,37.47555161,126.88845825
1841,1841. 가산동 주민센터,17068,6416,1863,3259,0.375908132177174,0.109151628779002,0.190942113897352,3,1,37.47695160,126.89186859
1842,1842. 한울중학교,2951,948,178,557,0.321247034903423,0.0603185360894612,0.188749576414775,0,1,37.46257401,126.90686035
1843,1843. 독산고등학교,5689,1402,615,1380,0.246440499209,0.108103357356302,0.242573387238531,0,1,37.47709656,126.91113281
1845,1845. 롯데캐슬골드파크1차 서문,7,2,1,2,0.285714285714286,0.142857142857143,0.285714285714286,0,1,37.46028900,126.89218903
1846,1846. 롯데캐슬골드파크1차 동문,13507,6123,1082,2644,0.453320500481232,0.0801066113866884,0.195750351669505,3,1,37.46017075,126.89604187
1847,1847. 독산주공 14단지 버스정류소,2643,587,760,631,0.222096102913356,0.287552024214907,0.238743851683693,0,3,37.46093369,126.88716888
1848,1848. 벽산 디지털밸리 5차,13908,790,7729,1238,0.0568018406672419,0.555723324705206,0.0890135174000575,3,0,37.47627640,126.88539124
1849,1849. 대륭포스트타워5차,6116,970,1302,1174,0.158600392413342,0.212884238064094,0.191955526487901,0,3,37.48135376,126.88694000
1850,1850. 코오롱테크노밸리,4043,215,1286,653,0.0531783329210982,0.318080633193173,0.161513727430126,0,0,37.48015976,126.88636780
1851,1851. 가산디지털단지 9번출구 인근,27458,8079,7187,4016,0.294231189452983,0.261745210867507,0.14625974215165,3,3,37.48123169,126.88148499
1853,1853. 청년취업사관학교앞,4593,1804,530,913,0.392771608970172,0.115392989331592,0.19878075332027,0,1,37.47248077,126.89586639
1854,1854. 가산아네스트 오피스텔 앞,8633,3068,1318,1791,0.355380516622263,0.152669987258195,0.207459747480598,0,1,37.47817993,126.89740753
1855,1855. 성지아파트 옆 도로변,1608,234,201,379,0.145522388059701,0.125,0.235696517412935,0,2,37.45132065,126.89762115
1856,1856. 모두의학교,6823,2021,745,1698,0.296204015828814,0.109189506082368,0.248864136010553,0,1,37.47840881,126.90737152
1857,1857. 주공14단지,3098,1202,319,663,0.387992253066494,0.10296965784377,0.21400903808909,0,1,37.46055984,126.88709259
1858,"""1858. 500번,507번 버스 종점 앞""",2920,222,851,860,0.076027397260274,0.291438356164384,0.294520547945205,0,2,37.43727112,126.90268707
1859,1859. 대륭테크노타운 18차,6279,215,3531,430,0.0342411211976429,0.562350692785475,0.0684822423952859,0,0,37.46799850,126.88684082
1861,1861.IBK기업은행 석수역 지점 앞,2155,160,538,610,0.074245939675174,0.249651972157773,0.283062645011601,0,2,37.43698120,126.90329742
1862,1862.MD호텔 앞,8984,2911,1377,1619,0.324020480854853,0.153272484416741,0.180209260908281,0,1,37.46134567,126.89758301
1863,1863.위너스 스포츠클럽 골프연습장옆,4213,1443,408,734,0.342511274626157,0.0968431046760029,0.174222644196535,0,1,37.46053696,126.89860535
1864,1864.산호시티빌 옆,3931,911,565,945,0.231747646909183,0.143729330959043,0.240396845586365,0,1,37.45652008,126.89955139
1865,1865.금천구청앞(M빌딩),4109,827,813,742,0.201265514723777,0.197858359698223,0.180579216354344,0,3,37.45633316,126.89645386
1866,1866.서울안천초등학교 옆,2248,280,439,538,0.124555160142349,0.195284697508897,0.23932384341637,0,3,37.45777893,126.88942719
1867,1867.대륭포스트타워6차 앞,56544,10846,20542,7516,0.191815223542728,0.363292303338993,0.132923033389926,2,0,37.48088837,126.88380432
1868,1868.우리은행 시흥남자동화점 앞,4627,1019,549,1160,0.22022909012319,0.118651393991787,0.250702398962611,0,1,37.44785309,126.90288544
1869,1869.롯데캐슬골드파크3차 301동 앞,10226,3199,1103,1981,0.312830041071778,0.107862311754352,0.193721885390182,0,1,37.45901871,126.89671326
1870,1870.독산3동주민센터 앞,8252,2121,1107,1790,0.257028599127484,0.134149297140087,0.216917111003393,0,1,37.47507095,126.90335846
1901,1901. 신도림동주민센터 앞,24615,5327,4149,5667,0.21641275644932,0.168555758683729,0.230225472273004,3,1,37.50733185,126.87973022
1904,1904. 도림천역 1번 출구 앞,26783,6158,3606,5872,0.22992196542583,0.134637643281186,0.219243550013068,3,1,37.51424026,126.88287354
1906,1906. 신도림역 1번 출구 앞,59498,13084,15252,13357,0.219906551480722,0.25634475108407,0.22449494100642,2,3,37.50971985,126.89009857
1907,1907. 구일우성(아) 육교 밑,17998,4975,2504,3963,0.27641960217802,0.139126569618847,0.220191132348039,3,1,37.48963165,126.87625885
1908,1908. 해원리바파크 육교 밑,35460,8933,6834,8707,0.251917653694303,0.192724196277496,0.245544275239707,2,1,37.49528503,126.87216187
1910,1910. 낙원교회 맞은편,6013,1592,943,1193,0.264759687344088,0.156826875103941,0.198403459171794,0,1,37.49750519,126.88437653
1911,1911. 구로디지털단지역 앞,70484,12588,17379,15256,0.178593723398218,0.246566596674423,0.216446285681857,2,3,37.48493958,126.90132141
1912,1912. 한신휴아파트 앞,26443,5622,4664,6434,0.212608251711228,0.176379382067088,0.243315811367848,3,1,37.48880005,126.89066315
1914,1914. 대림역4번출구,33618,6140,6989,7405,0.182640252245821,0.207894580284371,0.220268903563567,3,3,37.49440384,126.89444733
1916,1916. 구로중학교앞,10796,2179,1678,2727,0.201834012597258,0.155427936272694,0.25259355316784,0,1,37.49414062,126.88998413
1920,1920. 서울미래초등학교 사거리,15960,2890,2347,3938,0.181077694235589,0.147055137844612,0.246741854636591,3,1,37.50437927,126.88829803
1924,1924. 삼부르네상스파크빌,16945,4522,3564,3200,0.266863381528474,0.21032753024491,0.188846267335497,3,1,37.47874069,126.89509583
1925,1925. 동양미래대학교 정문 옆,48965,6598,7521,13120,0.134749310732156,0.153599509853977,0.267946492392525,2,2,37.49988937,126.86769867
1928,1928. 고척스카이돔구장 광장,17336,2604,2741,3864,0.150207660359945,0.158110290724504,0.222888786340563,3,3,37.49946976,126.86840057
1929,1929. 고척근린공원 고척도서관 앞,15522,1806,2210,4120,0.116350985697719,0.142378559463987,0.265429712665894,0,2,37.50381470,126.85195923
1930,1930. 개봉지구대 개봉치안센터,10408,2279,1329,2506,0.218966179861645,0.127690238278247,0.240776325903151,0,1,37.49768448,126.85372925
1931,1931. 개봉역2번출구 A,16824,3495,3853,3379,0.207738944365193,0.229018069424631,0.20084403233476,3,3,37.49499512,126.85825348
1933,1933. 개봉푸르지오아파트 상가,21481,5207,2947,5277,0.242400260695498,0.137191006005307,0.245658954424841,3,1,37.50170517,126.84728241
1936,1936. 개봉역 1번 출구 자전거보관서쪽,8757,1541,1995,1971,0.175973506908759,0.227817745803357,0.225077081192189,0,3,37.49428177,126.85921478
1937,1937. 한진아파트 입구,12538,2305,1495,3235,0.183841122986122,0.119237517945446,0.258015632477269,0,1,37.48606110,126.85201263
1941,1941. 오류동역 2번출구,12450,2437,2347,2865,0.19574297188755,0.1885140562249,0.230120481927711,0,1,37.49367142,126.84370422
1943,1943. 온수역 북측,3826,222,789,978,0.0580240460010455,0.206220595922635,0.255619445896498,0,2,37.49279022,126.82452393
1946,1946. 구로역 광장,33888,6815,8994,6033,0.201103635505194,0.265403682719547,0.178027620396601,2,3,37.50311661,126.88038635
1951,1951. 천왕이펜하우스 4단지 후문,3541,863,461,952,0.243716464275628,0.130189212086981,0.268850607173115,0,1,37.48070526,126.83895874
1952,1952. 천왕연지타운2단지 앞,16713,3355,2527,4429,0.200741937413989,0.15119966493149,0.265003290851433,3,1,37.48210526,126.84572601
1953,1953. 천왕역 4번출구 뒤,11356,1776,2543,2477,0.15639309616062,0.22393448397323,0.218122578372666,0,3,37.48638535,126.83921051
1955,1955. 디지털입구 교차로,26631,1734,6024,6531,0.0651120874169201,0.226202545905148,0.24524050918103,3,2,37.48288345,126.90103912
1956,1956. 동아1차APT105동 버스정류장(신도림중학교 방면),22959,6010,3919,5035,0.261770983056753,0.170695587786925,0.219303976654035,3,1,37.51000977,126.88204956
1957,1957. 구일고등학교 정문,25828,7936,2802,5459,0.307263435031748,0.108486913427288,0.211359764596562,3,1,37.49340057,126.87432861
1958,1958. 강서수도사업소민원센터,20189,3854,3623,4608,0.190896032492942,0.179454158204963,0.228243102679677,3,1,37.49578094,126.89012146
1959,1959. 구로구의회 앞,19397,3532,4083,4128,0.182090013919678,0.210496468526061,0.212816414909522,3,3,37.49651337,126.88957214
1960,1960. 구로거리공원 동측(신도림역 방면),14123,3305,2095,3500,0.234015435813921,0.148339587906252,0.247822700559371,3,1,37.50284958,126.88948059
1961,1961. 신도림테크노근린공원,10996,1416,3794,2365,0.128774099672608,0.345034558021099,0.215078210258276,0,3,,
1962,1962. 가리봉동주민센터,19322,3701,5738,2443,0.19154331849705,0.296967187661733,0.126436186730152,3,3,37.48160172,126.89279938
1964,1964. 원메디타운 앞,28359,4128,4322,6653,0.145562255368666,0.152403117176205,0.234599245389471,3,2,37.49789047,126.86450195
1965,1965. 삼환로즈빌아파트 105동 옆,12586,1743,1988,3473,0.138487208008899,0.157953281423804,0.275941522326394,0,2,37.49724197,126.85912323
1966,1966. 한마을아파트 정문상가,18769,4856,2172,4361,0.258724492514252,0.115722734295913,0.232351217433001,3,1,37.49649811,126.86309814
1967,1967. 참새공원(백곡경노당),5484,1136,580,1393,0.207148067104303,0.105762217359592,0.25401167031364,0,1,37.50513840,126.84433746
1969,1969. 궁동생태공원,1478,134,195,409,0.0906630581867388,0.131935047361299,0.276725304465494,0,2,37.50190353,126.82896423
1971,1971. 오정초교 앞 보도육교,1848,104,303,413,0.0562770562770563,0.163961038961039,0.223484848484848,0,2,37.49072266,126.82639313
1973,1973. 오리로와 서해안도로 교차로 앞,5731,1060,686,1439,0.184958994939801,0.119699877857267,0.251090560111673,0,1,37.48859787,126.83649445
1974,1974. 신도림2차e편한세상아파트 203동 앞,13961,2639,2066,3573,0.189026574027648,0.147983668791634,0.255927225843421,0,1,37.50518036,126.88253784
1975,1975. 대림역 1번 출입구 밑,20420,3284,4161,4933,0.160822722820764,0.203770812928501,0.241576885406464,3,3,37.49256516,126.89475250
1976,1976. 남구로역 5번 출입구 앞,9419,2051,1682,1617,0.217751353646884,0.178575220299395,0.171674275400786,0,1,37.48567963,126.88670349
1977,1977. 천왕역 1번 출입구 앞,21428,3228,4877,4713,0.150644017173791,0.227599402650737,0.219945865223073,3,3,37.48620987,126.83882141
1979,1979. 구로1동우체국 앞,3414,897,302,825,0.26274165202109,0.0884592852958407,0.241652021089631,0,1,37.49203110,126.87377167
1981,1981. 천왕지구삼거리 앞,8643,2475,1081,1951,0.286358903158625,0.125072312854333,0.22573180608585,0,1,37.47943115,126.84269714
1983,1983. 구로동롯데아파트,11853,2274,1440,3017,0.191850164515313,0.121488230827639,0.254534716949296,0,1,37.50254822,126.88388062
1985,1985. 구로도서관,43317,7373,6960,10797,0.170210310039938,0.160675947087748,0.249255488607244,2,1,37.49851608,126.89199066
1986,1986. 태평양물산,31892,1150,14820,4255,0.0360591997993227,0.464693340022576,0.133419039257494,3,0,37.48485947,126.89518738
1987,1987. 개봉아이파크아파트 앞,15885,4713,1688,4476,0.296694995278565,0.106263770853006,0.281775259678942,3,1,37.49034119,126.86093140
1988,1988. 고척LIGA아파트 앞,24321,6741,3159,5913,0.277167879610213,0.129887751326015,0.243123226841002,3,1,37.50605011,126.86078644
1991,1991. 오류동역 맞은편,16632,2177,2394,4648,0.130892255892256,0.143939393939394,0.279461279461279,3,2,37.49676132,126.84496307
1992,1992. 구로구배드민턴실내체육관 앞,4784,531,620,975,0.110994983277592,0.129598662207358,0.203804347826087,0,3,37.49179840,126.83242035
1993,1993. 금강수목원아파트 앞,9097,1867,1362,2186,0.205232494228867,0.149719687809168,0.240298999670221,0,1,37.48937988,126.83419800
1994,1994. 삼성전자 물류센터 앞,19630,6081,3060,4719,0.309780947529292,0.15588385124809,0.240397350993377,3,1,37.49699783,126.87178040
1996,1996. 구일역 1번 출입구 앞,25188,4022,4661,7485,0.159679212323329,0.185048435763062,0.297165316817532,3,2,37.49539948,126.87100983
1998,1998. 고척교 교차로,7112,763,1334,2196,0.107283464566929,0.187570303712036,0.308773903262092,0,2,37.49856949,126.87152100
1999,1999. 수궁동 성당 주변,5715,605,914,1232,0.10586176727909,0.159930008748906,0.215573053368329,0,3,37.49525833,126.83065796
2000,2000. 신도림4차 e편한세상 아파트 1109동 앞,20073,2656,3127,5593,0.132317042793803,0.155781397897673,0.278632989588004,3,2,37.51232910,126.88683319
2002,2002. 노들역 1번출구,35169,3801,5524,12506,0.10807813699565,0.157070147004464,0.355597258949643,2,2,37.51284409,126.95246887
2003,2003. 사육신공원앞,12279,1224,1823,3701,0.0996823845590032,0.148464858701849,0.301408909520319,0,2,37.51335907,126.94805908
2007,2007. 유한양행앞,27,3,7,0,0.111111111111111,0.259259259259259,0,0,0,37.51293945,126.93424225
2008,2008. 노량진근린공원 대방공원,6096,1130,653,1597,0.185367454068241,0.107119422572178,0.261975065616798,0,1,37.50936890,126.92807007
2009,2009. 보라매역 8번출구,9423,890,1704,2511,0.0944497506102091,0.180834129258198,0.26647564469914,0,2,37.50007629,126.92108154
2012,2012. 대림사거리(동작상떼빌아파트),11287,1584,2116,2790,0.140338442455923,0.187472313280765,0.247187029325773,0,2,37.48836136,126.90622711
2013,2013. 장승배기역 5번출구,14007,1832,2308,3828,0.130791746983651,0.164774755479403,0.273291925465839,0,2,37.50585175,126.93936157
2015,2015. 신대방삼거리역 6번출구쪽,21314,3905,2604,5752,0.183212911701229,0.122173219480154,0.269869569297176,3,1,37.49985504,126.92956543
2016,2016. 신대방삼거리역 3번출구쪽,11857,2095,1574,3289,0.176688875769588,0.132748587332377,0.277388884203424,0,1,37.49964523,126.92709351
2020,2020. 장승배기역2번출구뒷편쪽,6945,964,1184,1681,0.138804895608351,0.170482361411087,0.242044636429086,0,2,37.50449753,126.93898773
2024,2024. 상도역 1번출구,4804,754,754,1273,0.156952539550375,0.156952539550375,0.264987510407993,0,2,37.50217819,126.94820404
2025,2025. 흑석역 1번출구,23316,2271,4679,6890,0.0974009264024704,0.200677646251501,0.295505232458398,3,2,37.50938034,126.96361542
2026,2026. 흑석역 4번출구,6015,979,1133,1300,0.162759767248545,0.18836242726517,0.216126350789692,0,3,37.50858688,126.96349335
2027,2027. 중앙대학교 정문 1,5230,303,1133,1281,0.0579349904397706,0.216634799235182,0.244933078393881,0,2,37.50704193,126.95915222
2032,2032. 이수역 11번출구쪽,20173,2244,4024,5176,0.111237793089773,0.199474545184157,0.256580578000297,3,2,37.48550797,126.98162079
2033,2033. 사당동 아르테스 웨딩앞,12094,1736,1830,3068,0.14354225235654,0.151314701504878,0.253679510501075,0,2,37.48149109,126.98158264
2034,2034. 사당역 7번출구쪽,7534,898,1415,2062,0.11919299177064,0.187815237589594,0.27369259357579,0,2,37.47689056,126.98057556
2036,2036. 정금마을 마을버스정류장,7936,1054,1020,2193,0.1328125,0.128528225806452,0.276335685483871,0,2,37.49466324,126.98244476
2037,2037. 동작역 5번출구 동작주차공원,3009,131,574,1187,0.0435360584911931,0.190761050182785,0.39448321701562,0,2,37.50318909,126.97714996
2038,2038. 동작역 7번출구,6951,698,1399,2310,0.100417206157387,0.201266004891383,0.332326283987915,0,2,37.50318146,126.97608948
2040,2040. 비계 버스정류소,2285,288,237,735,0.126039387308534,0.103719912472648,0.321663019693654,0,2,37.50635910,126.96907806
2041,2041. 사당중학교 버스정류소,2360,415,243,690,0.175847457627119,0.102966101694915,0.292372881355932,0,1,37.48683548,126.96804810
2048,2048. 삼일초등학교 인근,7938,1616,777,1825,0.203577727387251,0.0978835978835979,0.229906777525825,0,1,37.48907852,126.97356415
2050,2050. 노량진역 5번출구,23492,2234,3742,6261,0.0950962029627107,0.159288268346671,0.266516260854759,3,2,37.51324844,126.93997192
2054,2054. 삼익아파트,15481,3387,1559,4202,0.21878431625864,0.100704088883147,0.27142949421872,3,1,37.51054764,126.94484711
2056,2056. 동작구민 체육센터,15180,3564,2394,2866,0.234782608695652,0.157707509881423,0.188801054018445,3,1,37.49449921,126.91652679
2057,2057. 상도 아이파크 아파트,4466,940,432,1142,0.210479175996417,0.096730855351545,0.255709807433945,0,1,37.50088120,126.94174957
2058,2058. 동작경찰서,18562,1429,2756,6004,0.0769852386596272,0.14847537980821,0.323456524081457,3,2,37.51352310,126.94352722
2059,2059. 보라매공원 정문,16690,1596,4098,4118,0.0956261234272019,0.245536249251049,0.24673457159976,3,3,37.49707794,126.91779327
2060,2060. 남성역3번출구 뒤,17220,4144,1935,4664,0.240650406504065,0.112369337979094,0.270847851335656,3,1,37.48463058,126.97154999
2062,2062. 사당새마을금고,4577,1072,577,1209,0.234214551015949,0.126065108149443,0.264146821061831,0,1,37.48665237,126.96784210
2064,2064. 흑석한강푸르지오 106동앞,575,191,32,123,0.332173913043478,0.0556521739130435,0.213913043478261,0,1,37.50535583,126.96617889
2065,2065. 서울시여성가족재단,3748,670,471,855,0.178762006403415,0.125667022411953,0.22812166488794,0,1,37.51198959,126.92708588
2066,2066. 양문교회 앞,15323,2451,2075,4167,0.15995562226718,0.135417346472623,0.271944136265744,0,2,37.48939896,126.90711212
2067,2067. 보라매역?동작세무서 버스정류장(강남중학교방면),18277,1964,3490,5040,0.107457460195875,0.190950374787985,0.275756415166603,3,2,37.49766922,126.91986847
2068,2068. 총신대 앞(육교),1702,278,337,378,0.163337250293772,0.198002350176263,0.222091656874266,0,3,37.48815918,126.96647644
2069,2069. 숭실대 입구역3번 출구 앞,6643,541,1053,1819,0.0814391088363691,0.158512720156556,0.273822068342616,0,2,37.49660110,126.95368195
2070,2070. 노량진역 2번 출구 앞,14628,1035,2732,4753,0.0707547169811321,0.186765108012032,0.324924801750068,0,2,37.51391983,126.94306946
2071,2071. 대림아파트 후문 상가 옆,6360,1162,671,1675,0.182704402515723,0.105503144654088,0.263364779874214,0,1,37.48886871,126.97190857
2077,2077.노들역 3번출구,12249,2646,1629,3707,0.216017634092579,0.132990448199853,0.302636949955098,0,1,37.51193619,126.95416260
2078,2078.흑석 아크로리버하임(103동),1996,201,371,579,0.100701402805611,0.185871743486974,0.290080160320641,0,2,37.51083755,126.96163177
2079,2079.중앙대학교 중앙광장,2073,287,328,534,0.138446695610227,0.158224794983116,0.257597684515195,0,2,37.50667191,126.95777893
2080,2080. 대방지하보도(대방동경남아너스빌아파트),13656,1949,2949,3287,0.14272114821324,0.215949033391916,0.240700058582308,0,3,37.51213455,126.92543793
2082,2082.7호선 이수역7번출구,10674,1100,2286,2538,0.103054150271688,0.214165261382799,0.237774030354132,0,3,37.48460770,126.98179626
2083,2083.흑석롯데캐슬에듀포레(107동),5455,1117,682,1484,0.204766269477544,0.125022914757104,0.272043996333639,0,1,37.50470352,126.96073151
2084,2084.e편한세상 상도노빌리티 앞,7348,486,1140,1969,0.0661404463799673,0.155144256940664,0.267964071856287,0,2,37.50456238,126.94678497
2085,2085.강남중학교 앞,11651,2264,1763,2979,0.194318084284611,0.151317483477813,0.255686207192516,0,1,37.50274277,126.92157745
2086,2086.삼일수영장 앞,13302,3896,1098,3087,0.292888287475568,0.0825439783491204,0.232070365358593,0,1,37.48712158,126.97435760
2088,2088.상도중앙하이츠빌 입구,3427,857,365,858,0.25007295010213,0.106507149110009,0.250364750510651,0,1,37.50024796,126.94972992
2089,2089.사당역10번출구(금강빌딩),9939,1073,1608,2582,0.107958547137539,0.161786900090552,0.259784686588188,0,2,37.47910690,126.98150635
2090,2090.기아자동차 사당점 앞,11640,2779,1622,3041,0.238745704467354,0.139347079037801,0.261254295532646,0,1,37.48377991,126.97792053
2091,2091. 이수역9번출구,11298,891,2418,2856,0.0788635156664897,0.214020180562931,0.252788104089219,0,2,37.48470306,126.98059082
2092,2092.흑석한강푸르지오(110동),3833,891,389,906,0.232454996086616,0.101487085833551,0.236368379859118,0,1,37.50311279,126.96471405
2093,2093.상도SH빌아파트 입구,1966,225,254,563,0.114445574771109,0.129196337741607,0.286368260427263,0,2,37.50321198,126.95459747
2094,2094.숭실대학교(중문),4178,376,600,1265,0.089995213020584,0.143609382479655,0.302776448061273,0,2,37.49550629,126.95637512
2095,2095.경문고등학교 앞,8907,1612,1140,2161,0.180981250701695,0.127989221960256,0.242618165487819,0,1,37.49150085,126.98240662
2096,2096.서울특별시 동작관악교육지원청,1132,356,149,243,0.314487632508834,0.131625441696113,0.214664310954064,0,1,37.50251389,126.94065094
2102,2102. 봉림교 교통섬,65867,4385,11018,20677,0.0665735497289993,0.167276481394325,0.313920476110951,2,2,37.48408508,126.92688751
2103,2103. 신림동 우방아파트,12134,2627,1780,3450,0.216499093456404,0.146695236525466,0.284325037085874,0,1,37.48917770,126.91927338
2104,2104. 사당역 5번출구,11670,700,2266,3301,0.0599828620394173,0.194173093401885,0.282862039417309,0,2,37.47608948,126.98133087
2105,2105. 미성동 신림체육센터,10436,1783,1248,2631,0.170850900728248,0.119586048294366,0.252108087389805,0,1,37.48025131,126.91460419
2106,2106. 세이브마트,14588,2095,1705,3752,0.143611187277214,0.11687688511105,0.257197696737044,0,2,37.47372818,126.91840363
2108,2108. 은천치안센터,13973,2165,2115,3856,0.154941673226938,0.151363343591212,0.275960781507192,0,2,37.48334122,126.94319916
2109,2109. 은천로입구 가로공원,29384,7312,3583,7932,0.248842907704873,0.121937108630547,0.26994282602777,3,1,37.48620224,126.93581390
2110,2110. 조원동 미성아파트,15916,1894,3109,4069,0.118999748680573,0.195338024629304,0.255654687107313,3,2,37.48319244,126.90203094
2111,2111. 서울대입구역 1번출구,11556,936,1841,3212,0.0809968847352025,0.159311180339218,0.277950848044306,0,2,37.48086929,126.95331573
2112,2112. 서울대입구역 마에스트로,8093,633,1151,2370,0.0782157419992586,0.142221673050785,0.29284566909675,0,2,37.48133850,126.95064545
2113,2113. 관악동작견인차량보관소,1,0,1,0,0,1,0,0,0,37.48466110,126.90390015
2115,2115. 관악구시설관리공단,15727,3903,2081,3861,0.248171933617346,0.132320213645323,0.24550136707573,3,1,37.47991562,126.90283966
2116,2116. 에이스에이존빌딩,6413,272,1101,1771,0.0424138468735381,0.171682519881491,0.276157804459691,0,2,37.48170471,126.95082855
2119,2119. 중앙동 동진빌딩,7892,1422,1148,1935,0.180182463253928,0.1454637607704,0.245184997465788,0,1,37.48425674,126.95469666
2122,2122. 낙성대로 입구,5960,499,904,1654,0.0837248322147651,0.151677852348993,0.27751677852349,0,2,37.47805786,126.96049500
2127,2127. 난곡종점,5418,886,508,1436,0.163528977482466,0.0937615356220007,0.265042451088963,0,1,37.46488571,126.91947937
2128,2128. 관악구청교차로,4770,520,735,1211,0.109014675052411,0.154088050314465,0.253878406708595,0,2,37.47916412,126.95258331
2129,2129. 낙성대 과학전시관,3087,213,628,828,0.0689990281827016,0.203433754454163,0.268221574344023,0,2,37.46905518,126.95814514
2130,2130. 영어마을 관악캠프,1751,100,316,551,0.0571102227298686,0.180468303826385,0.314677327241576,0,2,37.47198868,126.95842743
2135,2135. 신림역 5번출구,4,0,0,0,0,0,0,0,3,37.48440933,126.92890930
2136,2136. 신림역 8번출구,41976,3443,6650,12118,0.0820230607966457,0.15842386125405,0.288688774537831,2,2,37.48450851,126.93006897
2137,2137. KT&G 관악지점,5717,904,791,1579,0.158124890676928,0.138359279342312,0.276193807941228,0,2,37.48490143,126.93653107
2139,2139. 서울신성초등학교,5870,1145,903,1550,0.195059625212947,0.153833049403748,0.264054514480409,0,1,37.47116470,126.93701935
2140,2140. 신림1교 교차로,20962,3693,2730,6033,0.176175937410552,0.130235664535827,0.28780650701269,3,1,37.47842789,126.93186188
2143,2143. 서울산업정보학교,3412,432,635,985,0.126611957796014,0.186107854630715,0.288686987104338,0,2,37.47069550,126.94219971
2144,2144. 난우길입구,4473,517,673,1115,0.115582383188017,0.150458305387883,0.249273418287503,0,2,37.47777557,126.91675568
2145,2145. 은천초등학교 육교,7781,1637,895,1972,0.210384269374116,0.115023775864285,0.253437861457396,0,1,37.48635864,126.94292450
2148,2148. 낙성대역 3번출구 뒤,7187,870,1336,1663,0.121051899262557,0.185891192430778,0.231390009739808,0,3,37.47702789,126.96339417
2156,2156. 신림푸르지오아파트,9013,1843,1265,2263,0.204482414290469,0.140352823699101,0.251081770775546,0,1,37.48072052,126.90932465
2159,2159. 인헌초교,2973,196,327,1010,0.0659266733938782,0.109989909182644,0.339724184325597,0,2,37.47509003,126.95922852
2164,2164. 관악우체국,8511,952,1178,2203,0.111855246152039,0.138409117612501,0.258841499236282,0,2,37.48476791,126.93287659
2165,2165. JK장평타워,2223,122,393,656,0.054880791722897,0.176788124156545,0.295096716149348,0,2,37.47648239,126.96536255
2167,2167. 낙성대역 1번출구,4423,277,826,1293,0.0626271761248022,0.186751073931721,0.292335518878589,0,2,37.47629547,126.96495819
2169,2169. 봉천역 2번출구,14456,1569,2308,3790,0.108536247924737,0.159656889872717,0.262174875484228,0,2,37.48218918,126.94213104
2170,2170. 조원동 강남힐병원,9463,2303,1060,2469,0.243368910493501,0.112015217161577,0.260910916199937,0,1,37.48152924,126.91203308
2171,2171. 서울대입구역 5번출구,13601,1027,2698,3718,0.0755091537386957,0.19836776707595,0.273362252775531,0,2,37.48154831,126.95200348
2172,2172. 나들목공원,8479,545,1596,2797,0.0642764476943036,0.188229744073594,0.329873805873334,0,2,37.46940613,126.94451141
2173,2173. 당곡사거리,27808,2382,5001,7839,0.0856588032220944,0.179840333716916,0.281897295742232,3,2,37.48974991,126.92746735
2174,2174. 삼성디지털프라자관악점,6599,519,914,1928,0.0786482800424307,0.138505834217306,0.292165479618124,0,2,37.48856354,126.92848206
2175,2175. 신림동걷고싶은문화의거리입구,10858,729,1498,3124,0.0671394363602874,0.137962792411125,0.287714127832013,0,2,37.48730087,126.92870331
2176,2176. 보라매공원 보도육교,35163,6099,4834,10261,0.173449364388704,0.137474049426954,0.291812416460484,2,2,37.48899078,126.91638184
2177,2177. 신대방역 2번 출구,14652,1748,2794,4149,0.119301119301119,0.190690690690691,0.283169533169533,0,2,,
2178,2178. 서울대학교 정문,8386,325,2243,2265,0.0387550679704269,0.267469592177439,0.270093012163129,0,2,37.46709442,126.94932556
2179,2179. 양녕로 입구,11162,993,1754,3398,0.0889625515140656,0.157140297437735,0.304425730155886,0,2,37.48218918,126.94615936
2184,2184. 구암초등학교 버스정류장,2834,480,309,866,0.169371912491179,0.109033168666196,0.305575158786168,0,2,37.48949051,126.94592285
2185,2185. 대학동 고시촌,11997,1721,1607,3477,0.143452529799116,0.133950154205218,0.289822455613903,0,2,37.47046661,126.93865204
2186,2186. 낙성대입구삼거리,4695,504,718,1326,0.107348242811502,0.152928647497338,0.282428115015974,0,2,37.47882080,126.95960999
2187,2187. 현대시장사거리,14485,2410,1937,3860,0.166379012771833,0.133724542630307,0.266482568173973,0,1,37.48673630,126.94751740
2189,2189. 봉천역 4번출구,12827,699,2490,3418,0.0544944258205348,0.194121774382163,0.2664691666017,0,2,37.48275375,126.94140625
2190,2190.도원맨션,5245,447,1019,1510,0.0852240228789323,0.194280266920877,0.28789323164919,0,2,37.48368835,126.93915558
2191,2191.대학동주민센터,11176,1357,1618,3067,0.121420901932713,0.144774516821761,0.274427344309234,0,2,37.47068787,126.93648529
2195,2195.은천교회,11899,2593,1375,3348,0.217917472056475,0.11555592906967,0.281368182200185,0,1,37.48464584,126.93450928
2196,2196. 봉천역 3번출구,6617,635,1181,1806,0.0959649387940154,0.178479673568082,0.272933353483452,0,2,37.48331070,126.93902588
2198,2198.사랑의병원,6559,817,752,1857,0.124561670986431,0.114651623723129,0.283122427199268,0,2,37.47946548,126.95693207
2199,2199.신봉천주유소 A,1987,199,303,599,0.100150981378963,0.152491192752894,0.301459486663312,0,2,37.47877121,126.95869446
2202,2202.청계산입구역 1번출구,16748,3535,4416,3139,0.211069978504896,0.263673274420826,0.187425364222594,3,3,37.44893646,127.05437469
2203,2203. 청계산입구역 2번출구,3674,182,855,977,0.0495372890582471,0.232716385410996,0.265922700054437,0,2,37.44765854,127.05501556
2205,2205. 내곡3단지 어린이공원 앞,7486,2309,1131,1726,0.308442425861608,0.151082019770238,0.230563718942025,0,1,37.45375061,127.05937958
2206,2206. 언남초등학교 앞,10816,2720,1695,2301,0.251479289940828,0.156712278106509,0.212740384615385,0,1,37.45435715,127.06210327
2207,2207. 내곡파출소 뒤 정자,1940,331,469,401,0.170618556701031,0.241752577319588,0.206701030927835,0,3,37.45440674,127.06492615
2210,2210. 반포1동 주민센터 앞,4141,658,706,1162,0.158898816710939,0.170490219753683,0.280608548659744,0,2,37.50509644,127.01310730
2211,2211. 서초구립반포도서관 앞,16040,1709,3707,4057,0.106546134663342,0.231109725685786,0.252930174563591,3,3,37.50263596,127.01231384
2212,2212.서초현대4차아파트 201동 맞은편,9986,2077,1275,2695,0.207991187662728,0.12767875025035,0.269877828960545,0,1,37.50065231,127.01861572
2213,2213. 고속터미널역 5번출구 앞,12353,2395,2913,2737,0.193880029142718,0.235813162794463,0.221565611592326,0,3,37.50223160,127.00225830
2214,2214. 신반포역 2번출구 앞,16556,1072,2633,6789,0.0647499395989369,0.159035999033583,0.410062817105581,3,2,37.50411606,126.99748993
2215,2215. 반포종합운동장 입구,9002,871,1207,2637,0.096756276383026,0.134081315263275,0.29293490335481,0,2,37.50171280,126.99547577
2217,2217.아크로리버뷰 부지 앞,31263,3103,4928,11857,0.0992547100406231,0.157630425742891,0.379266225250296,3,2,37.51304626,127.00595856
2219,"""2219. 고속터미널역 8-1번, 8-2번 출구 사이""",41028,2305,9076,13373,0.0561811445841864,0.221214780150141,0.325948132982354,2,2,37.50619888,127.00394440
2221,2221. 방일초교 마을버스 정류장,12727,1311,2746,3324,0.103009350200361,0.215761766323564,0.261177025221969,0,2,37.48561096,126.99468231
2222,2222.사당역 12번출구 뒤,20410,2741,3763,5038,0.134296913277805,0.1843704066634,0.246839784419402,3,2,37.47806931,126.98203278
2223,2223. 방배래미안 정문 앞,3060,195,542,866,0.0637254901960784,0.177124183006536,0.283006535947712,0,2,37.47261047,126.98300934
2225,2225.백석예술대학교 제3캠퍼스 앞,1964,200,841,353,0.10183299389002,0.428207739307536,0.179735234215886,0,0,37.47375870,126.99524689
2226,2226. 신동아럭스빌아파트 앞,3429,265,1305,692,0.0772820064158647,0.380577427821522,0.201808107319918,0,0,37.47518158,127.00138855
2227,2227.방배열린문화센터 앞,8673,1580,1826,1555,0.182174564741151,0.210538452669203,0.179292055805373,0,3,37.48905182,126.99252319
2228,2228.뒷벌공원 옆,19876,4011,3823,4669,0.201801167236869,0.192342523646609,0.234906419802777,3,1,37.48976898,126.98676300
2229,2229.로고스교회 맞은 편,6709,1094,1122,1696,0.163064540169921,0.167238038455806,0.252794753316441,0,2,37.48701096,126.98496246
2230,2230.이수역 4번 출구,19188,2466,3990,4467,0.128517823639775,0.207942464040025,0.232801751094434,3,3,37.48582840,126.98262787
2231,2231. 삼성타운(삼성생명) A동 맞은편,17837,1115,6750,2689,0.0625105118573751,0.378426865504289,0.150754050569042,3,0,37.49691391,127.02496338
2233,2233. 서초신동아1차아파트 옆,5982,1010,890,1233,0.168839852892009,0.148779672350384,0.206118355065196,0,1,37.49111176,127.02295685
2235,2235.KT 서초지사 앞,3442,322,951,669,0.0935502614758861,0.276292852992446,0.194363742010459,0,3,37.48215866,127.00270081
2237,2237.서울남부터미널 대합실 입구,9111,1176,2424,2111,0.129074744813961,0.266052025024695,0.231697947535946,0,3,37.48455811,127.01486969
2239,2239.교대역 6번출구,8386,1422,1775,1468,0.169568328165991,0.211662294300024,0.175053660863344,0,3,37.49421692,127.01378632
2241,2241.양재전화국 사거리,9826,1373,2473,2396,0.139731325055974,0.251679218400163,0.24384286586607,0,3,37.48537827,127.04170227
2242,2242.양재역 10번 출구 앞,9041,2159,2033,1583,0.23880101758655,0.224864506138701,0.175091250967813,0,3,37.48398972,127.03417969
2243,2243.서울가정법원,7604,1709,1777,1484,0.224750131509732,0.233692793266702,0.195160441872699,0,3,37.48149109,127.03672791
2244,2244. 말죽거리공원 사거리,14130,1133,3262,3771,0.0801840056617127,0.230856334041047,0.26687898089172,0,2,37.47785187,127.03890991
2245,2245.양재초등학교 맞은편,8554,1300,1973,2053,0.151975683890578,0.230652326397007,0.240004676174889,0,3,37.47361374,127.03050995
2246,2246. 서울시 품질시험소 앞,7041,765,1811,1369,0.108649339582446,0.257207782985371,0.194432609004403,0,3,37.46920013,127.02900696
2247,2247.섬들근린공원,13587,2778,2017,3477,0.204460145727534,0.14845072495768,0.25590638109958,0,1,37.46263885,127.02661896
2248,2248. 서초리슈빌S 글로벌 앞,2965,900,404,646,0.3035413153457,0.136256323777403,0.21787521079258,0,1,37.45995331,127.02474213
2249,2249. 우솔초등학교 맞은편,2837,892,379,673,0.314416637292915,0.13359182234755,0.237222418047233,0,1,37.45623398,127.01934814
2250,2250. 서초유치원 맞은편,9081,1511,1457,2442,0.166391366589583,0.160444884924568,0.268913115295672,0,2,37.45579910,127.01628876
2251,2251. 더케이호텔 입구(양재2),8399,1133,2766,1453,0.134897011548994,0.32932491963329,0.172996785331587,0,3,37.46750641,127.03447723
2252,2252. 잔디마을 마을버스 정류장,16424,923,4560,3630,0.0561982464685826,0.277642474427667,0.221018022406235,3,3,37.46332169,127.03604126
2255,2255. 양재시민의숲역 1번출구,24789,5795,5675,5062,0.233773044495542,0.228932187663883,0.204203477348824,3,3,37.47016525,127.03862000
2256,2256.양재동 꽃시장 입구,4151,726,1294,760,0.174897615032522,0.311732112743917,0.18308841243074,0,3,37.46768951,127.04035950
2257,2257. 청계산 입구 삼거리,2048,40,795,458,0.01953125,0.38818359375,0.2236328125,0,0,37.46268845,127.04611206
2258,2258.구룡사 삼거리,4838,896,1047,1183,0.185200496072757,0.21641174038859,0.244522529971062,0,3,37.47153854,127.05059052
2259,2259. 잠원역 3번-4번 출구사이,19036,2045,4315,5042,0.10742803109897,0.226675772221055,0.26486656860685,3,2,37.51298904,127.01117706
2263,2263. 바우뫼문화복지회관,7897,1169,1580,1721,0.148030897809295,0.200075978219577,0.217930859820185,0,3,37.47192764,127.02684021
2264,2264. 이수역 1번출구,27504,4349,5388,7076,0.158122454915649,0.195898778359511,0.257271669575334,3,2,37.48897171,126.98271942
2265,2265. 이수고가차도 남단,16746,2081,3538,4323,0.124268482025558,0.211274334169354,0.258151200286636,3,2,37.49474335,126.98306274
2266,2266. 서초역 3번출구,8862,1422,2016,2154,0.160460392687881,0.227488151658768,0.243060257278267,0,3,37.49053955,127.00816345
2269,2269. 주홍교 하부,2924,391,580,801,0.133720930232558,0.198358413132695,0.273939808481532,0,2,37.51034927,127.01605225
2270,2270. 서초포레스타 7단지,4029,1104,562,999,0.274013402829486,0.139488706875155,0.24795234549516,0,1,37.44896698,127.05773926
2271,2271. 내방역 8번출구 앞,9062,956,1910,2342,0.105495475612448,0.21077024939307,0.258441845067314,0,2,37.48802185,126.99411774
2272,2272. 교대입구 교차로,5883,591,1571,1233,0.100458949515553,0.267040625531192,0.209586945436002,0,3,37.48730850,127.01058197
2273,2273. 일동제약 사거리,6831,602,1685,1830,0.0881276533450446,0.246669594495681,0.267896354852877,0,2,37.47782898,127.03826904
2274,2274. 양재시민의숲역 3번출구,20330,4056,5123,3796,0.199508116084604,0.251992129857354,0.186719134284309,3,3,37.46924210,127.03982544
2276,2276. 영동1교 (양재천근린공원),10831,1189,2087,3472,0.109777490536423,0.192687655802788,0.320561351675746,0,2,37.47438812,127.03890228
2277,2277. 길마중4교 하부,12019,1774,2096,3075,0.147599633912971,0.174390548298527,0.255844912222315,0,2,37.51483917,127.01560211
2279,2279. 교대역 5번출구뒤,16206,2495,3134,3302,0.153955325188202,0.193385165987906,0.203751696902382,3,3,37.49361801,127.01418304
2280,2280. 서울서초고용센터앞,5611,1045,1395,1121,0.186241311709143,0.248618784530387,0.199786134378899,0,3,37.48416138,127.01097107
2281,2281. 서울교통공사 사당별관 건너편,3950,933,580,832,0.23620253164557,0.146835443037975,0.210632911392405,0,1,37.47597885,126.98628235
2283,2283. 그룹한빌딩옆,4668,608,998,1085,0.130248500428449,0.213796058269066,0.232433590402742,0,3,37.48652649,126.98916626
2284,2284. CJ오쇼핑앞,1699,69,573,384,0.0406121247792819,0.337257210123602,0.226015303119482,0,0,37.46810150,126.98680115
2285,2285. LH서초3단지 301동 맞은편,4065,817,531,1193,0.200984009840098,0.130627306273063,0.293480934809348,0,1,37.45742416,127.02265167
2286,2286. 탑성마을입구,320,96,41,69,0.3,0.128125,0.215625,0,1,37.45854950,127.05588531
2287,2287. 능안마을입구,606,28,237,50,0.0462046204620462,0.391089108910891,0.0825082508250825,0,0,37.45561981,127.06710052
2288,2288. 안골마을입구,673,100,102,192,0.148588410104012,0.151560178306092,0.285289747399703,0,2,37.45560837,127.06445312
2289,2289. 남태령역 2번출구,1017,151,260,202,0.148475909537856,0.255653883972468,0.198623402163225,0,3,37.46429825,126.98852539
2293,2293. SPC 앞,8738,985,2302,1821,0.112726024261845,0.263447013046464,0.208400091554131,0,3,37.48479843,127.03699493
2294,2294. 두상빌딩 앞,16049,3918,3225,3059,0.244127359960122,0.200947099507757,0.190603775936195,3,1,37.47590637,127.04624176
2297,2297. 남부터미널역 1번출구,8015,944,1828,1934,0.117779164067374,0.228072364316906,0.241297567061759,0,3,37.48567200,127.01592255
2299,2299. 한전아트센터 앞,8868,2070,1685,1574,0.233423545331529,0.19000902119982,0.177492106450158,0,1,37.48646927,127.02806091
2301,2301. 현대고등학교 건너편,9467,412,1962,3231,0.0435195943804796,0.207246223724517,0.341290799619732,0,2,37.52407074,127.02178955
2302,2302. 교보타워 버스정류장(신논현역 3번출구 후면),11872,1102,2498,2825,0.0928234501347709,0.210411051212938,0.237954851752022,0,3,37.50558090,127.02427673
2303,2303. 논현역 10번출구,12864,1860,2918,2902,0.144589552238806,0.226834577114428,0.225590796019901,0,3,37.51137161,127.02146149
2304,2304. 대현그린타워,4125,526,1346,781,0.127515151515152,0.32630303030303,0.189333333333333,0,3,37.51162720,127.03565216
2305,2305. MCM 본사 직영점 앞,3798,85,1908,484,0.0223802001053186,0.502369668246445,0.127435492364402,0,0,37.52064133,127.03450775
2306,2306. 압구정역 2번 출구 옆,21115,2567,5000,4986,0.121572341937012,0.236798484489699,0.236135448733128,3,3,37.52712250,127.02871704
2307,2307. 압구정 한양 3차 아파트,8346,604,2032,2471,0.0723699976036425,0.243469925712916,0.296069973640067,0,2,37.52838135,127.03901672
2308,2308. 압구정파출소 앞,11530,999,2628,2948,0.0866435385949696,0.227927146574154,0.255680832610581,0,2,37.52930069,127.03559875
2309,2309. 청담역(우리들병원 앞),4529,1148,807,893,0.253477588871716,0.178185029807905,0.197173769043939,0,1,37.51890182,127.04938507
2310,2310. 청담동 맥도날드 옆(위치),3605,210,951,835,0.058252427184466,0.26380027739251,0.231622746185853,0,3,37.52361298,127.04017639
2311,2311. 학동로 래미안 아파트 앞,4066,522,1035,922,0.128381701918347,0.254549926217413,0.226758484997541,0,3,37.51777267,127.04302216
2312,2312. 청담역 13번 출구 앞,5712,1156,1194,1299,0.202380952380952,0.209033613445378,0.227415966386555,0,3,37.52058029,127.05632782
2313,2313. 금원빌딩 앞,6051,203,1986,1498,0.0335481738555611,0.328210213187903,0.247562386382416,0,3,37.52511597,127.05246735
2314,2314. 청담나들목입구,260,29,49,65,0.111538461538462,0.188461538461538,0.25,0,2,37.52101517,127.06015015
2315,2315. 봉은사역 5번출구 옆,10303,1364,2994,2197,0.132388624672426,0.290594972338154,0.213238862467243,0,3,37.51424789,127.06111908
2317,2317. 삼성도로공원,9213,520,2407,2780,0.0564419841528275,0.261261261261261,0.301747530663193,0,2,37.51588821,127.06620026
2318,2318. 삼성중앙역4번출구(문화센터더 리빌),2670,355,610,598,0.132958801498127,0.228464419475655,0.223970037453184,0,3,37.51357651,127.05503082
2319,2319. 포스코사거리 서측(수협 삼성동 지점),8087,638,2851,1109,0.0788920489674787,0.352541115370347,0.137133671324348,0,0,37.50660706,127.05467987
2320,2320. 도곡역 대치지구대 방향,7851,918,1345,2186,0.11692777990065,0.171315755954655,0.278435868042288,0,2,37.49192810,127.05696869
2321,2321. 학여울역 사거리,4373,688,718,1448,0.157329064715298,0.164189343699977,0.331122798993826,0,2,37.49611664,127.06944275
2322,2322. 삼성역 3번 출구,3,0,0,3,0,0,1,0,2,37.50809097,127.06310272
2324,2324. 천주교 대치 2동 교회 옆,11226,1004,2326,3050,0.0894352396223054,0.207197577053269,0.271690717976127,0,2,37.50043869,127.06622314
2325,2325. 대치삼성아파트 앞 교차로,9105,548,1717,2595,0.0601867105985722,0.188577704557935,0.28500823723229,0,2,37.49864960,127.05931854
2326,2326. 대치동 삼성로,6191,711,1356,1607,0.114844128573736,0.219027620739784,0.259570344047811,0,2,37.50239563,127.05879974
2327,2327. 뱅뱅사거리 랜드마크타워 앞,13825,1442,4140,2202,0.104303797468354,0.299457504520796,0.159276672694394,0,3,37.49055099,127.03146362
2328,2328. 르네상스 호텔 사거리 역삼지하보도 7번출구 앞,8030,875,1948,1605,0.108966376089664,0.242590286425903,0.199875466998755,0,3,37.50321198,127.04273224
2329,2329. 르네상스호텔사거리 역삼지하보도 2번출구,4136,649,729,737,0.156914893617021,0.176257253384913,0.178191489361702,0,3,37.50235748,127.04319000
2330,2330. 역삼월드메르디앙아파트 앞,7374,860,1651,1514,0.116625983184161,0.223894765391918,0.205315975047464,0,3,37.49219894,127.03945923
2331,2331. 동영문화센터앞,6408,929,1342,1258,0.144975031210986,0.209425717852684,0.196317103620474,0,3,37.49805069,127.04460144
2332,2332. 선릉역3번출구,17683,2404,4466,3155,0.135949782276763,0.252558954928462,0.178419951365718,3,3,37.50400925,127.04907990
2333,2333. 양재역 3번출구 주변,13629,1877,3566,2789,0.137721036026121,0.261647956563211,0.204637170738866,0,3,37.48515701,127.03407288
2334,2334. 삼호아파트 2동 ( 간선도로),2433,359,465,343,0.147554459515002,0.191122071516646,0.140978216193999,0,3,37.49375916,127.04589844
2335,2335. 3호선 매봉역 3번출구앞,23871,4807,5651,4964,0.201374052197227,0.236730761174647,0.207951070336391,3,3,37.48676682,127.04676056
2336,2336. 강남세브란스교차로  래미안그레이튼 104동 앞,5870,1112,1141,1066,0.189437819420784,0.194378194207836,0.18160136286201,0,3,37.49423599,127.04746246
2337,2337. 대모산입구역 2번출구 앞,6181,845,770,1881,0.136709270344604,0.124575311438279,0.304319689370652,0,2,37.49207687,127.07197571
2339,2339. 현대아파트 정문 앞,6798,1529,928,1841,0.224919093851133,0.136510738452486,0.270814945572227,0,1,37.48326111,127.05229950
2340,2340. 삼호물산버스정류장(23370) 옆,26889,4196,6255,6039,0.156048941946521,0.232623005690059,0.224589981033136,3,3,37.47750854,127.04517365
2341,2341. 일원역 4~5번 출구 사이,7293,826,1296,1985,0.113259289729878,0.177704648292884,0.272178801590566,0,2,37.48331070,127.08493805
2342,2342. 대청역 1번출구  뒤,16219,2111,3553,4062,0.130155989888402,0.219064060669585,0.250447006597201,3,3,37.49400711,127.07951355
2344,2344. 리엔파크 2단지 앞,6522,963,689,1724,0.147654093836247,0.105642440969028,0.264336093222938,0,2,37.46506119,127.10119629
2347,2347. 두산건설 본사,4017,254,1442,640,0.0632312671147623,0.358974358974359,0.15932287776948,0,0,37.51863861,127.03540039
2348,2348. 포스코사거리(기업은행),20409,1467,9155,2134,0.0718800529178304,0.448576608359057,0.104561712969768,3,0,37.50723267,127.05685425
2349,2349. 역삼빌딩 앞(하나은행 옆),5520,633,1181,1179,0.114673913043478,0.213949275362319,0.213586956521739,0,3,37.50154495,127.03856659
2350,2350. 래미안그레이튼102동앞,3209,387,696,699,0.120598317232783,0.216889996883764,0.217824867559988,0,3,37.49482346,127.04790497
2351,2351. 청소년수련관(수영장)앞,4065,480,546,1077,0.118081180811808,0.134317343173432,0.264944649446494,0,2,37.48387909,127.08902740
2352,2352. 서울본부세관(건설회관 앞),5536,397,1894,735,0.0717124277456647,0.342124277456647,0.132767341040462,0,0,37.51758957,127.03502655
2353,2353. 강남구청역 2번출구 뒤,9206,930,2476,2023,0.101021073213122,0.268955029328699,0.219747990441017,0,3,37.51681137,127.04047394
2354,2354. 청담역 2번출구,1815,230,372,554,0.126721763085399,0.20495867768595,0.305234159779614,0,2,37.51978683,127.05676270
2355,2355. 삼성역 5~6번 출구 사이,1,0,0,0,0,0,0,0,3,37.50912094,127.06230927
2356,2356. 강남구청,4970,630,931,1080,0.126760563380282,0.187323943661972,0.217303822937626,0,3,37.51807022,127.04711914
2357,2357. 르네상스호텔사거리 역삼지하보도 3번출구 앞 (더 오번 빌딩 명동칼국수 앞),4991,774,1253,853,0.155079142456422,0.251051893408135,0.170907633740733,0,3,37.50166321,127.04297638
2358,2358. 구룡초사거리 (현대아파트10동 앞 ),6536,1778,979,1523,0.27203182374541,0.149785801713586,0.233017135862913,0,1,37.48138428,127.05391693
2359,"""2359. 국립국악중,고교 정문 맞은편""",13005,3020,1847,2796,0.232218377547097,0.142022299115725,0.214994232987313,0,1,37.47560501,127.05037689
2360,2360. 도곡1동 주민센터 교차로,8222,1014,1977,1595,0.123327657504257,0.240452444660667,0.193991729506203,0,3,37.49280930,127.04138947
2362,2362. 신사동 가로수길 입구,8006,494,1855,2165,0.0617037222083437,0.231701224081939,0.270422183362478,0,2,37.51763535,127.02245331
2363,2363. 강남 을지병원 교차로,3798,175,989,884,0.0460768825697736,0.260400210637177,0.232754081095313,0,3,37.51913834,127.02751923
2364,2364. 도산공원교차로,5448,460,1461,1154,0.0844346549192364,0.268171806167401,0.211820851688693,0,3,37.52124023,127.03189850
2365,2365. K+ 타워 앞,7696,233,1822,2061,0.0302754677754678,0.236746361746362,0.267801455301455,0,2,37.52330017,127.03847504
2368,2368. 도곡동 경남아파트 건너편,4559,546,1007,1213,0.119763105944286,0.220881772318491,0.266067119982452,0,2,37.48934174,127.04129791
2369,2369. KT선릉타워,13217,1444,3461,2215,0.109253234470757,0.261859726110312,0.167587198305213,0,3,37.50542831,127.05287170
2370,2370. 한티역 3번출구,4520,488,828,1172,0.107964601769912,0.183185840707965,0.25929203539823,0,2,37.49655151,127.05429840
2371,2371. 한국우편사업진흥원,3688,353,916,814,0.0957158351409978,0.248373101952278,0.220715835140998,0,3,37.51474762,127.03513336
2372,2372. 대치역 사거리,12182,1595,2473,3497,0.130930881628632,0.20300443276966,0.287062879658513,0,2,37.49449921,127.06379700
2373,2373. 개포동역 사거리,4243,404,643,1244,0.0952156493047372,0.151543719066698,0.293188781522508,0,2,37.48927689,127.06557465
2375,2375. 수서역 1번출구 앞,14610,2520,3708,2877,0.172484599589322,0.253798767967146,0.196919917864476,3,3,37.48735046,127.10099792
2376,2376. 수서역 7번출구 앞,12379,1373,4202,2622,0.110913644074643,0.339445835689474,0.211810323935698,0,3,37.48677826,127.10051727
2377,2377. 수서역 5번출구,35048,3918,9503,8271,0.111789545765807,0.271142433234421,0.235990641406072,2,3,37.48735046,127.10232544
2380,2380. 봉은사로68길 북측,5294,776,817,1197,0.146581035134114,0.154325651681148,0.226105024556101,0,3,37.51169586,127.04934692
2381,2381. 언주역 4번출구,5889,563,1367,1172,0.0956019697741552,0.232127695703855,0.199015112922398,0,3,37.50636673,127.03452301
2382,2382. 역삼동 sk뷰 501동앞,4250,352,893,1124,0.0828235294117647,0.210117647058824,0.264470588235294,0,2,37.50122833,127.05036163
2383,2383. 보금자리정원,3066,509,494,841,0.166014350945858,0.161121983039791,0.27429876060013,0,2,37.46632767,127.09488678
2384,2384. 자곡사거리,19400,5138,2943,4594,0.264845360824742,0.151701030927835,0.23680412371134,3,1,37.47602844,127.10594177
2385,2385. 학동역,7443,1427,1461,1542,0.191723767298132,0.196291817815397,0.207174526400645,0,3,37.51395035,127.03015137
2386,2386. 크린랩 본사,2936,470,699,698,0.16008174386921,0.238079019073569,0.237738419618529,0,3,37.50958633,127.04090881
2387,2387. 래미안강남힐즈 사거리,12037,1590,1814,3294,0.132092714131428,0.150702002160007,0.273656226634543,0,2,37.47245407,127.09607697
2388,2388. 강남구 도시관리공단,6817,1828,1368,1463,0.268153146545401,0.200674783629162,0.214610532492299,0,1,37.51678467,127.05161285
2389,2389. 경기여자고등학교 후문 (삼성로3길 입구),9128,1908,1146,2366,0.209027169149869,0.125547765118317,0.25920245398773,0,1,37.48616028,127.06723785
2390,2390. 구룡마을 입구 (래미안블레스티지 아파트),10020,1855,1241,2676,0.185129740518962,0.123852295409182,0.267065868263473,0,1,37.48088074,127.06304169
2391,2391. 구룡터널 입구(개포1단지아파트),312,64,91,88,0.205128205128205,0.291666666666667,0.282051282051282,0,3,37.47598648,127.05962372
2392,2392. 구룡산 입구 (구룡산 서울둘레길 입구),1072,245,196,241,0.228544776119403,0.182835820895522,0.224813432835821,0,1,37.47447205,127.05545044
2394,2394. 개포래미안포레스트아파트 107동 앞,8675,2380,980,2129,0.274351585014409,0.112968299711816,0.245417867435159,0,1,37.48025131,127.05419159
2396,2396. 영동3교 북단(우성캐릭터 앞 보도),6194,867,1041,1956,0.13997416855021,0.168065870196965,0.315789473684211,0,2,37.48574066,127.05104828
2398,2398. 더라움,3689,437,841,790,0.118460287340743,0.227975060992139,0.214150176199512,0,3,37.50811005,127.03945160
2401,2401. 밀알학교 입구 (삼성서울병원 입구),3180,573,426,898,0.180188679245283,0.133962264150943,0.282389937106918,0,1,37.48656082,127.08267212
2403,2403. 공무원연금매점 교차로 (개포주공9단지 입구),11674,2298,1937,3318,0.19684769573411,0.165924276169265,0.284221346582148,0,1,37.48871994,127.07453918
2404,2404. 대모산입구역 4번 출구 앞,18785,3718,2951,5107,0.197923875432526,0.157093425605536,0.271865850412563,3,1,37.49180984,127.07315826
2405,2405. 청담공원앞 교차로,8221,2078,1633,1539,0.25276730324778,0.19863763532417,0.187203503223452,0,1,37.51871109,127.05084991
2406,2406. 논현동 광명빌딩 앞,3732,127,1069,807,0.0340300107181136,0.286441586280815,0.216237942122186,0,3,37.51757050,127.02364349
2407,2407. 역삼서초삼성 세무서 앞 (역삼빌딩 앞),16713,1817,3858,3324,0.108717764614372,0.230838269610483,0.198887093879016,3,3,37.49847031,127.03011322
2408,2408. 강남한양수자인아파트,12957,2761,1822,3343,0.213089449718299,0.140618970440688,0.258007254765764,0,1,37.47734070,127.11327362
2409,2409. 역삼동 디오슈페리움 (우성아파트 사거리),11139,1073,2827,2203,0.0963282161773947,0.253792979621151,0.197773588293384,0,3,37.49206161,127.03074646
2410,2410. 포스코피앤에스타워 (역삼역 3번출구 부근),10872,1430,3111,1705,0.131530537159676,0.286147902869757,0.156824871228845,0,3,37.49959946,127.03375244
2411,2411. 세곡동 성당,12222,2201,1731,3448,0.180085092456226,0.141629847815415,0.28211422025855,0,1,37.47296906,127.11222839
2413,2413.도곡역 1번 출구,14580,2013,2784,4047,0.138065843621399,0.190946502057613,0.277572016460905,0,2,37.49095917,127.05498505
2414,2414. 도곡역 아카데미스위트 앞,17139,2143,4263,3365,0.125036466538304,0.248730964467005,0.196335842231169,3,3,37.48897171,127.05182648
2415,2415.한티역 롯데백화점 앞,10961,848,2185,3035,0.0773652039047532,0.199343125627224,0.276890794635526,0,2,37.49667358,127.05342865
2416,2416.한티역 6번 출구,6614,994,1464,1468,0.150287269428485,0.221348654369519,0.221953432113698,0,3,37.49589920,127.05219269
2417,"""2417.선정릉 디캠프(D,CAMP)앞""",2869,572,569,518,0.199372603694667,0.198326943185779,0.180550714534681,0,3,37.50799942,127.04524994
2418,2418.봉은사역 7번 출구,8540,1205,2499,1701,0.141100702576112,0.292622950819672,0.199180327868852,0,3,37.51393509,127.05982208
2419,"""2419.봉은사역 1,2번 출구 """,7840,1012,1768,2060,0.129081632653061,0.225510204081633,0.262755102040816,0,2,37.51430893,127.05970001
2420,2420.학여울역 사거리(LG베스트샵 앞),9816,3061,1915,2288,0.311837815810921,0.195089649551752,0.233088834555827,0,1,37.49689484,127.07013702
2421,2421. 신논현역 4번출구,3144,339,624,894,0.107824427480916,0.198473282442748,0.284351145038168,0,2,37.50467300,127.02579498
2422,2422.수서동 성당 맞은편,7347,868,891,2189,0.118143459915612,0.121273989383422,0.297944739349394,0,2,37.48416901,127.09484863
2423,2423.영희초교 사거리(래미안개포루체하임),13690,1863,1849,3938,0.136084733382031,0.135062089116143,0.287655222790358,0,2,37.49083710,127.08065033
2425,2425.세곡동 사거리(대왕초등학교 정류장),3037,406,500,801,0.133684557128745,0.16463615409944,0.263747118867303,0,2,37.46461868,127.10684967
2426,2426.강남한신휴플러스 6단지,7164,2190,613,1586,0.305695142378559,0.0855667225013959,0.221384701284199,0,1,37.46829605,127.10469818
2427,2427.개포고등학교 정문앞,9584,1364,1590,2423,0.142320534223706,0.165901502504174,0.252817195325543,0,2,37.48485184,127.05837250
2429,2429.압구정로데오역 6번출구,4545,340,1199,1281,0.0748074807480748,0.263806380638064,0.281848184818482,0,2,,
2430,2430.강남파이낸스센터앞(역삼역2번출구),8092,1327,1662,1558,0.163989125061789,0.205388037567968,0.192535837864558,0,3,37.50024414,127.03605652
2431,2431.대치역 7번출구,15567,2133,2594,4596,0.137020620543457,0.166634547440098,0.295239930622471,3,2,37.49411774,127.06290436
2501,2501. 서초 포레스타5단지,6313,1769,765,1583,0.280215428480912,0.121178520513227,0.250752415650246,0,1,37.45066071,127.05706024
2502,2502. 서초역1번출구 앞,6466,751,1365,1590,0.116145994432416,0.211104237550263,0.245901639344262,0,3,37.49195099,127.00855255
2503,2503. 반포1동 서초빌딩 앞,12111,2071,2585,2667,0.171001568821732,0.213442325158946,0.220213029477335,0,3,37.50381088,127.02136230
2504,2504. 신사역 4번출구 뒤,13208,698,3306,3459,0.0528467595396729,0.25030284675954,0.261886735311932,0,2,37.51588058,127.01930237
2505,2505. 우성아파트사거리 (기업은행앞),11693,767,3104,2293,0.0655948003078765,0.265457966304627,0.19610023090738,0,3,37.49325943,127.02953339
2506,2506. LG유플러스 (방배사옥),1261,51,365,281,0.0404440919904837,0.289452815226011,0.22283901665345,0,3,37.47909164,126.99067688
2508,2508. 양재이스타빌 앞,1256,177,317,305,0.140923566878981,0.252388535031847,0.242834394904459,0,3,,
2509,2509. 심산기념문화센터,8080,1717,1873,1368,0.2125,0.231806930693069,0.169306930693069,0,3,37.49836349,126.99114990
2510,2510. JW타워,5167,1144,1145,872,0.221405070640604,0.221598606541513,0.168763305593188,0,3,37.48303986,127.02146149
2511,2511. 이수역 6번출구 앞,11265,1811,2285,2582,0.160763426542388,0.202840656901909,0.229205503772747,0,3,37.48366165,126.98232269
2514,2514.사평역 2번출구,9591,1838,1825,2265,0.191637993952664,0.190282556563445,0.236158898967782,0,1,37.50364304,127.01602173
2515,2515.서초초등학교 후문,14438,929,3796,3546,0.0643440919794985,0.262917301565314,0.24560188391744,0,3,37.49892807,127.02472687
2516,2516.본마을 노인복지센터 앞,2574,312,413,844,0.121212121212121,0.16045066045066,0.327894327894328,0,2,37.45441818,127.05274200
2517,2517. 서초그랑자이 앞,6455,1679,1405,1401,0.26010844306739,0.217660728117738,0.21704105344694,0,1,37.48768234,127.02478790
2518,2518. 서초동 현대아파트 앞,5564,1087,1109,1219,0.195363048166786,0.199317038102085,0.219086987778577,0,3,37.48731613,127.02489471
2519,2519.서초2교(사임당로 방면),2416,558,394,548,0.230960264900662,0.163079470198675,0.22682119205298,0,1,37.49100876,127.02352142
2520,2520.서초1교 (진흥아파트 방면),5451,778,1015,1293,0.142726105301779,0.186204366171345,0.237204182718767,0,3,37.49593353,127.02177429
2521,2521.서초 크로바타워 앞,8326,1359,1395,1937,0.163223636800384,0.167547441748739,0.232644727360077,0,1,37.49556351,127.01918030
2523,2523.뉴코아 킴스클럽 앞,12604,1516,1928,4101,0.120279276420184,0.152967311964456,0.325372897492859,0,2,37.51019287,127.00725555
2524,2524.반포쇼핑타운 8동 앞,9018,524,1806,2560,0.0581060102018186,0.200266134397871,0.28387669106232,0,2,37.50735092,127.00801849
2525,2525.반포쇼핑타운 2동 앞,30447,1549,5797,11019,0.0508752914901304,0.190396426577331,0.361907577101192,3,2,37.50560760,127.00215912
2529,2529.우리은행 방배동지점 앞,8930,1057,1864,2357,0.118365061590146,0.208734602463606,0.263941769316909,0,2,37.48991776,126.99208069
2530,2530.삼호3차아파트 앞,13993,1784,2712,3809,0.127492317587365,0.193811191309941,0.272207532337597,0,2,37.49779510,126.98706818
2531,2531.멤피스아파트 앞,20875,3443,4619,4576,0.164934131736527,0.221269461077844,0.219209580838323,3,3,37.49420547,126.98935699
2532,2532.국립국악원 앞,2339,251,793,489,0.107310816588286,0.339033775117572,0.209063702436939,0,3,37.47820282,127.00878143
2533,2533.한가람미술관 앞,3215,136,857,897,0.0423017107309487,0.26656298600311,0.27900466562986,0,2,37.48087692,127.01452637
2535,2535.신반포역 3번출구 뒤,5525,876,838,1656,0.158552036199095,0.151674208144796,0.29972850678733,0,2,37.50362396,126.99732208
2536,2536.서초AICT 우수기업센터 앞,2161,267,537,333,0.123553910226747,0.248496066635817,0.154095326237853,0,3,37.45899582,127.04132080
2537,2537.양재역 8번출구 앞,15542,2113,4321,3454,0.135954188650109,0.278020846737872,0.222236520396345,3,3,37.48257065,127.03643799
2538,2538.사평리근린공원,11950,1259,2276,3861,0.105355648535565,0.190460251046025,0.323096234309623,0,2,37.52026749,127.01525116
2539,2539.대한무역투자진흥공사 KOTRA 앞,14084,685,6508,880,0.0486367509230332,0.462084635046862,0.062482249360977,0,0,37.46540833,127.04377747
2540,2540.반포천 앞,12790,1843,2792,2949,0.144096950742768,0.218295543393276,0.230570758405004,0,3,37.49905014,126.99625397
2541,2541.옛골 입구,1173,205,224,382,0.174765558397272,0.190963341858483,0.325660699062234,0,2,37.43097687,127.07033539
2542,2542.신논현타워 앞,13520,1657,3025,3247,0.122559171597633,0.223742603550296,0.240162721893491,0,3,37.50508881,127.02391052
2545,2545.국립중앙도서관(국제회의장옆),4800,142,1456,1074,0.0295833333333333,0.303333333333333,0.22375,0,3,37.49721146,127.00427246
2547,2547. 반포래미안 리오센트,10468,1750,1832,2869,0.167176155903707,0.175009552923195,0.274073366450134,0,2,37.51832199,127.01480865
2548,2548.반포1동 자율방범초소 옆,4931,934,844,1271,0.189413911985399,0.171162036098155,0.257757047252079,0,1,37.50847626,127.01676178
2549,2549.호반써밋서초파크 403동,6233,1912,746,1424,0.306754371891545,0.119685544681534,0.228461415048933,0,1,37.45924759,127.02390289
2550,2550.양재동 꽃시장 건너편,9901,1565,2487,1983,0.158064841935158,0.251186748813251,0.2002827997172,0,3,37.46738434,127.04145813
2601,2601. 석촌호수 아뜰리에,28707,4551,4685,8067,0.158532762044101,0.163200613090884,0.281011599958198,3,2,37.50674820,127.09883118
2603,2603. 송파 글마루 도서관,11110,1838,1425,2820,0.165436543654365,0.128262826282628,0.253825382538254,0,1,37.48095322,127.13010406
2604,2604. 풍납토성 서성벽터A,18673,4345,3258,4738,0.23268890912012,0.174476516896053,0.253735339795427,3,1,37.53131104,127.11128235
2605,2605. 복정역 1번 출구 앞,15742,1713,5456,2787,0.108817176978783,0.346588743488756,0.177042307203659,3,0,37.47129822,127.12709045
2606,2606. 위례동주민센터,10029,2024,1898,2531,0.20181473726194,0.189251171602353,0.252368132415994,0,1,37.48173904,127.14322662
2608,2608. 송파구청,79455,8444,18790,22675,0.106273991567554,0.236486061292556,0.285381662576301,2,2,37.51505280,127.10626984
2609,2609. 보성중고등학교 후문 앞,3825,849,480,406,0.221960784313725,0.125490196078431,0.106143790849673,0,1,37.52048874,127.13520050
2611,2611. 송파지역자활센터 뒤,32011,10121,3927,7678,0.316172565680547,0.122676579925651,0.239855049826622,2,1,37.53641891,127.11616516
2612,2612. 광평교사거리 인근,197,7,24,68,0.0355329949238579,0.121827411167513,0.345177664974619,0,2,,
2613,2613. 잠실나들목,22950,2257,2970,9002,0.0983442265795207,0.129411764705882,0.392244008714597,3,2,37.51678085,127.09049225
2614,2614. 가락고등학교 앞,6832,1607,713,1612,0.23521662763466,0.104361826697892,0.235948477751756,0,1,37.50186157,127.11723328
2615,2615. 테라타워2,31739,7074,7910,4513,0.222880368001512,0.249220202274804,0.14219099530546,3,3,37.48834991,127.12078094
2616,2616. 거여동 사거리,5290,912,734,1249,0.172400756143667,0.13875236294896,0.236105860113422,0,1,37.49704742,127.14035034
2617,2617. 가락삼환아파트 앞,5311,856,847,1357,0.161174919977405,0.159480323856148,0.255507437394088,0,2,37.49618149,127.13803101
2618,2618. 삼전역 1번출구,24351,3889,4335,6290,0.159705966900743,0.178021436491315,0.258305613732496,3,2,37.50471115,127.08756256
2619,2619. 석촌고분역 4번출구,24098,3938,3803,6604,0.163416051124575,0.157813926466927,0.2740476388082,3,2,37.50233841,127.09644318
2620,2620. 송파나루역 4번 출구옆,61183,8321,10639,17390,0.136001830573852,0.173888171550921,0.28422927937499,2,2,37.50997925,127.11231232
2621,2621. 한성백제역 2번 출구,40094,4357,6535,14507,0.108669626378012,0.162991968873148,0.361824711926972,2,2,37.51665878,127.11625671
2622,2622. 올림픽공원역 3번출구,79556,10549,16141,24539,0.13259842123787,0.202888531348987,0.308449394137463,2,2,37.51625824,127.13059235
2623,2623.석촌동 주민센터,40120,7462,6318,10805,0.185992023928215,0.157477567298106,0.26931704885344,2,1,37.50362396,127.10355377
2625,2625.가락종합 사회복지관,3145,950,404,728,0.302066772655008,0.12845786963434,0.23147853736089,0,1,37.49553680,127.10720062
2626,"""2626.경찰병원역 1,2번 출구 사이""",6641,1531,1134,1361,0.230537569643126,0.170757416051799,0.204939015208553,0,1,37.49569321,127.12385559
2627,2627.문정시영아파트 5동 앞 공원,16317,3638,2587,4038,0.22295765152908,0.158546301403444,0.247471961757676,3,1,37.49112320,127.13510895
2628,2628.문정역 1번출구,43514,6904,9285,8971,0.158661580181091,0.213379601967183,0.206163533575401,2,3,37.48669815,127.12244415
2630,2630.서울방이동 고분군,23355,2943,4088,6071,0.126011560693642,0.175037465210876,0.259944337400985,3,2,37.50786591,127.11698914
2631,2631.배명고등학교,8569,1681,1217,2027,0.196172248803828,0.142023573345781,0.236550355934181,0,1,37.49741364,127.09630585
2632,2632.석촌고분역 2번 출구,31895,5039,5046,9019,0.157987145320583,0.158206615456968,0.282771594293776,3,2,37.50264359,127.09739685
2633,2633.송파학사 옆,10898,1855,1553,3564,0.170214718296935,0.142503211598458,0.327032483024408,0,2,37.47817993,127.14710236
2634,2634.위례포레샤인아파트 정류장,8228,2525,787,1839,0.306878949927078,0.0956490034030141,0.223505104521147,0,1,37.47721100,127.13717651
2635,2635.잠실새내역 1번출구,30924,3237,6393,8765,0.104675979821498,0.206732634846721,0.283436812831458,3,2,37.51129532,127.08673859
2637,2637. 아시아지하보도 14번 출구,33792,2774,6724,9491,0.0820904356060606,0.198982007575758,0.280865293560606,3,2,37.51146317,127.07881165
2639,2639.석촌역 8번출구,45582,7550,9230,10914,0.165635557895661,0.202492211838006,0.23943661971831,2,3,37.50550461,127.10657501
2641,2641.송파역 4번출구,35803,3903,6934,9232,0.10901321118342,0.193670921431165,0.257855486970366,3,2,37.50004959,127.11151123
2642,2642.마천동 성내천 쉼터,11554,1991,1268,3157,0.172321274017656,0.109745542669205,0.273238705210317,0,1,37.50149536,127.14778137
2643,2643.풍납중학교 측면,5496,679,1151,1415,0.123544395924309,0.209425036390102,0.257459970887918,0,2,37.52515793,127.11694336
2644,2644. 성내5교,12287,2255,1756,3255,0.183527305282005,0.142915276308293,0.264914136892651,0,1,37.50166702,127.13774109
2645,2645.잠실나들목2(엘스아파트136동),14794,2224,1980,4917,0.150331215357577,0.133838042449642,0.332364472083277,3,2,37.51621246,127.08434296
2646,2646.레이크펠리스101동앞,43374,5874,6531,12555,0.135426753354544,0.150574076635773,0.289459122976899,2,2,37.50775909,127.09129333
2647,2647.잠실 자전거 수리센터 앞,20299,3165,4966,4907,0.155919010788709,0.244642593231194,0.241736046110646,3,3,37.51156998,127.10107422
2648,2648.헬리오시티 112동 앞,14219,2663,1963,4265,0.187284619171531,0.138054715521485,0.29995077009635,3,1,37.49469757,127.10464478
2649,2649.오금공원사거리2,3402,435,559,992,0.127865961199295,0.164315108759553,0.291593180482069,0,2,37.50544357,127.13233185
2650,2650.위례22단지 2208동 다리앞,5776,1730,534,1414,0.299515235457064,0.0924515235457064,0.244806094182825,0,1,37.47854996,127.13813782
2651,2651.경찰병원역 3번출구 앞,16254,3245,2868,3623,0.199643164759444,0.176448874123293,0.222898978712932,3,1,37.49612427,127.12480164
2652,2652.송파 레미니스1단지 102동 앞,9108,2143,1617,2187,0.235287659200703,0.177536231884058,0.240118577075099,0,1,37.50883102,127.13426208
2653,2653.올림픽공원사거리(선수촌아파트),17564,2251,2929,5204,0.128159872466409,0.166761557731724,0.296287861534958,3,2,37.51202011,127.12864685
2654,2654.올림픽선수촌아파트 136동 앞,9591,1537,1408,2453,0.160254405171515,0.14680429569388,0.255760608904181,0,2,37.50997543,127.13369751
2655,2655.송이공원,10223,1777,1514,2863,0.173823730803091,0.148097427369657,0.280054778440771,0,2,37.50057983,127.11884308
2656,2656.풍납동 아이파크 107동 앞,18420,2852,4035,3677,0.154831704668838,0.219055374592834,0.199619978284473,3,3,37.52480316,127.11463928
2657,2657.송파 파인타운 11단지,8682,1557,939,2349,0.179336558396683,0.108154803040774,0.270559778852799,0,1,37.47916031,127.13219452
2658,2658.가락몰 업무동,18476,1782,4001,3559,0.0964494479324529,0.216551201558779,0.192628274518294,3,3,37.49535751,127.11569214
2659,2659.서울친환경유통센터,3304,1046,302,572,0.316585956416465,0.0914043583535109,0.173123486682809,0,1,37.49416733,127.10453033
2701,2701. 마곡나루역 5번출구 뒤편,114953,41240,26959,16553,0.358755317390586,0.234521935051717,0.14399798178386,1,1,37.56520081,126.82731628
2702,2702. 마곡 엠밸리2단지,25177,7298,3091,5435,0.289867736426103,0.12277078285737,0.215871628867617,3,1,37.56917953,126.81944275
2703,2703.서울도시가스 앞,12969,1531,2570,3512,0.118050736371347,0.198164854653404,0.270799599043874,0,2,37.54748535,126.87202454
2704,2704.홈플러스(강서점),36599,6843,7171,7354,0.186972321648132,0.195934315145223,0.200934451760977,2,3,37.55852127,126.85401154
2706,2706.강서공업고등학교 앞,11377,2671,1661,2934,0.234771908235915,0.145996308341391,0.257888722861914,0,1,37.57631683,126.81649780
2707,2707.한강아파트,34342,8602,4545,8160,0.250480461242793,0.132345233242094,0.237609923708578,2,1,37.57036972,126.84441376
2708,2708.강서한강자이타워 앞,36216,3932,9881,7444,0.108570797437597,0.272835210956483,0.205544510713497,3,3,37.56468201,126.84890747
2709,2709.강변아파트 310동 앞,14432,2349,1899,4568,0.162763303769401,0.131582594235033,0.316518847006652,0,2,37.56458664,126.85691833
2710,2710.라이품 공영주차장 앞,15719,3516,2573,3735,0.223678351040142,0.163687257459126,0.237610535021312,3,1,37.57131958,126.84166718
2711,2711.가로공원공영주차장 1번 출구,14186,2835,1686,3762,0.19984491752432,0.11884956999859,0.265191033413224,0,1,37.53736115,126.83744812
2712,2712.화곡터널입구교차로,8678,1392,1165,2419,0.160405623415534,0.134247522470615,0.278750864254437,0,2,37.53835678,126.84236145
2713,2713.우장초등학교 앞,22432,8011,2397,5139,0.357123751783167,0.106856276747504,0.229092368045649,3,1,37.54853439,126.84667206
2715,2715.마곡나루역 2번 출구,173645,37531,42945,35006,0.216136370180541,0.24731492412681,0.201595208615278,1,3,37.56692505,126.82743835
2716,2716.롯데 R&D 센터,7792,404,4557,400,0.0518480492813142,0.584830595482546,0.0513347022587269,0,0,37.57094193,126.82831573
2717,2717.LG유플러스 마곡사옥,56514,4110,27175,4611,0.0727253423930354,0.480854301588987,0.0815904023781718,2,0,37.56133652,126.83390045
2718,2718.마곡수명산파크1단지,33237,9943,3745,7148,0.299154556668773,0.112675632578151,0.215061527815386,2,1,37.55519104,126.83146667
2719,2719.마곡문화공원,44848,4498,18468,5859,0.100294327506243,0.411790938280414,0.130641277202997,2,0,37.56121063,126.83034515
2720,2720.힐스테이트에코,38052,5442,8577,7885,0.143014821822769,0.225402081362346,0.207216440660149,2,3,37.55965805,126.82960510
2721,2721.등촌1-10단지 교차로,62188,15675,13075,11807,0.252058274908342,0.210249565832637,0.189859780021869,2,1,37.56320572,126.83936310
2723,2723.마곡 필네이처,39086,7238,9251,7472,0.185181394872844,0.236683211380034,0.191168193214962,2,3,37.56089401,126.83669281
2724,2724.(재)FITI시험연구원,23311,8204,5758,2750,0.351936853845824,0.247007850371069,0.117970057054609,3,1,37.56848526,126.83856964
2725,2725.서울식물원 식물문화센터,16257,1476,3153,5206,0.0907916589776712,0.193947222734822,0.32023128498493,3,2,37.56883621,126.83563232
2727,2727.서울식물원 잔디마당 앞,28994,3319,13386,2489,0.114471959715803,0.461681727253915,0.0858453473132372,3,0,37.56392670,126.83064270
2728,2728.마곡나루역 3번 출구,121698,24221,30696,19691,0.199025456457789,0.252230932307844,0.161802166017519,1,3,37.56580353,126.82807922
2729,2729.넥센 유니버시티 앞,23110,1877,8510,3292,0.0812202509736045,0.368238857637386,0.142449156209433,3,0,37.56948471,126.82809448
2730,2730.마곡메가박스 앞,27894,2758,5544,6848,0.098874309887431,0.198752419875242,0.245500824550082,3,2,37.55912781,126.83495331
2731,2731.명덕고교,20881,5152,3102,3781,0.246731478377472,0.148556103634883,0.181073703366697,3,1,37.55524063,126.83471680
2732,2732.마곡수명산 1-2단지,29865,9186,3409,6799,0.307584128578604,0.114146994809978,0.22765779340365,3,1,37.55530930,126.82985687
2733,2733.마곡13단지 정문 앞,63937,19670,7147,14560,0.307646589611649,0.111781910317969,0.227724165975883,2,1,37.55863190,126.81991577
2737,2737.까치산역 3번 출구,15786,1650,2706,4281,0.104522995058913,0.171417711896617,0.27118966172558,0,2,37.53158951,126.84664154
2739,2739.수명산파크1단지교차로,53373,15205,6973,11926,0.28488186910985,0.130646581604931,0.223446311805595,2,1,37.55363083,126.82861328
2740,2740.마곡레포츠센터,19564,2974,3949,2997,0.152013903087303,0.201850337354324,0.153189531793089,3,3,37.57297516,126.83244324
2741,2741.마곡수명산파크5-6단지,24452,6385,2790,5379,0.26112383445117,0.114101096024865,0.219982005561917,3,1,37.55061722,126.82688141
2742,2742.강서구민올림픽체육센터,31599,7597,4321,4493,0.240419000601285,0.136744833697269,0.142188043925441,3,1,37.55990601,126.85042572
2744,2744.강서세무서 앞,34944,8443,5579,7489,0.241615155677656,0.159655448717949,0.214314331501831,2,1,37.56209183,126.82096863
2745,2745.수명초등학교,32843,10857,3387,6085,0.330572724781536,0.103126998142679,0.18527540115093,3,1,37.55255890,126.82311249
2746,2746.수명산파크 4단지 411동 앞,24711,7850,2572,5630,0.317672291691959,0.104083201812958,0.227833758245316,3,1,37.55134964,126.82493591
2801,2801. 대륭포스트타워1차,22097,488,11283,2579,0.0220844458523782,0.51061230031226,0.116712675928859,3,0,37.48437119,126.89542389
2804,2804.항동지구 6단지 602동 앞,2671,276,340,918,0.103332085361288,0.127293148633471,0.343691501310371,0,2,37.47737503,126.82001495
2805,2805.구로자원순환센터,1428,125,182,508,0.0875350140056022,0.127450980392157,0.355742296918768,0,2,37.48250961,126.82575989
2806,2806.항동지구 4단지 입구,1957,488,241,531,0.249361267245784,0.123147675012775,0.271333673990802,0,1,37.48259735,126.82645416
2807,2807.항동지구 1단지 105동 앞,2063,234,328,628,0.113427047988366,0.158991759573437,0.304411051866214,0,2,37.48062897,126.82181549
2808,2808.항동지구 2단지 202동 앞,1988,280,272,549,0.140845070422535,0.13682092555332,0.276156941649899,0,2,37.48080826,126.82190704
2809,2809.항동지구 11단지 1103동 앞,1463,197,211,518,0.134654818865345,0.144224196855776,0.354066985645933,0,2,37.47790527,126.82311249
2810,2810.항동지구 3단지 311동 앞,1128,176,181,409,0.156028368794326,0.160460992907801,0.36258865248227,0,2,37.47793961,126.82327271
2812,2812.항동프라자,4232,603,763,1057,0.142485822306238,0.180293005671078,0.24976370510397,0,2,37.47983170,126.82275391
2813,2813.항동지구 3단지 302동 앞,928,351,81,236,0.37823275862069,0.0872844827586207,0.254310344827586,0,1,37.47937012,126.82546997
2814,2814.항동지구 10단지 1001동 앞,1927,789,183,496,0.4094447327452,0.0949662688116243,0.257394914374676,0,1,37.47934341,126.82563782
2815,2815.항동지구 7단지 정문,4579,470,772,1117,0.102642498362088,0.168595763267089,0.243939724830749,0,2,37.47603607,126.81658936
2816,2816.항동지구 8단지 803동옆(주차장입구),916,160,151,228,0.174672489082969,0.164847161572052,0.248908296943231,0,1,37.47473145,126.81700897
2817,2817.천왕이펜하우스5단지 앞,3292,389,556,738,0.1181652490887,0.168894289185905,0.224179829890644,0,3,37.47989655,126.84037018
2818,2818.천왕이펜하우스3단지 앞,4750,1245,535,974,0.262105263157895,0.112631578947368,0.205052631578947,0,1,37.48223877,126.83853149
2819,2819.하늘숲초등학교 앞,11000,2825,1541,2398,0.256818181818182,0.140090909090909,0.218,0,1,37.48366547,126.84161377
2820,2820.신세기아파트 앞,8875,2585,1200,2087,0.291267605633803,0.135211267605634,0.235154929577465,0,1,37.49396515,126.85304260
2821,2821.청구아파트 앞,15370,3648,2243,3442,0.237345478204294,0.145933636955107,0.223942745608328,3,1,37.50119019,126.86353302
2822,2822.제니스스포츠 앞,6419,1514,1235,1588,0.235862283844836,0.192397569714909,0.247390559277146,0,1,37.50452042,126.87055206
2823,2823.중앙유통단지 앞,11029,820,3659,1326,0.0743494423791822,0.33176171910418,0.120228488530238,0,0,37.49981308,126.87431335
2824,2824.미래사랑어린이공원 앞,41804,5142,10703,10337,0.123002583484834,0.256028131279303,0.247272988230791,2,3,37.51006317,126.88956451
2825,2825.초롱타운 앞,4602,1204,539,988,0.261625380269448,0.117122990004346,0.214689265536723,0,1,37.49545288,126.88039398
2826,2826.가마산지하보도 옆,6541,1858,1247,1274,0.284054425928757,0.190643632472099,0.194771441675585,0,1,37.48864746,126.88047028
2901,2901.공릉동풍림아파트 101동,18304,5264,1810,4775,0.287587412587413,0.0988854895104895,0.260871940559441,3,1,37.62981415,127.06650543
2902,2902.공릉풍림아파트 108동,15335,5016,1598,3452,0.327094880991197,0.1042060645582,0.225105966742745,3,1,37.62862015,127.06690979
2903,2903.월계초안아파트 1단지,6014,1030,742,1759,0.171267043565015,0.12337878284004,0.292484203525108,0,2,37.63372803,127.04436493
2904,2904.중계3차청구아파트,15449,1082,2304,3958,0.0700368955919477,0.14913586639912,0.256197812156127,0,2,37.65050507,127.07398224
2907,2907. 월계중학교,4979,1196,619,850,0.240208877284595,0.12432215304278,0.170717011448082,0,1,37.63074875,127.05310822
2908,2908. 광운대학교 중앙도서관,21318,1588,3777,4744,0.0744910404353129,0.177174218969885,0.222534946993151,3,2,37.62000275,127.05856323
2909,2909. 석계역 3번 출구,17736,1969,3185,5047,0.111017140279657,0.179578258908435,0.284562471808751,3,2,37.61545944,127.06745148
2910,2910.도깨비시장,18933,1944,3175,5075,0.102677864046902,0.167696614377014,0.268050493846723,3,2,37.62186432,127.07405090
2911,2911.상계역중앙시장,15019,1195,2769,4316,0.0795658832145948,0.18436646913909,0.28736933217924,0,2,37.65887070,127.07191467
2912,2912.대진고등학교,10737,781,1611,3357,0.0727391263853963,0.150041911148365,0.312657166806371,0,2,37.63815689,127.07326508
2913,2913.상계8동 주민센터,22735,4974,3261,6134,0.218781614251155,0.143435232021113,0.269804266549373,3,1,37.66712952,127.05176544
2914,2914.서울과학기술대학교(미래관),11420,425,3375,1298,0.037215411558669,0.29553415061296,0.113660245183888,0,0,37.62950897,127.08103943
2915,2915.서울과학기술대학교(어학교육원),26750,2871,4775,5128,0.107327102803738,0.178504672897196,0.191700934579439,3,3,37.63489914,127.07767487
2917,2917.신창중학교 후문 맞은편 버스정류장,12902,1837,1435,3428,0.142381026197489,0.111223066191288,0.2656952410479,0,2,37.62807083,127.04692078
2919,2919.등나무 근린공원(시립북서울미술관 앞),38293,2559,7149,11180,0.0668268351918105,0.186692084715222,0.291959365941556,3,2,37.64020538,127.06761932
2920,2920.상계중학교(당현2교사거리),10848,1364,1691,3177,0.125737463126844,0.155881268436578,0.292865044247788,0,2,37.65103531,127.06871033
2921,2921.중계역 2번출구,28909,4022,5584,6558,0.13912622366737,0.193157840118994,0.22684976996783,3,3,37.64587021,127.06562042
3002,3002.벽산상암스마트큐브,30128,3132,5546,8981,0.103956452469464,0.184081253319172,0.298094795539033,3,2,37.56504440,126.90360260
3003,3003.래미안신공덕3차아파트,1579,471,139,432,0.2982900569981,0.0880303989867004,0.27359088030399,0,1,37.54554749,126.95679474
3005,3005.마포구청 청사내,4044,538,893,525,0.133036597428289,0.22082096933729,0.129821958456973,0,3,37.56624603,126.90218353
3006,3006. 상암월드컵파크5단지(상암중학교),7362,554,1691,1352,0.0752512904102146,0.229693018201576,0.183645748437924,0,3,37.57948685,126.88739014
3007,3007.MBC 앞,8350,762,2926,1148,0.0912574850299401,0.350419161676647,0.13748502994012,0,0,37.58194733,126.89029694
3008,3008.DMC역7번출구,9268,2889,2232,1180,0.311717738454899,0.240828657747087,0.127319810099266,0,1,37.57711411,126.89836121
3009,3009. 홍대입구역 사거리,17659,634,4313,4814,0.0359023727277875,0.244238065575627,0.27260886799932,3,2,37.55583954,126.92043304
3010,3010.홍대입구역 3번출구,38015,4638,8159,10178,0.122004471918979,0.214625805603051,0.267736419834276,2,2,37.55829620,126.92538452
3013,3013.서울지방고용노동청 앞,18597,1012,7483,2000,0.0544173791471743,0.402376727429155,0.107544227563586,3,0,37.56760406,126.98725891
3100,3100. 북성초교,2927,366,472,783,0.125042705842159,0.161257259993167,0.267509395285275,0,2,37.55739594,126.95216370
3101,3101. 서대문구청,4561,449,678,1192,0.0984433238324929,0.148651611488709,0.261346196009647,0,2,37.57838058,126.93609619
3102,3102. 연희삼거리,12997,2250,1705,3769,0.173116873124567,0.131184119412172,0.289989997691775,0,2,37.56799698,126.93165588
3103,3103. 홍제삼거리 북측,10152,1319,1557,2822,0.129925137903861,0.153368794326241,0.277974783293932,0,2,37.58670044,126.94676971
3104,3104. e편한세상 신촌4단지 앞,9099,1249,1289,2387,0.137267831629849,0.14166391911199,0.262336520496758,0,2,37.55812836,126.95620728
3105,3105. 홍은센트레빌 아파트 앞,4326,755,568,1225,0.174526121128063,0.131299121590384,0.283171521035599,0,1,37.59714890,126.93852997
3109,3109.북한산더샾 106동 앞,3493,360,464,945,0.103063269395935,0.132837102776983,0.270541082164329,0,2,37.59293365,126.94129181
3110,3110.홍은 현대아이파크 아파트 202동 앞,8066,1358,1200,2381,0.168361021572031,0.148772625836846,0.295189685097942,0,2,37.58928299,126.93694305
3111,3111.무악재역 4번 출구,2978,461,547,772,0.154801880456682,0.183680322364003,0.25923438549362,0,2,37.58221054,126.95016479
3113,3113. 독립문 앞,7766,2076,985,2442,0.267319083183106,0.126834921452485,0.314447592067989,0,1,37.57220459,126.95974731
3114,3114.충정로역 3번 출구,3815,640,616,942,0.167758846657929,0.161467889908257,0.24692005242464,0,1,37.56046295,126.96552277
3115,3115.북아현 치안센터 인근,9164,2018,998,2565,0.220209515495417,0.108904408555216,0.279899607158446,0,1,37.56145477,126.95574951
3116,3116.신촌역 4번출구,7136,644,1189,1840,0.0902466367713004,0.166619955156951,0.257847533632287,0,2,37.55550385,126.93720245
3117,3117.이화여대 인문관 인근,2777,217,597,510,0.0781418797263234,0.214980194454447,0.183651422398272,0,3,37.56406784,126.94532776
3119,3119.연희 브라운스톤 아파트 앞,13689,2256,2122,3999,0.164803857111549,0.155014975527796,0.292132369055446,0,2,37.56519699,126.92985535
3120,3120.DMC엘가아파트 앞,14082,2204,2395,3503,0.156511859110922,0.170075273398665,0.248757278795626,0,2,37.56983566,126.91809082
3121,3121.가좌삼거리,14899,1712,2734,4067,0.114907040740989,0.183502248473052,0.272971340358413,0,2,37.57065201,126.91298676
3122,3122.북가좌삼거리2,8861,2153,1071,2286,0.242974833540232,0.120866719331904,0.257984426137005,0,1,37.57428360,126.90646362
3123,3123.DMC파크뷰자이1단지 110동 앞,10077,2055,1308,2924,0.203929740994344,0.129800535873772,0.290165723925772,0,1,37.57238770,126.91510773
3125,3125.연희파크푸르지오아파트 앞,14950,3257,2141,4287,0.217859531772575,0.143210702341137,0.286755852842809,3,1,37.57564163,126.92782593
3127,3127.홍은2파출소 옆,8637,1173,1658,2250,0.13581104550191,0.191964802593493,0.260507120527961,0,2,37.58333588,126.93628693
3128,3128.동신병원 맞은편,15903,1549,2557,4960,0.0974030057221908,0.160787272841602,0.311890838206628,3,2,37.58131790,126.93599701
3129,3129.DMC래미안e편한세상203동옆,8749,2276,1148,2210,0.260144016459024,0.131214995999543,0.25260029717682,0,1,37.57626343,126.91132355
3130,3130.가재울사거리,8912,2134,1147,2248,0.239452423698384,0.128702872531418,0.252244165170557,0,1,37.57456207,126.91799164
3131,3131.연가교 교차로,13506,4017,1454,3694,0.29742336739227,0.107655856656301,0.273508070487191,3,1,37.57215881,126.92118835
3132,3132.홍제교,7471,940,1164,2108,0.125819836701914,0.1558024360862,0.282157676348548,0,2,37.59186172,126.94421387
3134,3134.SK리쳄블(서울아리수본부),3957,1189,591,899,0.300480161738691,0.149355572403336,0.227192317412181,0,1,37.56131744,126.96658325
3201,3201.당산skv1센터,21058,3288,4959,3833,0.156140184253015,0.235492449425397,0.182021084623421,3,3,37.53073502,126.89916992
3202,3202.당산롯데캐슬프레스티지,38309,8168,6006,9989,0.213213605158057,0.15677778067817,0.260748127071967,2,1,37.52869034,126.90386200
3203,3203.도림동배드민턴체육관,15762,3970,1960,3616,0.251871589899759,0.124349701814491,0.229412511102652,3,1,37.50611496,126.89859009
3204,3204.도림고가도로 밑,13220,2569,2019,3369,0.194326777609682,0.152723146747352,0.254841149773071,0,1,37.51124191,126.89818573
3205,3205.문래현대2차,26729,6226,3322,7672,0.232930524898051,0.124284485016274,0.287029069549927,3,1,37.52021790,126.88216400
3206,3206.문래동 주민센터,16089,2054,4209,2973,0.127664864192927,0.261607309341786,0.184784635465225,3,3,37.51707077,126.89908600
3207,3207.양남사거리1,10140,1412,2693,1765,0.139250493096647,0.265581854043393,0.174063116370809,0,3,37.52182770,126.88972473
3211,3211.신길 래미안 프레비뉴,7639,1655,955,2102,0.216651394161539,0.125016363398351,0.275166906663176,0,1,37.50438309,126.90808868
3212,3212.신풍역 6번출구,12711,2051,1764,3088,0.161356305562112,0.138777436865707,0.242939186531351,0,1,37.50017166,126.91130829
3214,3214.영등포 푸르지오 아파트 A,24260,7365,2701,6074,0.30358615004122,0.111335531739489,0.250370981038747,3,1,37.51202393,126.90105438
3215,3215.강변삼성래미안,20525,6535,2224,5055,0.318392204628502,0.108355663824604,0.246285018270402,3,1,37.52974319,126.90782928
3219,3219.영등포역 1번출구,43185,7528,9706,11046,0.174319786963066,0.224753965497279,0.255783258075721,2,3,37.51484680,126.90773010
3220,3220.래미안에스티움 앞 (신풍로),13054,2714,1751,3372,0.20790562279761,0.134135130994331,0.25831162861958,0,1,37.50013733,126.91397858
3221,3221.서울특별시 남부교육지원청,12732,2228,2766,2489,0.174992145774427,0.217247879359095,0.195491674520892,0,3,37.51933289,126.89530182
3305,3305.낙성대역 8번 출구,4,0,2,0,0,0.5,0,0,0,37.47677612,126.96486664
3310,3310.영락고등학교,5434,960,644,1419,0.176665439823335,0.118513065881487,0.261133603238866,0,1,37.47662735,126.94364166
3311,3311.서울대입구역 4번 출구,9954,579,2076,2585,0.0581675708257987,0.208559373116335,0.259694595137633,0,2,37.48122025,126.95157623
3401,3401.창신두산아파트,2039,800,220,467,0.392349190779794,0.107896027464443,0.229033840117705,0,1,37.57376099,127.01393890
3402,3402.이화공영주차장,4847,1181,810,880,0.243655869610068,0.16711367856406,0.18155560140293,0,1,37.57660675,127.00556946
3404,3404.서울특별시 중부교육지원청,1466,236,315,186,0.160982264665757,0.214870395634379,0.1268758526603,0,3,37.57185364,127.00235748
3405,3405.파크팰리스,11694,2998,1774,2582,0.256370788438515,0.151701727381563,0.220796989909355,0,1,37.57455063,126.97055054
3407,3407.안국동사거리(신),18481,2320,3847,4937,0.125534332557762,0.208159731616255,0.267139224067962,3,2,37.57580566,126.98339081
3408,3408.종로타워빌딩,14681,1547,3778,2291,0.105374293304271,0.257339418295756,0.156052040051768,0,3,37.57070541,126.98323822
3410,3410.종로3가역 8번출구,32846,4513,7212,5406,0.137398770017658,0.219570115082506,0.164586250989466,3,3,37.57246780,126.99188995
3411,3411.종묘,12914,1838,2441,2166,0.142326157658355,0.189019668576738,0.167724949667028,0,3,37.57072067,126.99437714
3412,3412.세운상가,8854,1245,1825,1567,0.140614411565394,0.206121526993449,0.176982154958211,0,3,37.57031250,126.99454498
3413,3413.종로플레이스,31664,5061,6154,4347,0.15983451237999,0.194353208691258,0.137285245073269,3,3,37.57320023,126.99796295
3414,3414.종로5가역 4번출구,15845,2547,3197,3488,0.160744714420953,0.201767118964973,0.220132533922373,3,3,37.57117462,127.00222778
3415,3415.동대문역6번출구,17512,1827,3442,4619,0.104328460484239,0.196550936500685,0.263761991777067,3,2,37.57146072,127.01078796
3416,3416.동묘앞역 6번출구,23423,2553,3084,5317,0.108995431840499,0.131665457029416,0.226999103445332,3,2,37.57153320,127.01561737
3417,3417.창신3동주민센터,10906,2036,1405,2536,0.186686227764533,0.128828167980928,0.232532550889419,0,1,37.57772446,127.01525116
3418,3418.창신역2번 출구,2242,547,243,535,0.243978590544157,0.108385370205174,0.238626226583408,0,1,37.57998657,127.01506042
3419,3419.국립어린이과학관,4723,706,902,1141,0.149481261909803,0.190980309125556,0.241583739148846,0,3,37.58194733,126.99736786
3420,3420. 성균관대입구 사거리 B,9725,894,1605,2597,0.0919280205655527,0.165038560411311,0.267043701799486,0,2,37.58327484,126.99885559
3421,3421.혜화역 1번출구,21698,2101,3666,5330,0.0968292008480044,0.168955664116508,0.245644759885704,3,2,37.58385468,127.00185394
3422,3422.성균관대 정문,19576,3229,2764,4615,0.164946873722926,0.141193297915815,0.235747854515734,3,1,37.58479691,126.99713135
3425,3425.광화문 풍림스페이스본 1단지앞,10620,2696,1307,2423,0.253860640301318,0.123069679849341,0.228154425612053,0,1,37.57529068,126.96895599
3426,3426.독립문역 2번출구 뒤,3927,1562,420,807,0.397759103641457,0.106951871657754,0.20550038197097,0,1,37.57501602,126.95755005
3427,3427.인왕산 아이파크 정문,3195,1129,461,614,0.353364632237872,0.144287949921753,0.192175273865415,0,1,37.57666779,126.95584869
3428,3428.서울미술관,2021,396,273,679,0.195942602671945,0.135081642751113,0.335972290945077,0,2,37.59512711,126.96349335
3429,3429.HW컨벤션센터 앞,1838,486,192,547,0.264417845484222,0.104461371055495,0.297606093579978,0,1,37.59725952,126.96308899
3430,3430.구기치안센터 앞,330,25,57,119,0.0757575757575758,0.172727272727273,0.360606060606061,0,2,,
3431,3431.로제우스 레포츠센터,2682,231,569,779,0.0861297539149888,0.212155108128262,0.290454884414616,0,2,37.60760117,126.95768738
3432,3432.종로2가 사거리,15035,1346,3117,3061,0.0895244429664117,0.207316262055205,0.203591619554373,0,3,37.57001877,126.98880768
3500,3500. 군자역2번출구,30828,5561,6277,7059,0.180387958998313,0.203613598027767,0.228980147917478,3,3,37.55758667,127.07969666
3501,3501. K&S빌딩 앞,21941,3624,3114,5596,0.165170229251174,0.141926074472449,0.255047627728909,3,1,37.53950119,127.08300018
3502,3502. 중곡역 1번출구,13943,1830,2639,3293,0.131248655239188,0.189270601735638,0.236175858853905,0,3,37.56565857,127.08429718
3503,3503. 광진유진스웰,2761,341,576,780,0.123505976095618,0.20862006519377,0.282506338283231,0,2,37.55048752,127.10895538
3504,3504. 원일교회,32489,4552,4519,9216,0.140108959955677,0.139093231555296,0.283665240542953,3,2,37.53805161,127.07659912
3505,3505. 신양초교앞 교차로,10351,1072,1524,3006,0.103564872959134,0.147232151482949,0.29040672398802,0,2,37.53522110,127.06839752
3506,3506. 영동대교 북단,17608,2341,3327,4401,0.132950931394821,0.188948205361199,0.249943207632894,3,2,37.53701401,127.06109619
3507,3507. 어린이회관,14377,2950,1821,3291,0.205188843291368,0.126660638519858,0.228907282465048,0,1,37.54595184,127.07800293
3508,3508. 화양사거리,12538,2203,3313,2514,0.175705854203222,0.264236720370075,0.200510448237358,0,3,37.54822159,127.06787872
3509,3509. 세종사이버대학교,37980,8436,5868,8573,0.222116903633491,0.154502369668246,0.225724065297525,2,1,37.55341721,127.07319641
3510,3510. 중곡SK아파트앞,8117,1563,994,2329,0.192558827152889,0.122459036589873,0.286928668227178,0,1,37.56864929,127.08625031
3511,3511. 응봉역 1번출구,41189,4961,5598,14719,0.120444778945835,0.135910073077763,0.357352691252519,2,2,37.55125046,127.03510284
3513,3513. 상왕십리역 1번출구,26825,2916,5782,6594,0.108704566635601,0.215545200372787,0.245815470643057,3,3,37.56460953,127.02919769
3514,3514. 왕십리교회옆,30422,4459,4748,7931,0.146571560055223,0.156071264216685,0.260699493787391,3,2,37.56626129,127.02369690
3515,3515. 서울숲 관리사무소,12492,339,2086,5298,0.0271373679154659,0.166986871597823,0.424111431316042,0,2,,
3516,3516. 구의아리수정수센터앞,10725,3066,1211,2630,0.285874125874126,0.112913752913753,0.245221445221445,0,1,37.54370499,127.09324646
3517,3517. 용마사거리,20390,3495,3471,5167,0.171407552721923,0.170230505149583,0.253408533594899,3,1,37.56252670,127.08227539
3518,3518. 군자역 7번출구뒤,55695,10080,11586,12530,0.180985725828171,0.20802585510369,0.224975311966963,2,3,37.55686188,127.07913971
3520,3520. 광진경찰서,10109,2191,1352,2419,0.216737560589574,0.13374220991196,0.239291720249283,0,1,,
3521,3521. 현대홈타운 뒷길,5012,943,629,1456,0.188148443735036,0.125498802873105,0.290502793296089,0,1,37.54342651,127.09661865
3523,3523. 건국대학교 과학관(이과대) 앞,7720,302,1783,796,0.039119170984456,0.230958549222798,0.103108808290155,0,3,37.54171753,127.08016968
3525,3525. 금호스포츠센터앞,7154,866,1042,2334,0.121051160190103,0.145652781660609,0.326251048364551,0,2,37.54608917,127.02507019
3527,3527. 왕십리 자이아파트(101동 앞),406,76,54,114,0.187192118226601,0.133004926108374,0.280788177339901,0,1,37.56179047,127.02439117
3528,3528. 광진정보도서관,13699,523,2860,5034,0.0381779691948317,0.208774363092197,0.367472078253887,0,2,37.55059814,127.11051178
3529,3529. 어린이대공원정문,10747,1499,1931,3072,0.139480785335442,0.179678049688285,0.28584721317577,0,2,37.54978943,127.07592773
3530,3530. 왕십리자이아파트 후문(삼거리),3427,790,298,883,0.230522322731252,0.0869565217391304,0.257659760723665,0,1,37.56014633,127.02635956
3531,3531. 논골사거리(금호도서관 입구),2519,471,262,809,0.186978959904724,0.104009527590314,0.321159190154823,0,1,37.55477905,127.02484131
3532,3532. 왕십리KCC스위첸아파트,3139,1144,227,577,0.364447276202612,0.0723160242115323,0.183816502070723,0,1,37.56068039,127.02677917
3533,3533. 건대입구역 사거리(롯데백화점),68937,6295,13138,20609,0.0913152588595384,0.190579804749264,0.298954117527598,2,2,37.53913879,127.07061768
3534,3534. 건대입구역 5번출구 뒤,58808,6405,10722,15939,0.108913753230853,0.182322133043123,0.271034553122024,2,2,37.54012680,127.06949615
3536,3536. 중앙농협(자양동),32978,6604,4514,8978,0.200254715264722,0.13687913154224,0.272242100794469,3,1,37.53181076,127.08074188
3537,3537. 아차산 휴먼시아 아파트 옆,6156,1233,865,1790,0.200292397660819,0.140513320337882,0.290773229369721,0,1,37.54848862,127.09375763
3539,3539. 서원마을,1943,264,465,652,0.1358723623263,0.239320638188368,0.335563561502831,0,2,37.56379318,127.13283539
3542,3542. 래미안 구의파크 스위트,29482,7187,4582,7664,0.243775863238586,0.155416864527508,0.25995522691812,3,1,37.54500580,127.09003448
3543,3543. 세종대학교(학술정보원),9494,376,2211,1540,0.0396039603960396,0.232883926690541,0.162207710132715,0,3,37.55137253,127.07444000
3544,3544.한양대역 3번 출구,17733,2480,3917,3577,0.139852252861896,0.220887610669373,0.201714317938307,3,3,37.55453873,127.04377747
3545,3545.한양대역 1번출구,8100,575,1783,1896,0.0709876543209877,0.220123456790123,0.234074074074074,0,3,37.55657959,127.04335785
3547,3547.상왕십리역 6번 출입구,10469,911,2272,2758,0.0870188174610756,0.217021683064285,0.26344445505779,0,2,37.56438065,127.02886963
3548,3548.뚝섬역 6번출구,27519,4397,6079,6339,0.159780515280352,0.220901922308223,0.230349940041426,3,3,37.54695892,127.04766846
3549,3549.건영아파트 앞,23181,6381,3331,5644,0.275268538889608,0.143695267676114,0.243475259911134,3,1,37.55514145,127.07110596
3550,3550.금호나들목,15531,2116,2299,5641,0.136243641748761,0.148026527589981,0.363209065739489,3,2,37.54404068,127.02320099
3551,3551.성동도로사업소,9564,659,2782,1166,0.0689042241739858,0.290882475951485,0.121915516520284,0,0,37.55979919,127.05632782
3552,3552.서울숲 공영주차장앞,9673,216,1498,4636,0.0223301974568386,0.154864054584927,0.479272200971777,0,2,37.54195786,127.04277039
3553,3553.마장역3번출구,7142,1163,1397,1633,0.162839540744889,0.19560347241669,0.228647437692523,0,3,37.56597900,127.04311371
3555,3555.양지사거리(센트라스APT 115동앞),2815,656,330,691,0.23303730017762,0.117229129662522,0.245470692717584,0,1,37.56681824,127.02915192
3556,3556.신금호파크자이APT앞,4270,431,678,1351,0.100936768149883,0.158782201405152,0.316393442622951,0,2,37.55610657,127.01978302
3557,3557.서울숲리버뷰자이APT105동 앞,8096,1508,897,2261,0.186264822134387,0.110795454545455,0.27927371541502,0,1,37.55653000,127.03913116
3558,3558.마장동 금호어울림APT앞,10192,1433,1425,2894,0.140600470957614,0.139815541601256,0.28394819466248,0,2,37.56339645,127.04187012
3559,3559.성동구민종합체육센터 앞,21828,1814,4793,6722,0.0831042697452813,0.219580355506689,0.307953087777167,3,2,37.54590988,127.04460144
3560,3560.성동구 견인차량 보관소 앞,18829,3126,3573,4279,0.166020500292103,0.189760475861703,0.227255828774762,3,3,37.56370926,127.05644989
3561,3561.행당동 삼부APT후문,2752,123,538,785,0.0446947674418605,0.195494186046512,0.285247093023256,0,2,37.55926895,127.03839874
3563,3563.구의7단지현대아파트,2879,845,387,818,0.29350468912817,0.134421674192428,0.284126432789163,0,1,37.53680038,127.09083557
3566,3566.우성4차아파트,21500,5687,2691,5582,0.264511627906977,0.125162790697674,0.259627906976744,3,1,37.53507233,127.07611084
3569,3569.건대병원후문,51584,7456,9348,11168,0.14454094292804,0.181218982630273,0.216501240694789,2,3,37.53956604,127.07244110
3570,3570.구의역 리버비스타 오피스텔,33180,3043,5782,9421,0.091711874623267,0.174261603375527,0.283936106088005,3,2,37.53809738,127.08901978
3571,3571.화양 APT(횡단보도 옆),45986,8639,8236,10310,0.187861523072239,0.17909798634367,0.224198669160179,2,1,37.54434967,127.06540680
3573,3573.광나루안전체험관,16382,3221,2748,4116,0.196618239531193,0.167745086070077,0.251251373458674,3,1,37.55133820,127.07671356
3575,3575. 자양사거리(서원빌딩),41602,4735,7063,10859,0.113816643430604,0.169775491562906,0.261021104754579,2,2,37.53657532,127.08258057
3579,3579.광진 캠퍼스시티,28963,5750,5823,6721,0.198529157891102,0.201049615026068,0.232054690467148,3,1,37.54788971,127.06745148
3581,3581.광진광장,27984,5788,6137,5817,0.2068324757004,0.219303887935963,0.207868782161235,3,3,37.54747009,127.07396698
3582,3582.화양동 우체국,31740,6722,4560,7272,0.211783238815375,0.143667296786389,0.229111531190926,3,1,37.54798889,127.06950378
3586,3586.군자역 비채온 오피스텔,23325,3607,3803,6331,0.154640943193998,0.163043944265809,0.271425509110397,3,2,37.55771255,127.07727051
3587,3587.우성식품 앞,11133,2354,1381,2869,0.21144345639091,0.124045630108686,0.257702326416959,0,1,37.54246521,127.09423065
3588,3588.세종대학교(영실관),7424,463,1950,1080,0.0623653017241379,0.262661637931034,0.145474137931034,0,3,37.55237198,127.07353973
3600,3600.사근빗물펌프장 건너편,35283,3731,5869,9886,0.105744976334212,0.166340730663492,0.280191593685344,3,2,37.56119156,127.04968262
3602,3602. 한국지역난방공사강남지사,5333,1209,1762,574,0.226701668854303,0.330395649728108,0.107631726982936,0,3,37.49229431,127.09433746
3603,3603. 삼성역 2번출구,1,0,0,1,0,0,1,0,2,37.50820160,127.06396484
3604,3604. 삼성중앙역 5번출구,7020,1417,1608,1187,0.201851851851852,0.229059829059829,0.169088319088319,0,3,37.51296234,127.05386353
3605,3605. 봉은사역6번출구(현대아이파크타워앞),5,0,2,0,0,0.4,0,0,0,37.51390839,127.06072998
3606,3606. 신사동주민센터 옆,8186,444,2141,2155,0.0542389445394576,0.261544099682385,0.263254336672367,0,2,37.52422714,127.02285004
3609,3609. 언주초등학교 입구,7200,878,1998,1388,0.121944444444444,0.2775,0.192777777777778,0,3,37.48536682,127.03849792
3610,3610. 윗반마을 입구,1777,154,389,612,0.0866629150253236,0.218908272369162,0.344400675295442,0,2,37.46534729,127.10880280
3611,3611. 방죽마을 입구,4890,1041,764,1065,0.212883435582822,0.156237218813906,0.217791411042945,0,1,37.47123337,127.10721588
3612,3612. 은곡마을,4490,514,702,1459,0.114476614699332,0.156347438752784,0.324944320712695,0,2,37.46726227,127.09801483
3614,3614. 은마아파트 입구 사거리,14334,1183,2602,3925,0.0825310450676713,0.181526440630668,0.273824473280313,0,2,37.49840164,127.06093597
3615,3615. 서울 논현동우체국 앞,4425,540,1362,824,0.122033898305085,0.307796610169492,0.186214689265537,0,3,37.51446152,127.03260040
3616,3616. 역삼중학교 앞(체육관 방향),3954,568,692,974,0.143651997976732,0.175012645422357,0.246332827516439,0,2,37.49526215,127.04950714
3618,3618. 서울율현초교 삼거리,9317,1681,1457,2339,0.180422882902222,0.156380809273371,0.25104647418697,0,1,37.47364044,127.10702515
3620,3620. 청담역 11번 출구,2422,817,400,458,0.337324525185797,0.165152766308836,0.189099917423617,0,1,37.51925659,127.05159760
3621,3621. 휘문고교 사거리,1,0,0,1,0,0,1,0,2,37.50286484,127.06594086
3622,3622. 은마아파트입구 사거리(1),3394,201,609,989,0.0592221567472009,0.179434295816146,0.291396582203889,0,2,37.49986649,127.06050110
3623,3623. 일원에코파크 앞(개포로 방면),5782,877,971,1702,0.151677620200623,0.167934970598409,0.294361812521619,0,2,37.49587631,127.08650208
3624,3624. 대모산입구역 7번 출구 앞,3017,613,346,882,0.203181968843222,0.114683460391117,0.292343387470998,0,1,37.49017715,127.07305908
3627,3627. 압구정나들목,19632,798,3686,7882,0.0406479217603912,0.187754686226569,0.401487367563162,3,2,37.53075027,127.04160309
3628,3628. 역삼1동 주민센터,10955,891,2767,2348,0.081332724783204,0.25257873117298,0.214331355545413,0,3,37.49521255,127.03302765
3629,3629. 청담사거리(신한오피스텔빌딩 앞),2326,82,699,497,0.0352536543422184,0.300515907136715,0.213671539122958,0,3,37.52416229,127.04895020
3630,3630. 개포우성6차아파트 정문 앞,4491,1369,607,1126,0.304831885994211,0.135159207303496,0.250723669561345,0,1,37.47685623,127.05536652
3634,3634. 국악고교 앞 교차로,7387,1420,1217,1745,0.192229592527413,0.164748883173142,0.236225802084743,0,1,37.47402191,127.04844666
3636,3636. 삼성중앙역·플래티넘아파트 정류소,6993,833,1287,1665,0.119119119119119,0.184041184041184,0.238095238095238,0,2,37.51264191,127.05156708
3637,3637. 세곡데이케어센터,3025,639,357,733,0.211239669421488,0.11801652892562,0.242314049586777,0,1,37.46072388,127.10287476
3638,3638. 신청담나들목,5806,417,1189,1797,0.0718222528418877,0.204788150189459,0.309507406131588,0,2,37.52796173,127.05162811
3640,3640. 일원1동주민센터앞 사거리,14295,2405,3560,2604,0.168240643581672,0.249038125218608,0.182161594963274,0,3,37.49096680,127.08836365
3641,3641. 대청역,12978,2162,3561,2620,0.166589613191555,0.274387424872862,0.201880104792726,0,3,37.49370575,127.07999420
3642,3642. 강남자곡힐스테이트,8544,1640,686,2383,0.191947565543071,0.0802902621722846,0.278909176029963,0,1,37.47092819,127.08970642
3643,3643. 더시그넘하우스 앞,8479,1471,1511,1707,0.173487439556551,0.178204977002005,0.201320910484727,0,3,37.47267914,127.10375977
3644,3644. 상록수아파트,5723,620,807,1749,0.108334789446095,0.141009959811288,0.305608946356806,0,2,37.48276138,127.08042145
3646,3646. 선정릉역 4번 출구,5558,737,1505,1175,0.13260165527168,0.270780856423174,0.211406980928391,0,3,37.50978470,127.04277039
3647,3647. 구룡역 1번 출구,5565,1287,1225,907,0.231266846361186,0.220125786163522,0.162982929020665,0,3,37.48642349,127.05931854
3648,3648. 구룡역 4번 출구,1609,99,338,452,0.0615288999378496,0.210068365444375,0.280919825978869,0,2,37.48670578,127.06050110
3649,3649. 구룡역 5번 출구,4715,1343,1171,824,0.284835630965005,0.248356309650053,0.174761399787911,0,1,37.48607635,127.05921936
3651,3651. 개포동역 4번출구,14101,1756,2107,4454,0.124530175164882,0.149422026806609,0.315864123111836,0,2,,
3652,3652. 한영외국어고등학교,3173,747,477,681,0.235423889063977,0.150330917113142,0.214623384809329,0,1,37.54709244,127.15621948
3653,3653. 강동리버스트4단지아파트 404동 앞,4972,1637,516,1121,0.329243765084473,0.103781174577635,0.225462590506838,0,1,37.57201385,127.17170715
3654,3654. 강동리버스트4단지아파트 405동 앞,3946,560,419,1206,0.141915864166244,0.106183476938672,0.305625950329448,0,2,37.57201767,127.17295074
3655,3655. 둔촌신성미소지움아파트,8131,1503,1175,2479,0.184848112163326,0.144508670520231,0.304882548272045,0,2,37.52726364,127.14233398
3656,3656. 둔촌푸르지오아파트,19667,2973,2929,5486,0.151166929374078,0.14892967915798,0.278944424670768,3,2,37.53407288,127.14500427
3657,3657. 서울천호동우체국,30123,3011,4504,8585,0.0999568436078744,0.149520300102911,0.284998174152641,3,2,37.54074097,127.12576294
3658,3658. 프라이어팰리스아파트,6615,1416,823,1926,0.2140589569161,0.124414210128496,0.291156462585034,0,1,37.55468750,127.13940430
3659,3659. 명일초등학교 옆,3251,405,593,798,0.124577053214396,0.182405413718856,0.245462934481698,0,2,37.55464554,127.14253235
3661,3661. 명일동신동아아파트 앞,3607,591,529,819,0.163848073191017,0.146659273634599,0.227058497366232,0,1,37.55483246,127.15173340
3663,3663. 암사정수센터교차로(강동롯데캐슬퍼스트아파트),6231,1636,604,1525,0.262558176857647,0.0969346814315519,0.244744021826352,0,1,,
3664,3664. 맥도날드 서울둔촌DT점 앞,34342,4621,5811,8895,0.134558266845262,0.169209714052763,0.25901228816027,3,2,37.52938843,127.13718414
3665,3665. 고덕센트럴 아이파크상가 앞,11621,1929,1286,3057,0.165992599604165,0.110661733069443,0.263058256604423,0,1,37.55058289,127.16542053
3668,3668. 성내삼성아파트,47247,10135,7284,11438,0.214510974241751,0.154168518636104,0.242089444832476,2,1,37.53137589,127.12707520
3671,3671. 둔촌동역교차로,24502,3313,4274,6216,0.135213451963105,0.174434740021223,0.253693576034609,3,2,37.52926254,127.13649750
3673,3673. 강동리버스트6단지,4533,899,639,1130,0.198323406132804,0.1409662475182,0.249283035517317,0,1,37.57095337,127.17174530
3674,3674. 강동리버스트7단지,4087,950,483,939,0.232444335698556,0.118179593834108,0.229752874969415,0,1,37.57073975,127.17215729
3675,3675. 강동리버스트8단지,7571,1069,909,2104,0.141196671509708,0.120063399815084,0.277902522784309,0,2,37.57180405,127.17446899
3676,3676. 강동리엔파크9단지,7310,1442,885,1742,0.197264021887825,0.121067031463748,0.238303693570451,0,1,37.55736542,127.18013763
3680,3680. 강동역3번출구,43786,7617,8704,9469,0.173959713150322,0.198784999771617,0.216256337642169,2,3,37.53541565,127.13309479
3681,3681. 길동 마루빌딩,48138,5784,8213,13375,0.120154555652499,0.170613652415971,0.277847023141801,2,2,37.53685379,127.13948822
3682,3682. 길동 동호빌딩,4321,869,515,1138,0.201110853968989,0.119185373756075,0.263364961814395,0,1,37.54154587,127.14147949
3683,3683. KT&G강동지사,12046,1935,2089,2990,0.160634235430848,0.173418562178316,0.248215175161879,0,2,37.54370880,127.14228058
3684,3684. 고덕자이(105동 앞),14207,2622,1672,3902,0.1845569085662,0.117688463433519,0.274653339902865,0,1,37.55361176,127.17203522
3685,3685. 강동리엔파크14단지(1401동 앞),7817,2016,1501,1622,0.257899449916848,0.192017397978764,0.207496482026353,0,1,37.55212402,127.18064117
3686,3686. 고덕 래미안 힐스테이트(101동),8999,1789,1127,2538,0.19879986665185,0.125236137348594,0.282031336815202,0,1,37.55885696,127.15148926
3688,3688. 상일동산(동아아파트앞 교차로),3686,694,650,847,0.188279978296256,0.176342919153554,0.229788388497016,0,1,37.54581833,127.16688538
3689,3689. 강일역 3번출구,7344,1451,1705,1591,0.197576252723312,0.232162309368192,0.216639433551198,0,3,37.55740356,127.17653656
3690,3690. 강일역 4번출구,5638,1130,1681,1004,0.200425682866265,0.298155374246187,0.178077332387371,0,3,37.55707169,127.17514038
3691,3691. 둔촌역 2번출구,16198,1529,4045,3969,0.0943943696752686,0.249722187924435,0.245030250648228,3,3,37.52722931,127.13635254
3692,3692. 둔촌오륜역 1번 출구,23735,4738,3777,6240,0.199620813145144,0.159132083421108,0.262902886033284,3,1,37.51960373,127.13871002
3694,3694. 강동리엔파크 13단지(1303동 앞),8452,2321,1737,1485,0.274609559867487,0.20551348793185,0.175698059630857,0,1,37.55302811,127.18075562
3698,3698. 명일역 3번출구 옆,17172,2355,3444,4384,0.137141858839972,0.200559049615653,0.255299324481714,3,2,37.55142593,127.14421082
3699,3699. 상일파출소 옆,14185,2309,2693,3233,0.162777581952767,0.189848431441664,0.227916813535425,0,3,37.55655289,127.16587830
3700,3700. 강변그대가리버뷰 입구 맞은편,20702,4563,2078,7253,0.22041348661965,0.100376775190803,0.350352622934982,3,1,37.54816437,127.12257385
3701,3701. 방아삼거리,2565,109,317,898,0.042495126705653,0.123586744639376,0.35009746588694,0,2,37.52328110,127.14613342
3703,3703. 삼양입구사거리,3400,594,405,910,0.174705882352941,0.119117647058824,0.267647058823529,0,1,37.61708832,127.02809906
3707,3707. 드래곤타워 앞,9643,1627,1441,2431,0.16872342631961,0.149434823187805,0.25209996888935,0,1,37.63713455,127.03137970
3714,3714. 송천센트레빌,1803,316,171,503,0.175263449805879,0.0948419301164725,0.2789794786467,0,1,37.61220932,127.02497864
3718,3718. 번동3단지 버스정류장,10377,997,1941,2859,0.0960778645080466,0.187048279849668,0.275513154090778,0,2,37.62868500,127.04390717
3720,3720. 우이천 창번교,1991,327,361,581,0.164239075841286,0.181315921647413,0.291813159216474,0,2,,
3724,3724. 삼양동주민센터 앞,4192,269,580,1151,0.0641698473282443,0.138358778625954,0.274570610687023,0,2,37.62491226,127.01979065
3725,3725. 강북 청소년 문화정보도서관 앞,4425,620,610,1257,0.140112994350282,0.137853107344633,0.28406779661017,0,2,37.62302017,127.02186584
3726,3726.삼양동사거리,5883,563,635,1695,0.0956994730579636,0.107938126806051,0.288118306986232,0,2,37.61792755,127.02136230
3753,3753. 공항중학교 버스정류장,9033,2469,1355,1942,0.273331119229492,0.150005535259604,0.214989483006753,0,1,37.56113434,126.81610107
3754,3754. 신방화역 8번출구,19980,3282,3086,5011,0.164264264264264,0.154454454454454,0.250800800800801,3,1,37.56740570,126.81621552
3756,3756. 마곡힐스테이트 정문,24352,7092,2999,6135,0.29122864651774,0.123152102496715,0.251930026281209,3,1,37.56497574,126.81740570
3757,3757. 신방화역 6번출구,24652,3363,5737,6184,0.136418951809184,0.232719454810969,0.250851857861431,3,3,37.56692886,126.81684113
3758,3758. 서울남부출입국관리소,26195,6148,3658,5122,0.234701278870013,0.139644970414201,0.195533498759305,3,1,37.56059265,126.82084656
3759,3759. 이대서울병원,24051,1708,6455,3797,0.071015758180533,0.268388008814602,0.157872853519604,3,3,37.55863190,126.83559418
3760,3760. 발산역 8번 출구,28299,6881,5320,5760,0.243153468320435,0.187992508569207,0.203540761157638,3,1,37.55846024,126.83676147
3761,3761. 나이아가라관광호텔,7020,1293,821,1993,0.184188034188034,0.116951566951567,0.283903133903134,0,1,37.54903030,126.87836456
3762,3762. 마곡9단지 907동앞,17702,5282,2137,4184,0.298384363348774,0.120720822505932,0.236357473731782,3,1,37.56068420,126.81918335
3763,3763. 등촌태영아파트,14743,3034,3271,3319,0.205792579529268,0.221868005154989,0.225123787560198,3,3,37.55603027,126.86429596
3764,3764. 관문주유소(GS칼택스) 앞,31500,6164,5244,7549,0.19568253968254,0.16647619047619,0.239650793650794,3,1,37.55802917,126.84183502
3765,3765. 문소빌딩,6157,1735,715,1523,0.281793081045964,0.116127984407991,0.247360727627091,0,1,37.54555511,126.84449768
3766,3766. 강서문화센터,2622,883,245,598,0.33676582761251,0.093440122044241,0.228070175438596,0,1,37.54457855,126.84378052
3767,3767. 대원빌딩,20673,5508,2748,5214,0.266434479756204,0.132927006240023,0.25221303149035,3,1,37.54536819,126.84470367
3770,3770. 남부순환로 205,6156,1165,982,1570,0.189246263807667,0.159519168291098,0.255035737491878,0,1,37.54739761,126.82141113
3772,3772. 길성그랑프리텔아파트,37772,7985,6469,9202,0.21139997882029,0.171264428677327,0.24361961241131,2,1,37.56924820,126.81650543
3774,3774. 마곡9단지 910동 상가앞,20158,5553,2749,4725,0.275473757317194,0.136372656017462,0.234398253795019,3,1,37.56108475,126.81679535
3775,3775. 가양오토갤러리,13689,2560,3190,2573,0.187011469062751,0.233033822777413,0.187961136679085,0,3,37.56644058,126.84430695
3776,3776. 김포공항사거리,6359,1086,1127,1483,0.170781569429156,0.177229124076113,0.23321276930335,0,3,37.56753540,126.80518341
3778,3778. 김포공항입구 교차로,20331,2013,3277,6047,0.0990113619595691,0.161182430770744,0.297427573655993,3,2,37.56179428,126.80792999
3779,3779. 유광사여성병원,4,0,3,0,0,0.75,0,0,0,,
3780,3780. 등촌서광아파트,49309,11197,7758,11903,0.227078221014419,0.157334360867184,0.241396094019347,2,1,37.55755234,126.85625458
3781,3781. 강서아동복지센터,1072,96,218,253,0.0895522388059701,0.203358208955224,0.236007462686567,0,3,37.58458328,126.81092072
3782,3782. 겸재정선미술관,25397,6484,4788,5681,0.255305744773005,0.188526203882348,0.22368783714612,3,1,37.57128906,126.83777618
3783,3783. 마곡금호어울림아파트,17894,4946,2586,4571,0.276405499049961,0.144517715435341,0.255448753772214,3,1,37.57410049,126.83711243
3784,3784. 벽산아파트,37956,9304,5190,10081,0.245125935293498,0.136737274739172,0.265597007060807,2,1,37.57531738,126.83666992
3785,3785. 마곡14단지 1408동앞,22278,5434,2732,5068,0.24391776640632,0.12263219319508,0.227489002603465,3,1,37.55737305,126.82332611
3786,3786. 강서힐스테이트 상가 앞,10332,1328,1668,2734,0.128532713898568,0.16144018583043,0.264614789005033,0,2,37.54663849,126.83657837
3787,3787. 가양나들목,964,58,171,364,0.0601659751037344,0.177385892116183,0.377593360995851,0,2,,
3788,3788. 정곡나들목,15558,652,1900,6735,0.0419077002185371,0.122123666281013,0.432896259159275,0,2,37.58417130,126.81932831
3789,3789. 염창나들목,35579,6987,4323,11605,0.196379887012001,0.121504258129796,0.326175552994744,2,1,37.55680466,126.87155914
3792,3792. 화곡본동시장 입구,8333,1363,1318,2023,0.163566542661706,0.158166326653066,0.242769710788432,0,1,37.54382706,126.84368896
3793,3793. 더리브골드타워,13428,2693,4052,2082,0.20055108728031,0.301757521596664,0.155049151027703,3,3,37.56557083,126.84624481
3794,3794. 안양천합수부(현대3차아파트),24446,5011,2952,7827,0.204982410210259,0.12075595189397,0.320175079767651,3,1,37.55195236,126.87670898
3796,3796. 송정역 3번출구 앞,20424,4529,3908,4723,0.221748922835879,0.191343517430474,0.231247551899726,3,1,37.56087875,126.81354523
3797,3797. 마곡수명산파크7단지 710동 앞,7659,940,1107,1855,0.122731427079253,0.144535840188014,0.24219872045959,0,2,37.54857254,126.82076263
3798,3798. 그랜드아이파크아파트 앞,63748,17251,9914,14419,0.270612411369768,0.155518604505239,0.226187488234925,2,1,37.55510712,126.85154724
3799,3799. 국립항공박물관,5395,581,2001,1045,0.107692307692308,0.370898980537535,0.193697868396664,0,0,37.55688477,126.80926514
3801,3801. 이랜드글로벌R&D센터,10415,360,5728,863,0.0345655304848776,0.549975996159386,0.0828612578012482,0,0,37.56719208,126.83475494
3802,3802. 관악구민체육센터,4810,1539,471,811,0.31995841995842,0.0979209979209979,0.168607068607069,0,1,37.47288132,126.96003723
3803,3803. 남서울중학교,11009,1962,1550,2716,0.178217821782178,0.140793895903352,0.246707239531293,0,1,37.48313141,126.92135620
3804,3804. 낙성대공원,2800,55,364,1469,0.0196428571428571,0.13,0.524642857142857,0,2,37.47185516,126.95871735
3806,3806. 낙성대 교수아파트,2562,243,505,691,0.094847775175644,0.197111631537861,0.269711163153786,0,2,37.46895981,126.95765686
3807,3807. 관악우체국 교차로,4417,979,449,1234,0.221643649535884,0.101652705456192,0.279375141498755,0,1,37.48497391,126.93437195
3811,3811.신사로입구,19170,4760,2280,5138,0.24830464267084,0.118935837245696,0.268022952529995,3,1,37.48675156,126.92272186
3812,3812. KT관악지점,10780,1390,1380,2848,0.128942486085343,0.128014842300557,0.264192949907236,0,2,37.48163223,126.94718933
3813,3813. 낙성대역 5번출구,3734,312,653,1108,0.0835565077664703,0.174879485806106,0.296732726298875,0,2,37.47752762,126.96276855
3814,3814. 난곡사거리,14791,1237,2205,3909,0.083631938340883,0.149077141504969,0.264282333851667,0,2,37.48204803,126.91524506
3815,3815. 광일빌딩,10089,1862,1111,2831,0.184557438794727,0.110119932599861,0.28060263653484,0,1,37.47639847,126.97683716
3816,3816. 관악 GSfresh,9580,2065,1387,2331,0.215553235908142,0.144780793319415,0.243319415448852,0,1,37.47909164,126.94941711
3818,3818. 은천교회 앞,12836,3050,1541,3590,0.237612963540044,0.120052976004986,0.279682143970084,0,1,37.48857117,126.92138672
3819,3819. 서울대벤처타운역,28768,2590,4869,8389,0.0900305895439377,0.169250556173526,0.29160873192436,3,2,37.47220230,126.93390656
3820,3820. 은천삼거리,5182,585,767,1387,0.112890775762254,0.148012350443844,0.267657275183327,0,2,37.48506546,126.95545959
3853,3853. 어린이대공원역 2번출구,16142,4234,2677,3303,0.262297113121051,0.165840664106059,0.204621484326601,3,1,37.54764938,127.07470703
3860,3860. 건국대학교 정문 앞,18403,2201,2999,4304,0.11960006520676,0.1629625604521,0.233874911699179,3,2,37.54651260,127.07571411
3863,3863. 동일로58길 입구,13968,3624,2336,3272,0.259450171821306,0.167239404352806,0.234249713631157,3,1,37.55775452,127.07297516
3864,3864. 광진소방서 앞,22952,5948,3618,5255,0.259149529452771,0.157633321714883,0.228956082258627,3,1,37.54500580,127.08337402
3865,3865. 이튼타워리버 2차,20496,2635,2947,5373,0.128561670569867,0.143784153005464,0.262148711943794,3,2,37.53520966,127.06900024
3868,3868. 자양한강도서관,32039,7425,4672,8381,0.231748806142514,0.14582227909735,0.261587440307126,3,1,37.52916336,127.07798767
3873,3873. 동서울우편집중국 앞,13036,1643,2292,2885,0.126035593740411,0.175820803927585,0.221310217858239,0,3,37.53470993,127.08447266
3878,3878. 장로회신학대학교 주기철 기념관,762,21,164,212,0.0275590551181102,0.215223097112861,0.278215223097113,0,2,37.54983902,127.10302734
3879,3879. 중랑천 뚝방길 산책로 입구,15341,3665,2326,4018,0.238902287986442,0.151619842252787,0.26191252199987,3,1,37.56628036,127.07747650
3880,3880. 홍련봉 공원,8066,1620,1275,2398,0.200843044879742,0.158070914951649,0.297297297297297,0,1,37.54896927,127.09352875
3881,3881. 신자초교입구 교차로,42468,9598,5263,11300,0.226005462936799,0.123928605067345,0.266082697560516,2,1,37.53298569,127.07579041
3882,3882. 자양2동 주민센터,23382,6669,3089,5905,0.285219399538106,0.132110170216406,0.252544692498503,3,1,37.52879333,127.08463287
3886,3886.광진구 민방위교육센터,21242,5116,2687,5903,0.240843611712645,0.126494680350249,0.277892853780247,3,1,37.53919220,127.09801483
3890,3890. 웰츠타워 오피스텔,27942,3079,4838,6867,0.110192541693508,0.173144370481712,0.245759072364183,3,2,37.53803253,127.08355713
3894,3894. 노룬산시장 앞,21602,4359,3564,5518,0.201786871585964,0.1649847236367,0.255439311174891,3,1,37.53696060,127.06273651
3899,3899. 아차산역 2번출구,15288,2170,2387,4702,0.141941391941392,0.156135531135531,0.307561486132915,3,2,37.55105209,127.09043884
3900,3900. 건국대학교 신공학관,17919,776,4850,2055,0.0433059880573693,0.270662425358558,0.114682738992131,0,0,37.54088593,127.07928467
3902,3902. 항동지구5단지 501동 앞,2902,627,308,808,0.21605789110958,0.106133700895934,0.278428669882839,0,1,37.47819901,126.82487488
3903,3903. 현대아파트 앞,8714,2009,1480,2102,0.230548542575166,0.169841634151939,0.241221023640119,0,1,37.49333954,126.85917664
3904,3904. 테크노마트 앞,28211,2110,5782,8473,0.0747935202580554,0.204955513806671,0.300343837510191,3,2,37.50624084,126.89114380
3905,3905. 희훈타워빌 앞,23062,4460,3360,5611,0.1933917266499,0.14569421559275,0.243300667765155,3,1,37.50191498,126.88924408
3906,3906. 천왕차량사업소 입구,7164,1313,1849,1655,0.183277498604132,0.258096035734227,0.231016192071468,0,3,37.47604752,126.84501648
3907,3907. 신도림7차e편한세상아파트 806동 앞,15572,3328,1851,3914,0.213716927819163,0.118867197534035,0.251348574364244,3,1,37.50862503,126.88353729
3908,3908. 오류동 다숲오피스텔 앞,12723,2574,1564,3393,0.202310775760434,0.122926982629883,0.266682386229663,0,1,37.49267197,126.84162140
3910,3910. 목양전원교회 앞 로터리,3559,517,437,1012,0.145265524023602,0.122787299803316,0.284349536386625,0,2,37.48389053,126.82218170
3911,3911. 항동하버리안2단지아파트 후문,2016,291,265,602,0.144345238095238,0.131448412698413,0.298611111111111,0,2,37.48337555,126.82247925
3912,3912. 삼호아파트 앞,9413,1021,1337,2545,0.108467013704451,0.142037607564007,0.270370763837246,0,2,37.49385834,126.85646820
3914,3914. 신도림쌍용플래티넘노블아파트 앞,26468,6825,3633,6726,0.257858546168959,0.137260087653015,0.25411818044431,3,1,37.50126266,126.89118195
3915,3915. 동선아파트 앞,2843,245,325,899,0.0861765740415055,0.114315863524446,0.316215265564544,0,2,37.49382782,126.83907318
3917,3917. 성공회대학교,4662,490,844,902,0.105105105105105,0.181038181038181,0.193479193479193,0,3,,
3918,3918. 이좋은집오피스텔 앞,7752,1084,1079,2156,0.139834881320949,0.139189886480908,0.2781217750258,0,2,37.49499130,126.84185028
3919,3919. 구로역·NC신구로점 버스정류장(구로역 방면),20414,1904,3613,5688,0.0932693249730577,0.176986381894778,0.278632311159009,3,2,37.50096512,126.88237000
3920,3920. 개봉역2번출구 B,5509,1254,817,1342,0.227627518605918,0.148302777273552,0.243601379560719,0,1,37.49555206,126.85697937
3922,3922. 서울남부교정시설 앞,6714,997,2599,1301,0.148495680667262,0.387101578790587,0.193774203157581,0,0,37.47715378,126.83985901
3923,3923. 구로공구상가 앞,3463,239,848,596,0.0690153046491481,0.244874386370199,0.172105111175282,0,3,37.50075531,126.87708282
3924,3924. 오류동 계림웨스트밸리 앞,2620,592,340,532,0.225954198473282,0.129770992366412,0.203053435114504,0,1,37.49090958,126.82965088
3925,3925. 중앙유통단지 앞 B,11597,402,4867,738,0.034664137276882,0.419677502802449,0.0636371475381564,0,0,37.50127029,126.87678528
3927,3927. 구로월드아파트 앞,19575,2704,5549,3484,0.138135376756066,0.283473818646232,0.177982120051086,3,3,37.50519562,126.87619019
3928,3928.고척아이파크아파트 106동 앞,14899,2033,2569,4446,0.136452110879925,0.172427679710048,0.298409289214041,3,2,37.49801254,126.86098480
3929,3929. 고척아이파크아파트 205동 앞,18375,6603,1962,4167,0.35934693877551,0.106775510204082,0.226775510204082,3,1,37.50108719,126.86045837
3930,3930. 온수역 2번 출구 앞,7324,774,1923,1459,0.105679956308028,0.262561441835063,0.199208083014746,0,3,37.49179459,126.82500458
3931,3931. 천왕역 3번 출구 뒤,13955,2165,3505,2575,0.155141526334647,0.251164457183805,0.184521676818345,0,3,37.48690414,126.83894348
3932,3932. 개봉센트레빌레우스아파트 앞,4081,1007,531,938,0.246753246753247,0.130115167851017,0.229845626072041,0,1,37.49752045,126.85295105
3933,3933. 오류동부골든아파트 후문 옆,5787,1567,567,1521,0.270779332987731,0.0979782270606532,0.262830482115086,0,1,37.49938202,126.84114075
3934,3934. 철도교통관제센터 정문 앞,23348,6739,8241,5549,0.288632859345554,0.352963851293473,0.237664896350865,3,3,37.49708176,126.87788391
3935,3935. 고대구로병원 앞,15043,1787,3519,2816,0.11879279399056,0.233929402379844,0.187196702785349,0,3,37.49312592,126.88424683
3936,3936. 힐스테이트 신도림역,27273,3278,4499,7275,0.120192131412019,0.164961683716496,0.266747332526675,3,2,37.50683594,126.88478851
3937,3937. 개봉역 신영지웰에스테이트,1450,375,251,372,0.258620689655172,0.173103448275862,0.256551724137931,0,1,37.49563599,126.85797882
3939,3939.신도림역 3번출구,67072,7366,20285,16485,0.109822280534351,0.302436187977099,0.245780653625954,2,3,37.50760651,126.89134979
3940,3940.삼각어린이공원 앞,1473,407,175,335,0.276306856754922,0.118805159538357,0.227427019687712,0,1,37.50207901,126.89234924
3956,3956. 대륭테크노타운21차 앞,9103,1137,3110,1611,0.12490387784247,0.341645611336922,0.176974623750412,0,0,37.46557617,126.88724518
3958,3958. 롯데캐슬2차 마을버스 정류장(18804) 뒤편,5275,1258,907,1151,0.238483412322275,0.171943127962085,0.218199052132701,0,1,37.45739746,126.89341736
3959,3959. 시흥사거리(시흥동 994-3 앞),11404,2618,2015,2767,0.229568572430726,0.176692388635566,0.242634163451421,0,1,37.45415115,126.90045166
3963,3963. 에이스 하드웨어(시흥대로 396) 앞,9611,2718,1320,1977,0.2828009572365,0.137342628238477,0.205701800020809,0,1,37.46865845,126.89826202
3966,3966. 독산역1번출구 B,24382,8483,5511,3177,0.347920597161841,0.226027397260274,0.130301041752112,3,1,,
3967,3967. 혜명양로원 담장 옆(2),4681,924,753,854,0.19739371929075,0.160863063447981,0.182439649647511,0,1,37.45191956,126.91375732
3968,3968. 독산동 현대홈타운 금천과선교 앞,572,140,67,144,0.244755244755245,0.117132867132867,0.251748251748252,0,1,37.46222305,126.89181519
3969,3969. 독산역 롯데캐슬 104동 앞,12164,2873,1531,3056,0.236188753699441,0.125863202893785,0.251233146991121,0,1,37.46239853,126.89175415
3970,3970. 시흥4동주민센터 앞,2329,833,164,466,0.357664233576642,0.0704164877629884,0.200085873765565,0,1,37.45894241,126.90592957
3971,3971. 순흥안씨묘 건너편,598,141,81,136,0.235785953177258,0.135451505016722,0.22742474916388,0,1,37.45838165,126.90807343
3972,3972. 산기슭공원 앞,1238,395,89,277,0.319063004846527,0.0718901453957997,0.223747980613893,0,1,,
3973,3973. 독산2동주민센터 앞,3683,1016,345,858,0.275862068965517,0.0936736356231333,0.232962259027966,0,1,37.46322250,126.90357208
3974,3974.  안천중학교,3433,1078,303,640,0.314011069035829,0.0882609962132246,0.186425866588989,0,1,37.45936584,126.88677979
3975,3975.현대시티아울렛 가산,19410,3978,4316,4155,0.204945904173107,0.222359608449253,0.214064914992272,3,3,37.47739792,126.88877869
3980,3980. 금천현대홈타운 후문 서부샛길,11442,3517,1492,2500,0.307376332808949,0.13039678377906,0.218493270407271,0,1,37.46139526,126.89003754
3983,3983. 금천구청역 1번 출구,13649,2264,4094,2494,0.165872957725841,0.299948714191516,0.182724009084915,3,3,37.45703506,126.89432526
3984,3984. 가산롯데아이티캐슬,15048,1145,7415,1702,0.0760898458266879,0.492756512493355,0.113104731525784,3,0,37.47636795,126.88083649
3985,3985. 디폴리스 지식산업센터,10542,811,5841,1195,0.0769303737431227,0.554069436539556,0.113356099411876,0,0,37.48017502,126.87680054
3986,3986.청년주택 독산동점,8700,3447,957,1888,0.396206896551724,0.11,0.217011494252874,0,1,37.46754074,126.89282227
3987,3987. LG전자가산A와 가산테라타워 사이,12775,4600,1887,2347,0.360078277886497,0.147710371819961,0.183718199608611,3,1,37.47520447,126.89012909
3988,3988. 엘아르베뉴 102동 앞,11476,2857,2732,2068,0.248954339491112,0.238062042523527,0.180202161031718,0,3,37.47452545,126.88707733
3989,3989.가산디지털단지역 9번출구 앞,11985,3565,3024,1361,0.297455152273675,0.252315394242804,0.113558614935336,0,3,37.48055267,126.88175964
4002,4002. 상계주공 14단지 상가 앞,11857,2298,1457,3345,0.19380956397065,0.122880998566248,0.282111832672683,0,1,37.66963577,127.05970764
4004,4004. 당고개입구오거리 당현천변,15763,1732,2425,4283,0.10987756137791,0.153841273869187,0.271712237518239,0,2,37.66260529,127.07557678
4005,4005. 중계2차 한화꿈에그린 101동 인근,12692,1110,2255,3632,0.0874566656161361,0.17767097384179,0.286164513079105,0,2,37.65955734,127.07525635
4007,4007. 노원 을지대학교 병원,21990,2288,4612,4600,0.104047294224648,0.209731696225557,0.20918599363347,3,3,37.63666916,127.06969452
4008,4008. 하계 어린이 공원,10586,1971,1538,2815,0.1861893066314,0.145286227092386,0.265917249197053,0,1,37.63341522,127.06916046
4009,4009. 월계프라자,7680,1082,983,1901,0.140885416666667,0.127994791666667,0.247526041666667,0,2,37.63284302,127.05213165
4011,4011. 월계 센트럴 아이파크,13009,938,2363,3108,0.0721039280498117,0.181643477592436,0.238911522791913,0,2,37.62917328,127.05693054
4013,4013. 중계 롯데마트,25086,3195,3676,6667,0.127361875149486,0.146535916447421,0.265765765765766,3,2,37.64584351,127.07075500
4014,4014. 불암산역 3번 출구,8018,1430,1112,2358,0.178348715390372,0.138687952107758,0.294088301322025,0,2,37.67030334,127.07884216
4016,4016. 노원 마들스타디움,12221,1476,1641,2840,0.12077571393503,0.134277064070043,0.232386875051141,0,2,37.64530945,127.05744171
4017,4017. 월계 청백1단지 아파트 정류장,5276,949,644,1587,0.179871114480667,0.122062168309325,0.300796057619409,0,2,37.63459396,127.05206299
4018,4018. 상계주공15단지 버스정류소,11559,1934,2025,2928,0.167315511722467,0.175188165066182,0.253309109784583,0,2,37.66782761,127.05683899
4019,4019. 상계주공10단지 버스정류소,15921,2244,2522,4153,0.140945920482382,0.158407135230199,0.260850449092394,3,2,37.66214371,127.05819702
4020,4020. 중계동 성모빌딩 앞,18806,1020,3615,5439,0.0542380091460172,0.192225885355738,0.289216207593321,3,2,37.65116119,127.07659149
4021,4021. 중계본동 입구,2216,445,282,572,0.200812274368231,0.127256317689531,0.25812274368231,0,1,37.64426041,127.08331299
4023,4023. 월계역 1번 출구,11736,1453,2134,2833,0.123807089297887,0.181833674164963,0.241394001363327,0,2,37.63441086,127.05886841
4024,4024. 꿈의숲 SK뷰 아파트,18531,3458,2451,4422,0.186606227402731,0.132264853488749,0.238627165290594,3,1,37.62045288,127.05445099
4025,4025. 한천교 동편,9920,1066,1427,3309,0.107459677419355,0.143850806451613,0.333568548387097,0,2,37.62533569,127.07019043
4026,4026. 상계주공1단지아파트,26767,6978,3310,7193,0.260694138304629,0.123659730264878,0.268726416856577,3,1,37.64795303,127.05793762
4027,4027. 한내 행복발전소 옆,28489,1021,4543,9106,0.035838393766015,0.159465056688546,0.319632138720208,3,2,37.62741089,127.06214142
4028,4028. 한일유앤아이아파트 105동 인근,14815,2192,2138,4330,0.147958150523118,0.144313196085049,0.292271346608167,0,2,37.65351868,127.07130432
4029,4029. 청소년수련관 후문,45915,9352,5776,12347,0.203680714363498,0.125797669606882,0.268909942284656,2,1,37.63966370,127.06041718
4031,4031. 청암예술학교 앞,19766,1691,2917,5468,0.0855509460690074,0.147576646767176,0.276636648790853,3,2,37.65153503,127.07327271
4032,4032. 불암주유소 앞,16964,1657,3512,4697,0.097677434567319,0.207026644659278,0.276880452723414,3,2,37.65149689,127.07704163
4033,4033. 녹천역 4번 출구 옆,5315,577,985,1465,0.108560677328316,0.185324553151458,0.275634995296331,0,2,37.64292908,127.05194855
4035,4035. 휴플러스 수락한신아파트 101동 앞,9059,2095,1116,2556,0.231261728667623,0.123192405342753,0.282150347720499,0,1,37.67436600,127.05947113
4036,4036. 하계역 6번출구,22811,2632,5556,5294,0.115382929288501,0.243566700276183,0.232081013546096,3,3,37.63793945,127.06715393
4037,4037. 물넘이교,31609,4492,4476,9308,0.14211142396153,0.141605239014205,0.294473093106394,3,2,37.65408325,127.07195282
4039,4039. 서울시 북부여성발전센터,11916,1368,1909,2622,0.114803625377644,0.160204766700235,0.220040281973817,0,3,37.64304352,127.06213379
4040,4040. 공릉로 26길,8893,1217,962,2753,0.136849207241651,0.108174969076802,0.309569324187563,0,2,37.61965561,127.08146667
4041,4041. 공릉역3번출구,25108,2063,4662,6558,0.0821650469969731,0.185677871594711,0.261191652063087,3,2,37.62500381,127.07301331
4042,4042. 상계문화정보도서관,12089,1015,2589,3190,0.0839606253618992,0.2141616345438,0.263876251137398,0,2,37.67851257,127.05174255
4043,4043. 상계주공13단지 1301동,4223,1004,386,1052,0.237745678427658,0.0914042150130239,0.249112005683164,0,1,37.66674042,127.06388855
4044,4044. 공릉산 백세문 입구,1278,150,152,509,0.117370892018779,0.118935837245696,0.398278560250391,0,2,37.62812042,127.08548737
4045,4045. 은하수 공원,7328,1904,922,1800,0.259825327510917,0.125818777292576,0.245633187772926,0,1,37.63000488,127.04409790
4054,4054. 창동한신아파트 버스정류소,8564,1030,1145,2338,0.120270901447922,0.133699205978515,0.273003269500234,0,2,37.64601898,127.03527069
4058,4058. 다락원체육공원 전망대 입구,5865,230,882,2039,0.0392156862745098,0.150383631713555,0.34765558397272,0,2,37.69101334,127.04916382
4062,4062. 평화도봉공원 주변,11042,1443,1909,2939,0.13068284731027,0.172885346857453,0.266165549719254,0,2,37.66252136,127.04270935
4064,4064. 신창아파트 입구 앞,5788,1415,677,1408,0.244471319972357,0.116966136834831,0.24326192121631,0,1,37.64051056,127.04082489
4065,4065. 창동역 1번출구 앞,19938,2206,5013,4741,0.110642993279165,0.251429431236834,0.237787140134417,3,3,,
4073,4073.방아골종합사회복지관,8246,1773,975,2103,0.215013339801116,0.118239146252729,0.255032743148193,0,1,37.66927338,127.03243256
4074,4074. 도봉구육아종합지원센터(창동),12706,2862,1629,3284,0.225247914371163,0.128207146230127,0.258460569809539,0,1,37.63342667,127.04116058
4076,4076. 도봉통합복지센터 뒤 중랑천 변,15300,1309,2178,4604,0.0855555555555556,0.142352941176471,0.300915032679739,0,2,,
4077,4077. 도봉제1교,13076,1145,1747,4748,0.0875650045885592,0.133603548485775,0.363107984092995,0,2,,
4078,4078. 원당공원 앞,12676,2432,1777,3219,0.191858630482802,0.140186178605238,0.253944461975387,0,1,37.65854645,127.02767944
4080,4080. 창동주공19단지앞,17684,2133,3320,4395,0.120617507351278,0.187740330242027,0.248529744401719,3,2,37.65250778,127.05227661
4083,4083.도봉아이나라도서관 앞,13999,2802,1661,3193,0.200157154082434,0.118651332238017,0.228087720551468,0,1,37.65898895,127.04973602
4084,4084. 도봉동실내스포츠센터,10806,1602,1596,2620,0.148250971682399,0.147695724597446,0.242457893762724,0,2,37.68125534,127.05047607
4086,4086. 도봉로 534,4678,1004,489,1040,0.214621633176571,0.104531851218469,0.222317229585293,0,1,37.65295410,127.03754425
4087,4087. 우이교 교차로,19579,1625,2738,6265,0.0829970887175034,0.139843710097554,0.319985698963175,3,2,37.64324570,127.03160095
4088,4088. 김근태도서관,3029,152,441,1077,0.0501815780785738,0.145592604820073,0.355562892043579,0,2,37.68750763,127.04263306
4089,4089. 동부센트레빌 앞,15453,3039,2073,3999,0.196660842554844,0.134148708988546,0.258784701999612,3,1,37.66299057,127.03864288
4090,4090. 녹천교 앞 사거리,14541,2058,2218,4257,0.14153084382092,0.152534213602916,0.292758407262224,0,2,37.64564514,127.05459595
4091,4091. 방학역2번출구,18884,1936,3717,4690,0.102520652404152,0.196833298030078,0.248358398644355,3,2,37.66922379,127.04441833
4092,4092. 도봉경찰서 교차로,15333,2048,2211,3514,0.13356812104611,0.144198786930151,0.229178895193374,0,2,37.65265656,127.05309296
4094,4094.도봉여성센터,5485,931,756,1351,0.169735642661805,0.137830446672744,0.246308113035552,0,1,37.66334915,127.03045654
4095,4095. 방학브라운스톤아파트,9336,1363,1457,2288,0.145994001713796,0.156062553556127,0.245072836332476,0,2,37.66289139,127.04540253
4096,4096.창동역2번출구 하나은행365 앞,30017,2675,6907,7531,0.0891161675050805,0.230102941666389,0.250891161675051,3,3,37.65283585,127.04550171
4097,4097.숭미파출소 사거리,5161,1135,741,1209,0.219918620422399,0.143576826196474,0.234256926952141,0,1,37.64747620,127.02608490
4098,4098.창동역 1번출구 인근,3899,303,807,1086,0.0777122339061298,0.206976147730187,0.278532957168505,0,2,37.65290833,127.04838562
4099,4099.창동역 이마트 건너편,1288,107,210,363,0.0830745341614907,0.16304347826087,0.281832298136646,0,2,,
4102,4102. 휘경1동주민센터 앞,13175,2302,2139,3590,0.174724857685009,0.162352941176471,0.272485768500949,0,2,37.59286499,127.06555939
4103,4103. 휘경sk뷰아파트 앞,3601,448,631,1068,0.124409886142738,0.175229103026937,0.296584282143849,0,2,37.59383774,127.06781769
4104,4104. 외대앞역 교차로,9308,956,1557,2669,0.102707348517404,0.167275461968199,0.286742587021917,0,2,37.59436417,127.06459808
4105,4105. 서울교통공사사거리 교통섬,9847,1612,2559,1634,0.163704681628923,0.259876104397278,0.165938864628821,0,3,37.56324005,127.05799103
4107,4107. 장안동근린공원 입구,7680,816,1327,2119,0.10625,0.172786458333333,0.275911458333333,0,2,37.57633209,127.07172394
4108,4108. 답십리파크자이아파트 앞,38850,10394,4820,9393,0.267541827541828,0.124066924066924,0.241776061776062,2,1,37.56769180,127.05789185
4110,4110. 용두롯데캐슬리치아파트 앞,11686,1453,1763,3006,0.124336813280849,0.150864282046894,0.257230874550745,0,2,37.57958603,127.03024292
4113,4113. 한국국방연구원 앞,13819,1542,3174,3169,0.111585498227079,0.22968376872422,0.22932194804255,0,3,37.59139633,127.04029846
4114,4114. 휘경여중고삼거리,14041,1949,2300,3448,0.138807777223844,0.16380599672388,0.245566555088669,0,2,37.58392334,127.06827545
4116,4116. 이문e편한세상아파트 앞,9167,1525,1549,2320,0.166357586996836,0.168975673611869,0.253081706119777,0,2,37.60460281,127.06692505
4117,4117. 휘경119안전센터 앞,9765,1174,1795,2551,0.120225294418843,0.183819764464926,0.261239119303635,0,2,37.59087372,127.06536102
4121,4121. 서울문화재단 앞,17102,3328,4023,3150,0.194597123143492,0.235235644953807,0.184188983744591,3,3,37.57130051,127.03362274
4122,4122. 청계9가교차로 앞,27804,6373,4481,7129,0.22921162422673,0.161163861314919,0.256401956553014,3,1,37.57014847,127.02992249
4123,4123. 배봉초교 교차로,10082,1593,2240,2472,0.15800436421345,0.222178139258084,0.245189446538385,0,3,37.57846832,127.06689453
4128,4128.  종암초등학교 뒤(새울센스빌),7411,1202,1082,1787,0.162191337201457,0.14599919039266,0.241128052894346,0,1,37.58265686,127.03196716
4131,4131. 베네스트 오피스텔 앞,21557,4761,3357,5206,0.220856334369346,0.155726678109199,0.241499280976017,3,1,37.57817078,127.03170013
4132,4132. 이문삼익아파트 앞,3603,882,320,958,0.244796003330558,0.0888148764918124,0.265889536497363,0,1,37.59639740,127.06776428
4133,4133.래미안허브리츠아파트 앞,10028,1552,1765,2496,0.154766653370562,0.17600717989629,0.24890307140008,0,2,37.57426071,127.03545380
4134,4134. 제기동 현대아파트 앞,6155,696,1178,1495,0.113078797725426,0.191389114541024,0.24289195775792,0,2,37.57994843,127.03532410
4135,4135. 삼성생명 앞,31641,4030,5621,8686,0.127366391706962,0.177649252552069,0.274517240289498,3,2,37.57902145,127.04224396
4136,4136. 롯데캐슬SKY-L65 D동 앞,21816,4313,3332,5710,0.197698936560323,0.152731939860653,0.261734506784012,3,1,37.57791901,127.04456329
4137,4137. 답십리역 4번출구,45845,5399,11524,10393,0.117766386737921,0.251368742501909,0.226698658523285,2,3,37.56600189,127.05431366
4138,4138. 조일빌딩 앞,11177,2518,1969,2575,0.225284065491635,0.176165339536548,0.23038382392413,0,1,37.57344437,127.04088593
4139,4139. 답십리 사거리,12724,2281,1520,3323,0.17926752593524,0.119459289531594,0.261160012574662,0,1,37.57305527,127.05721283
4140,4140. 신설동역 4번출구,18496,2482,3209,4203,0.134191176470588,0.173496972318339,0.227238321799308,3,3,37.57622528,127.02580261
4141,4141. 우리은행장안지점 앞,22420,3057,3886,5311,0.136351471900089,0.173327386262266,0.236886708296164,3,2,37.56630707,127.06768799
4142,4142. 현대썬앤빌 앞,28776,7214,3462,6714,0.250695023630803,0.120308590492077,0.233319432860717,3,1,37.56906891,127.06946564
4143,4143.서울동물복지지원센터 동대문,14981,949,3410,3525,0.063346906081036,0.227621654095187,0.235298044189306,0,3,37.58229828,127.02936554
4144,4144.시립대학교 박물관 앞,5480,292,1235,900,0.0532846715328467,0.22536496350365,0.164233576642336,0,3,37.58326340,127.05721283
4145,4145.청량리동 주민센터,13184,1245,2441,3225,0.094432645631068,0.185148665048544,0.244614684466019,0,2,37.58307648,127.04862976
4146,4146.이삭어린이공원,9952,1723,1877,2596,0.173131028938907,0.188605305466238,0.260852090032154,0,2,37.57872772,127.04930115
4147,4147.청량리역광장,9912,1220,1948,2715,0.123083131557708,0.196529459241324,0.273910411622276,0,2,37.58024597,127.04673767
4148,4148.동대문구 장안동 씨젠의료재단,4738,477,825,1245,0.10067539046011,0.174124102997045,0.26276910088645,0,2,37.57194519,127.07196045
4149,4149.제기동역 5번출구,4170,762,646,1091,0.18273381294964,0.154916067146283,0.261630695443645,0,1,37.57799530,127.03381348
4152,4152. 상도효성해링턴플레이스,5545,685,760,1465,0.123534715960325,0.137060414788097,0.264201983769161,0,2,37.50543213,126.94151306
4153,4153. 흑석동효사정앞,3605,533,550,1054,0.147850208044383,0.152565880721221,0.292371705963939,0,2,37.51120377,126.96128082
4158,4158. 노량진근린공원,2265,415,269,604,0.183222958057395,0.118763796909492,0.266666666666667,0,1,37.50680542,126.92850494
4162,4162. 노량진1동 청소년독서실,4152,1000,549,980,0.240847784200385,0.132225433526012,0.236030828516378,0,1,37.50785828,126.94713593
4167,4167. 구로교 아래,15102,1133,2913,4217,0.0750231757383128,0.192888359157727,0.279234538471726,0,2,37.48500824,126.90350342
4169,4169. 신대방삼거리,14026,1601,1712,3990,0.114145158990446,0.122059033224013,0.284471695422786,0,2,37.49845505,126.92797852
4173,4173. 중대후문 마을버스정류장,5811,631,904,1761,0.108587162278437,0.15556702805025,0.303045947341249,0,2,37.50444412,126.95025635
4175,4175. 대방역2번출구,9432,1092,1870,2213,0.115776081424936,0.198261238337574,0.234626802374894,0,3,37.51262665,126.92741394
4177,4177. 롯데캐슬 101동 앞,3413,793,299,939,0.23234690887782,0.0876062115440961,0.275124523879285,0,1,37.50157547,126.94590759
4178,4178. 이수성결교회 옆,1542,99,272,521,0.0642023346303502,0.176394293125811,0.337872892347601,0,2,37.49814987,126.98368835
4179,4179. 보라매병원역 1번출구,32314,2425,6343,9469,0.0750448721916197,0.196292628582039,0.29303088444637,3,2,37.49322128,126.92343140
4180,4180. 흑석동주민센터 입구,2931,550,306,874,0.187649266461958,0.104401228249744,0.298191743432276,0,1,37.50682831,126.96673584
4181,4181. 보라매공원역 2번출구,15266,2054,2734,4408,0.134547360146731,0.179090789990829,0.288746233459976,3,2,37.49582291,126.91781616
4182,4182.보라매병원역 2번출구,20792,1889,5053,5071,0.0908522508657176,0.243026163909196,0.243891881492882,3,3,37.49265671,126.92449951
4202,4202. 프런트원(공덕역4번출구 앞),8719,1061,1967,1797,0.121688267003097,0.225599265970868,0.206101617157931,0,3,37.54585266,126.95259857
4206,4206. 광흥창역5번출구,6956,966,1463,1883,0.13887291546866,0.210322024151811,0.270701552616446,0,2,37.54737854,126.93163300
4207,4207. 아만티호텔 앞,17141,1244,3824,4380,0.0725745289072983,0.223090834840441,0.255527682165568,3,2,37.55730820,126.91885376
4208,4208. 스타벅스(동교동) 앞,11283,421,3166,2910,0.0373127714260392,0.280599131436675,0.257910130284499,0,3,37.55665970,126.91986847
4210,4210. 가좌행복주택 앞,13982,3315,1999,3694,0.237090544986411,0.142969532255757,0.264196824488628,3,1,37.56949234,126.91184235
4211,4211. 시석빌딩 앞,10687,294,1956,3733,0.0275100589501263,0.183026106484514,0.349302891363339,0,2,37.54830170,126.91671753
4212,4212. 한화오벨리스크 앞,9776,2395,1255,2500,0.244987725040917,0.128375613747954,0.255728314238953,0,1,37.58332062,126.88156128
4213,4213. 마포구중앙도서관 정문 앞,31572,1849,6176,9230,0.0585645508678576,0.195616368934499,0.292347649816293,3,2,37.56415558,126.90814972
4214,4214. JTBC 앞,13981,981,4408,2130,0.0701666547457263,0.315285029683141,0.152349617337816,0,0,37.57730484,126.89018250
4216,4216. 망원정 앞,9464,2155,1398,2801,0.227704987320372,0.147717666948436,0.295963651732883,0,1,37.55006790,126.90480042
4217,4217. 한강공원 망원나들목,69466,3393,9963,27361,0.0488440388103533,0.143422681599631,0.393876140845881,2,2,37.55557632,126.89688873
4218,4218. 디지털매직스페이스,21750,1716,6551,4368,0.0788965517241379,0.301195402298851,0.200827586206897,3,3,37.58119965,126.88957977
4220,4220. 신촌 청년주택,18583,3996,2503,5311,0.215035247269009,0.13469299897756,0.285798848409837,3,1,37.54985428,126.93203735
4221,4221. 솔리스타오피스텔(공덕동주민센터),8194,2742,821,2060,0.334635098852819,0.100195264827923,0.251403465950696,0,1,37.55015945,126.96052551
4222,4222. 서울디자인고등학교 앞,15492,1927,2776,3979,0.12438678027369,0.179189258972373,0.256842241156726,0,2,37.54568481,126.94676971
4224,4224. 서부운전면허시험장,11013,2173,1665,2341,0.197312267320439,0.151184963225279,0.21256696631254,0,1,37.57892227,126.88216400
4226,4226. 마포프레스티지자이 1,10746,2721,1484,2577,0.25321049692909,0.138097896891867,0.239810161920715,0,1,37.55152893,126.94669342
4233,4233. 코오롱아파트사거리,41838,6612,6849,11499,0.158038147138965,0.163702853864907,0.274845833930876,2,2,37.56303787,126.92143250
4234,4234. 에스테반,6454,1923,826,1549,0.297954756740006,0.127982646420824,0.240006197706848,0,1,37.54891968,126.95951843
4238,4238. 상암한샘빌딩앞,14883,4076,2733,2468,0.27386951555466,0.183632332191091,0.165826782234764,3,1,37.57649231,126.89867401
4240,4240. 아현문화건강센터,3428,825,473,792,0.240665110851809,0.137981330221704,0.231038506417736,0,1,37.55235291,126.95147705
4244,4244. 당인리발전소 공원 앞,20121,1491,3852,6422,0.0741016848069181,0.191441777247652,0.319169027384325,3,2,37.54529572,126.91764832
4246,4246. 상수역새마을금고,7967,633,1231,2443,0.0794527425630727,0.154512363499435,0.306639889544371,0,2,37.54758835,126.92464447
4247,4247. 서울서부지방법원등기국앞,4529,867,592,1068,0.19143298741444,0.130713181717819,0.235813645396335,0,1,37.55184937,126.95478058
4248,4248. 신촌 교보빌딩,3693,267,647,1127,0.0722989439480097,0.175196317357162,0.305171946926618,0,2,37.55601120,126.94034576
4253,4253. 홍은도담도서관,7366,1755,812,1841,0.238256855824056,0.110236220472441,0.249932120553896,0,1,37.60169601,126.94916534
4255,4255. 래미안 루센티아 아파트 108동 앞,11979,2194,1454,3335,0.18315385257534,0.121379080056766,0.278403873445196,0,1,37.57515717,126.91744995
4264,4264. 홍남교 버스정류장,6766,1640,912,1949,0.242388412651493,0.134791605084245,0.288057936742536,0,1,37.57675552,126.92827606
4266,4266.국민연금공단충정로사옥,4174,919,815,776,0.220172496406325,0.195256348826066,0.185912793483469,0,1,37.56184769,126.96414948
4267,4267. 서대문역 2번 출구,14367,2197,2785,3425,0.152919885849516,0.193847010510197,0.238393540753115,0,3,37.56599045,126.96607208
4269,4269. 연희IC 남측,10190,1065,1602,2906,0.104514229636899,0.157212953876349,0.285181550539745,0,2,37.56355667,126.92827606
4270,4270. 우국한마음 아파트 맞은편,15839,2279,3063,3632,0.143885346297115,0.193383420670497,0.229307405770566,3,3,37.57913971,126.93450928
4271,4271. 충정로역 1번 출구,2921,417,728,771,0.142759328996919,0.249229715850736,0.263950701814447,0,3,37.55942535,126.96305847
4272,4272. 홍남교 사거리,14601,2669,2154,4117,0.182795698924731,0.147524142182042,0.281966988562427,3,1,37.57601929,126.92683411
4273,4273. 홍연2교 사거리,7617,1813,1224,1852,0.23802021793357,0.160693186293816,0.243140343967441,0,1,37.57716751,126.92906189
4274,4274. 신촌 파랑고래 입구,9558,517,1512,2853,0.0540908139778196,0.15819209039548,0.2984934086629,0,2,37.55687714,126.93603516
4275,4275.농협생명본사빌딩 서관,6411,1080,1690,944,0.168460458586804,0.263609421307128,0.147246919357355,0,3,37.56233597,126.96909332
4277,4277. 서대문우체국 정류소 옆,3722,523,594,1000,0.140515851692638,0.159591617409995,0.268672756582483,0,2,37.56325912,126.93024445
4278,4278. 홍은2동주민센터,5116,1304,877,907,0.254886630179828,0.171422986708366,0.17728694292416,0,1,37.58026886,126.93424988
4280,4280.북가좌2동 주민센터,5397,1139,722,1516,0.211043172132666,0.133778024828608,0.280896794515472,0,1,37.58417130,126.91429138
4281,4281.명지대사거리,5808,1152,790,1510,0.198347107438017,0.136019283746556,0.259986225895317,0,1,37.57701874,126.92015076
4303,4303. 매헌역 2번출구앞광역버스 정류장앞(22-297),12014,2370,2752,2097,0.197269851839521,0.229066089562177,0.174546362576994,0,3,37.47171783,127.03888702
4304,4304. 서울고앞,3211,570,566,861,0.177514792899408,0.1762690750545,0.268140766116475,0,2,37.48339462,127.00736237
4305,4305. 서일스포츠센터,2476,573,367,592,0.231421647819063,0.148222940226171,0.239095315024233,0,1,37.49801636,127.02222443
4306,4306. 서래공원 앞,7906,972,1994,1617,0.122944599038705,0.252213508727549,0.2045282064255,0,3,37.50150681,127.00347900
4307,4307. 고투몰 gate 15옆,8638,1350,1336,2354,0.156286177355869,0.15466543181292,0.272516786293123,0,2,37.50723267,127.00945282
4309,4309. 서초케이타운앞,1476,111,202,393,0.0752032520325203,0.136856368563686,0.266260162601626,0,2,37.45766449,127.05931854
4310,4310. 염곡동(염통골) 입구,2741,503,458,516,0.183509668004378,0.167092302079533,0.188252462604889,0,3,37.46220779,127.04867554
4312,4312. 반포미도2차아파트 옆,6644,980,1674,1305,0.147501505117399,0.251956652618904,0.196417820590006,0,3,37.50320435,127.00653076
4313,4313. 반포종합운동장,7228,711,1621,2115,0.0983674598782512,0.224266740453791,0.292612064194798,0,2,37.49979782,126.99646759
4315,4315. 이투스교육 앞,4938,421,1559,981,0.085257189145403,0.315714864317537,0.198663426488457,0,3,37.48389053,127.02905273
4316,4316. 고속터미널역 3번출구,8036,1027,2034,2131,0.127799900447984,0.25311100049776,0.265181682429069,0,3,37.50365829,127.00594330
4317,4317. 양재근린공원,15586,2962,2773,3492,0.190042345694854,0.177916078532016,0.224047221865777,3,1,37.47039795,127.04241180
4318,4318. 방배역 2번 출구,6402,747,1503,1406,0.11668228678538,0.23477038425492,0.219618869103405,0,3,37.48116684,126.99758911
4319,4319. 삼성전자R&D어린이집 뒤,3159,377,894,472,0.119341563786008,0.283000949667616,0.149414371636594,0,3,37.46559143,127.02184296
4320,4320. 비석공원,10056,1227,2374,2755,0.122016706443914,0.236077963404932,0.273965791567224,0,2,37.47901154,127.04144287
4322,4322.서울추모공원 입구,743,45,140,179,0.0605652759084791,0.18842530282638,0.240915208613728,0,2,37.45429993,127.04283142
4323,4323. 내곡도서관,2146,129,364,638,0.0601118359739049,0.169617893755825,0.297297297297297,0,2,37.45199966,127.05391693
4324,4324. 세화고등학교,2676,67,504,714,0.0250373692077728,0.188340807174888,0.266816143497758,0,2,37.50209427,126.99147034
4327,4327. 몽마르뜨공원입구,3005,391,655,774,0.130116472545757,0.217970049916805,0.25757071547421,0,2,37.49288940,127.00264740
4329,4329. SC제일은행 양재동지점 앞,9240,2064,2071,1776,0.223376623376623,0.224134199134199,0.192207792207792,0,3,37.48573685,127.03315735
4332,4332. 이수교차로,22310,1469,3541,7939,0.0658449125952488,0.158718063648588,0.355849394890184,3,2,37.49817276,126.98448181
4333,4333. 서울고등학교 건너편,3041,691,494,738,0.227227885563959,0.162446563630385,0.24268332785268,0,1,37.48285294,127.00597382
4334,4334. 인재개발원 데이터센터,1152,47,278,201,0.0407986111111111,0.241319444444444,0.174479166666667,0,3,37.48011780,127.02180481
4336,4336. 서울교육청 교육연수원 앞,1919,124,765,241,0.0646169880145909,0.398645127670662,0.12558624283481,0,0,37.47342300,126.99777222
4337,4337. 우면산등산로 입구,978,96,381,187,0.098159509202454,0.389570552147239,0.19120654396728,0,0,37.47691727,127.00611115
4338,4338.새정이마을버스정류장 앞,330,31,32,129,0.0939393939393939,0.096969696969697,0.390909090909091,0,2,37.43474579,127.06594849
4340,4340. 방배래미안아트힐아파트 앞,4180,459,1421,868,0.109808612440191,0.339952153110048,0.207655502392345,0,3,37.47730637,127.00592041
4341,4341. 영동1교 북단,8906,1205,1789,2753,0.135302043566135,0.200875814057938,0.309117448910847,0,2,37.47555923,127.03826141
4343,4343. 헌인릉 입구,481,121,77,117,0.251559251559252,0.16008316008316,0.243243243243243,0,1,37.46066284,127.08129883
4344,4344. 양재대로(구룡지하차도 앞),4234,1149,521,1051,0.271374586679263,0.123051487954653,0.248228625413321,0,1,37.46949005,127.04788208
4345,4345. 반포역 4번출구,7892,1448,1212,2329,0.183476938672073,0.153573238722757,0.295108971109985,0,2,37.50789642,127.01005554
4346,4346.장학재단빌딩 앞,5649,492,1692,1117,0.0870950610727562,0.299522039298991,0.197734112232253,0,3,37.49971390,127.01212311
4347,4347. 논현지하보도,13986,2904,2366,3154,0.207636207636208,0.169169169169169,0.225511225511226,0,1,37.50836945,127.02232361
4348,4348. 사당역 1번출구,1207,197,296,223,0.163214581607291,0.245236122618061,0.184755592377796,0,3,37.47597885,126.98390961
4349,4349.삼성화재서초타워,16677,1411,3931,3481,0.0846075433231396,0.235713857408407,0.208730587036038,0,3,37.49446869,127.02896118
4350,4350.누리숲어린이공원 앞,10485,1425,2005,2728,0.135908440629471,0.191225560324273,0.260181211254173,0,2,37.50208664,127.02162170
4351,4351.서울AI허브 앞,3597,155,1159,632,0.0430914651098137,0.322212955240478,0.175701973867111,0,0,37.46693802,127.02808380
4353,4353. 코오롱디지털타워 3차앞,21360,1902,6508,3841,0.0890449438202247,0.304681647940075,0.179822097378277,3,3,37.54655838,127.04998779
4360,4360. 르노삼성자동차 성수사업소 앞,11719,1783,4814,1530,0.152146087550132,0.410785903234064,0.130557214779418,0,0,37.54824448,127.05957794
4362,4362. 행당중학교 후문,6749,499,1200,2143,0.0739368795377093,0.17780411912876,0.31752852274411,0,2,37.55401230,127.04154968
4363,4363. 신금호역 2번출구 앞,540,34,96,164,0.062962962962963,0.177777777777778,0.303703703703704,0,2,37.55507278,127.01988983
4367,4367. kt 행당빌딩 앞,10010,1030,1579,2705,0.102897102897103,0.157742257742258,0.27022977022977,0,2,37.55862045,127.03435516
4370,4370. 성동교 사거리,9904,494,3407,1979,0.0498788368336026,0.344002423263328,0.199818255250404,0,0,37.55141449,127.04475403
4373,4373. 서울숲 지식산업센터,27801,3746,6146,5825,0.134743354555592,0.221071184489767,0.209524837236071,3,3,37.54127502,127.04849243
4377,4377. 우영테크노센터 앞,23913,685,8758,4963,0.0286455066281939,0.366244302262368,0.207544013716389,3,0,37.54332352,127.05971527
4381,4381. 더스페이스타워 앞,15486,1435,4177,3589,0.0926643419863102,0.26972749580266,0.231757716647294,3,3,37.55140305,127.04636383
4382,4382. 페코텍글로벌허브빌딩 앞,32387,8554,7281,4414,0.264118319078643,0.224812424738321,0.136289251860314,3,3,37.54753494,127.06682587
4383,4383. 푸조비즈타워 앞,23866,3495,9592,2594,0.146442638062516,0.401910667895751,0.108690186876728,3,0,37.54808044,127.06461334
4385,4385. 용답동 우체국 주변,19870,4877,3250,3966,0.245445395067942,0.163563160543533,0.199597382989431,3,1,37.56168747,127.06151581
4386,4386. 현대자동차 동부서비스센터 주변,16305,3885,3982,2551,0.238270469181233,0.244219564550751,0.156455075130328,3,3,37.54697800,127.05796814
4387,4387. 성수역 1번출구 주변,19286,1174,6553,4054,0.0608731722493,0.339780151405164,0.210204293269729,3,0,37.54555893,127.05336761
4389,4389. 서울숲역3번출구,6374,254,1393,2600,0.039849388139316,0.218544085346721,0.407907122685912,0,2,37.54255676,127.04423523
4390,4390. 신답역 1번출구,5732,994,1813,973,0.173412421493371,0.316294487090021,0.169748778785764,0,3,37.57045364,127.04694366
4392,4392. 답십리역 6번출구,8327,1206,1965,1686,0.144830070853849,0.235979344301669,0.202473880148913,0,3,,
4393,4393. 상원삼거리 장안철교 아래,15911,1595,5499,2811,0.10024511344353,0.345609955376783,0.176670228144051,3,0,37.55105209,127.05222321
4394,4394.서울시립24시간게스트하우스,9128,874,3187,1648,0.095749342681858,0.349145486415425,0.180543382997371,0,0,37.55433273,127.05822754
4396,4396. 마장축산물시장 서문 인근,5187,882,727,1130,0.17004048582996,0.140158087526509,0.217852323115481,0,1,37.56911469,127.03754425
4397,4397. 마장축산물시장 북문 건너편,14107,1340,3189,3896,0.0949883036790246,0.22605798539732,0.276174948607074,0,2,37.57179642,127.03865814
4398,4398. 유원지식산업센터 앞,22137,2089,5463,5331,0.0943668970501875,0.246781406694674,0.240818539097439,3,3,37.54436493,127.05593109
4399,4399. 더리브 세종타워 앞,23217,2365,6568,5450,0.101865012706207,0.282896153680493,0.234741784037559,3,3,37.54378128,127.05803680
4401,4401.뚝섬유수지 공영주차장,5741,647,1094,1595,0.112698136213203,0.190559136039018,0.277826162689427,0,2,37.55018234,127.04209900
4406,4406. 장곡초등학교 앞,11107,1700,1396,2817,0.153056630953453,0.125686504006482,0.253623840821104,0,2,37.61745453,127.04844666
4408,4408. 돌곶이역 앞,8978,710,2276,1890,0.0790822009356204,0.253508576520383,0.21051459122299,0,3,,
4411,4411. 동산어린이공원 앞,12632,2879,2448,2241,0.227913236225459,0.193793540215326,0.177406586447118,0,1,37.60623932,127.03466034
4414,4414. 안암역 3번 출구,8553,546,1539,2252,0.0638372500876885,0.179936864258155,0.263299427101602,0,2,37.58625031,127.03095245
4415,4415. 미아초교버스승강장,643,83,91,182,0.129082426127527,0.141524105754277,0.283048211508554,0,2,37.61207962,127.02198029
4417,4417. 성북청소년문화의집,2367,366,298,571,0.154626108998733,0.125897760878749,0.241233629066329,0,1,37.61566925,127.00876617
4418,4418. 종암동 동덕여대 제2생활관 앞,18449,2459,2933,4632,0.133286356984118,0.158978806439373,0.251070518727302,3,2,37.60108948,127.03331757
4419,4419. 성북구 한예종 캠퍼스 본관,5902,498,1086,861,0.0843781768891901,0.184005421890884,0.145882751609624,0,3,37.60665131,127.05618286
4420,4420. 성북구 한예종 캠퍼스 별관,6931,561,1399,1258,0.0809407011975184,0.201846775357091,0.181503390564132,0,3,37.60289764,127.05847931
4421,4421. 롯데캐슬클라시아 입구 앞,2059,325,408,574,0.157843613404565,0.198154443904808,0.278776104905294,0,2,37.60696030,127.02606964
4423,4423.현대백화점 미아점,9390,1784,1101,2872,0.189989350372737,0.117252396166134,0.305857294994675,0,1,37.60884857,127.02845764
4425,4425. 하늘채코오롱아파트 앞,13364,1770,1810,4110,0.132445375636037,0.13543849146962,0.307542651900629,0,2,37.61924744,127.04558563
4427,4427. 동일하이빌뉴시티,11259,1294,2001,3057,0.114930277999822,0.177724487077005,0.271516120436984,0,2,37.60515213,127.03129578
4428,4428.돈암동부센트레빌상가,4472,340,641,1381,0.0760286225402504,0.143336314847943,0.308810375670841,0,2,37.60254669,127.02561951
4452,4452. 삼성SDS,42597,2807,17845,6137,0.0658966593891589,0.418926215461183,0.144071178721506,2,0,37.51633835,127.09985352
4453,4453. 위례중앙푸르지오 201동 앞,16093,1705,2226,4778,0.105946684894053,0.138321009134406,0.296899272975828,0,2,37.47434616,127.14326477
4454,4454. 위례 포레샤인 1809동 부근,3332,586,367,931,0.175870348139256,0.110144057623049,0.279411764705882,0,1,37.48687744,127.15269470
4457,4457. 아산병원 기숙사 부근,53097,3544,15640,8567,0.06674576718082,0.294555247942445,0.161346215417067,2,3,37.52478027,127.10913086
4458,4458. 가락2동주민센터 인근,5875,959,967,1400,0.163234042553191,0.164595744680851,0.238297872340426,0,1,37.49917603,127.12589264
4460,4460. 올림픽훼미리아파트 112동 앞,14246,2656,3737,2788,0.186438298469746,0.262319247508072,0.195704057279236,3,3,37.48807144,127.11863708
4461,4461. 한양3차아파트 3동 앞,2906,504,434,882,0.173434273916036,0.149346180316586,0.303509979353063,0,2,37.50585175,127.12194061
4462,4462. 가락중학교 앞,7955,905,1049,2283,0.113764927718416,0.131866750471402,0.286989314896292,0,2,37.50223541,127.11728668
4463,4463. 방이역 2번 출구,10239,1876,1638,2585,0.183221017677508,0.159976560210958,0.252466061138783,0,1,37.50801468,127.12594604
4464,4464. 올림픽공원 북2문 A,15033,1343,2885,4763,0.0893367923900752,0.191911128849864,0.31683629348766,0,2,37.52357483,127.12804413
4465,4465. 건영아파트앞 사거리,18466,2597,3291,4491,0.140636846095527,0.178219430304343,0.243203725766273,3,2,37.48245621,127.12460327
4468,4468. 가락1동주민센터,16252,4238,1952,4091,0.260767905488555,0.120108294363771,0.251722864878169,3,1,37.49650955,127.11032867
4469,4469. 거여동 어울림아파트  102동앞,5688,697,1405,1273,0.122538677918425,0.247011251758087,0.223804500703235,0,3,37.49198532,127.14373016
4472,4472. 송파파크데일 1단지 115동 건너편,5855,593,709,1605,0.101280956447481,0.121093082835184,0.274124679760888,0,2,37.49763107,127.15966797
4473,4473. 마천금호어울림 1차 102동앞,2311,435,282,691,0.188230203375162,0.12202509736045,0.299004759844223,0,1,37.49808884,127.15429688
4474,4474. 가락현대 1차 11동 앞,5820,773,871,1686,0.132817869415808,0.149656357388316,0.289690721649485,0,2,37.49146652,127.12664032
4475,4475. 송파파인타운 4단지 403동,5302,1289,693,1363,0.243115805356469,0.130705394190871,0.257072802715956,0,1,37.48174286,127.12878418
4478,4478. 문정근린공원2,11338,2166,1483,2520,0.191038983947786,0.13079908273064,0.222261421767507,0,1,37.48611450,127.12667084
4479,4479. 문정중학교,2722,709,233,724,0.260470242468773,0.0855988243938281,0.265980896399706,0,1,37.48827362,127.13068390
4480,4480. 가락시장 남1문 사거리,16460,3656,3291,3054,0.222114216281896,0.199939246658566,0.185540704738761,3,1,37.49201584,127.11745453
4481,4481. 올림픽공원 북2문 B,28413,2817,5378,9462,0.0991447576813431,0.189279555133214,0.333016576919016,3,2,37.52397537,127.12751007
4483,4483. 잠실나들목4,15943,2338,2007,5570,0.146647431474628,0.125885968763721,0.349369629304397,3,2,37.51611710,127.08466339
4484,4484. 잠실나루역4번출구뒤,26660,5120,6590,6367,0.192048012003001,0.247186796699175,0.238822205551388,3,3,37.52080917,127.10362244
4485,4485. 잠실나루역 고가하부,9718,784,2251,2635,0.0806750360156411,0.23163202305001,0.27114632640461,0,2,37.51988602,127.10433960
4486,4486. 홈플러스 잠실점,29185,2418,8035,6834,0.0828507795100223,0.275312660613329,0.234161384272743,3,3,37.51613998,127.10350800
4488,"""4488. 문현중,고등학교 사이""",2656,265,355,713,0.0997740963855422,0.133659638554217,0.268448795180723,0,2,37.48051071,127.12862396
4490,4490. 송파파인타운 10단지 1005동,3667,763,394,994,0.20807199345514,0.107444777747478,0.271066266703027,0,1,37.47778320,127.13205719
4491,4491. 장지역 1번출구,17770,2642,4532,3712,0.148677546426562,0.255036578503095,0.208891389983118,3,3,37.47953415,127.12678528
4493,4493. 마천사거리 2,4293,898,797,1124,0.20917773119031,0.185651059864896,0.261821569997671,0,1,37.49900436,127.14694214
4496,4496. 잠실 파크리오 120동 앞,19812,3581,3001,5233,0.180749040985261,0.15147385422976,0.264132848778518,3,1,37.51921082,127.10794067
4497,4497. 아시아선수촌아파트 교차로,21392,5675,3680,5202,0.265286088257292,0.172026925953628,0.243175018698579,3,1,37.50679016,127.07926941
4499,4499. 세양청마루 101동 앞,11364,2614,1548,2861,0.230024639211545,0.136219640971489,0.251759943681802,0,1,37.49236679,127.13655090
4507,4507. 신정제일시장,12278,1919,2250,3266,0.156295813650432,0.183254601726666,0.266004235217462,0,2,37.52124786,126.85495758
4508,4508. 유원목동아파트 103동 앞,44528,6187,6974,10923,0.138946280991736,0.156620553359684,0.245306324110672,2,2,37.52109528,126.87320709
4509,4509. 서울영상고교 입구,40395,7021,5305,10007,0.173808639683129,0.131328134670132,0.247728679291992,2,1,37.52198029,126.85928345
4510,4510. 신정네거리역 교차로,18376,2931,3114,4945,0.1595015237266,0.169460165433174,0.269101001306051,3,2,37.52175903,126.85228729
4512,4512. 목동13_14단지 사거리,15186,2398,2610,3560,0.15790860002634,0.17186882655077,0.234426445410246,0,3,37.51406860,126.86998749
4514,4514. 목동성당 앞,38862,6120,5004,10723,0.15748031496063,0.128763316350162,0.275925068190006,2,2,37.52319717,126.86930084
4515,4515. 동문굿모닝탑,39680,4578,6061,11193,0.115372983870968,0.152746975806452,0.282081653225806,2,2,37.51481247,126.86117554
4517,4517. 성보하이드로빌딩,13780,2403,1635,3938,0.174383164005806,0.118650217706821,0.28577648766328,0,1,37.52893829,126.83312225
4518,4518. 청기와빌딩,9312,1617,1612,2399,0.173646907216495,0.173109965635739,0.257624570446735,0,1,37.52011108,126.84474945
4519,4519. 양원보도육교,3249,363,263,229,0.111726685133887,0.0809479839950754,0.0704832256078793,0,3,37.53924561,126.82373810
4520,4520. 대성유니드아파트,10927,2279,1598,2696,0.208565937585797,0.146243250663494,0.246728287727647,0,1,37.52091599,126.84095764
4522,4522. 신곡시장,18011,1865,3079,4898,0.103547831880517,0.170951085447782,0.271944922547332,3,2,37.51779556,126.84161377
4523,4523. 구립양천어르신요양센터,983,137,152,342,0.139369277721261,0.154628687690743,0.347914547304171,0,2,37.51351166,126.82681274
4526,4526. 목동아파트2단지 222동 앞,16637,4895,1732,4246,0.294223718218429,0.104105307447256,0.255214281420929,3,1,37.53968811,126.87498474
4527,4527. 목동신시가지아파트6단지,29561,3023,4154,6394,0.102263116944623,0.140522986367173,0.216298501403877,3,2,37.53684616,126.88475037
4528,4528. 양천구청역 1번출구,18222,3645,4620,3479,0.20003292723082,0.253539677313138,0.190923060037318,3,3,37.51292038,126.86679840
4530,4530. 방아다리어린이공원,11328,1522,1614,3057,0.134357344632768,0.142478813559322,0.269862288135593,0,2,37.53936005,126.82886505
4531,4531. 목동아파트 613동 앞,45950,10291,6377,12679,0.223960826985854,0.138781284004353,0.275930359085963,2,1,,
4532,4532. 목동현대아파트 후문 앞,20955,3182,2739,5806,0.151849200668098,0.130708661417323,0.277069911715581,3,2,37.52214050,126.87805939
4535,4535. 목동12단지 아파트,35650,8333,4934,10134,0.233744740532959,0.138401122019635,0.284263674614306,2,1,,
4536,4536. 양천해누리체육공원,14957,1474,1482,1957,0.098549174299659,0.0990840409172963,0.130841746339507,0,3,,
4537,4537. 서울남부지방검찰청 후문,23564,5475,4034,4525,0.232345951451366,0.171193345781701,0.192030215583093,3,1,37.52164078,126.86555481
4538,4538. 양천공영차고지,2390,163,437,482,0.0682008368200837,0.182845188284519,0.201673640167364,0,3,37.50922012,126.83715820
4539,4539. 목동7단지아파트 A상가,12314,1480,2382,3126,0.120188403443235,0.193438362839045,0.253857398083482,0,2,37.52624512,126.86578369
4540,4540. 목동역 3번 출구,40301,4915,9430,8664,0.121957271531724,0.233989231036451,0.214982258504752,2,3,37.52653122,126.86445618
4541,4541. 갈산문화예술센터,26756,6862,3996,6565,0.256465839437883,0.149349678576768,0.24536552548961,3,1,37.51097488,126.86984253
4542,4542. 월정초 사거리,8054,2059,1143,2047,0.255649366774274,0.141917059846039,0.254159423888751,0,1,37.53642654,126.83341217
4543,4543. 오목교역 6번 출구,53602,6509,12880,13489,0.121432036118055,0.240289541435021,0.251651057796351,2,3,37.52367020,126.87567139
4544,4544.경창시장,9529,2335,1555,2191,0.245041452408437,0.163186063595341,0.229929688319866,0,1,37.52399445,126.84213257
4545,4545. 청소년음악센터,10422,1450,1064,2479,0.139128766071771,0.102091729034734,0.237862214546152,0,2,37.51061249,126.84261322
4546,4546. 목동운동장 주경기장,6752,687,1058,2216,0.101747630331754,0.156694312796209,0.328199052132701,0,2,37.53002167,126.88219452
4547,4547. 목동역 2번 출구,39903,3844,7983,9961,0.0963336090018294,0.200060145853695,0.249630353607498,2,2,37.52649689,126.86406708
4548,4548.신목동역1번출구,5778,698,1037,1329,0.120803046036691,0.179473866389754,0.230010384215992,0,3,37.54470444,126.88251495
4549,4549.목동4단지아파트,11606,1912,1660,3408,0.16474237463381,0.143029467516802,0.29364122005859,0,2,37.53205872,126.87450409
4552,4552. 코레일유통본사,9434,1832,2594,915,0.194191223235107,0.274962900148399,0.0969896120415518,0,3,37.52617645,126.90197754
4553,4553. 당산삼성2차아파트,35013,8118,5691,7859,0.231856738925542,0.16253962813812,0.224459486476452,2,1,37.52762222,126.89863586
4555,4555. 대림우성2차아파트,6131,560,1090,1704,0.0913390963953678,0.177785026912412,0.277931821888762,0,2,37.49519348,126.90017700
4556,4556. 리버뷰신안인스빌1차 후문,18647,4723,4515,3113,0.253284710677321,0.242130101356787,0.166943744302032,3,3,37.51374817,126.88851166
4557,4557. 리버뷰신안인스빌2차 후문,20936,3587,2922,5744,0.171331677493313,0.139568207871609,0.274359954145969,3,2,37.51288223,126.89026642
4558,4558. 대영중고 후문,12390,2723,1554,2711,0.219774011299435,0.125423728813559,0.218805488297014,0,1,37.50545502,126.90626526
4559,4559. 신길역 2번출구,23568,4333,5038,5960,0.183850984385608,0.213764426340801,0.252885268160217,3,3,37.51756287,126.91698456
4560,4560. 양평동성원아파트,17395,2686,4270,3347,0.154412187410175,0.245472837022133,0.192411612532337,3,3,37.53374481,126.89365387
4561,4561. 양평역 1번출구,49418,12586,10463,9897,0.254684527904812,0.211724472864139,0.200271156258853,2,1,37.52572632,126.88600159
4563,4563. 여의도 은하아파트,8077,1472,1368,2016,0.182245883372539,0.169369815525566,0.249597622879782,0,1,37.51850891,126.93448639
4564,4564. 63스퀘어,30163,3533,8883,4912,0.117130258926499,0.294499883963797,0.162848523024898,3,3,37.52070999,126.93965912
4565,4565. 영등포 신세계백화점,66307,3349,15664,22244,0.0505074878972054,0.236234485046828,0.335469859894129,2,2,37.51803589,126.90364838
4566,4566. 대림성원상떼빌아파트,21221,5242,3154,4965,0.247019461853824,0.148626360680458,0.233966354083219,3,1,37.50384140,126.89615631
4567,4567. 한림대학교 강남성심병원 신관,17982,2827,2978,4634,0.157212768323879,0.165610054498943,0.257702146591035,3,2,37.49128342,126.90802002
4569,4569. 힐스테이트클래시안아파트,13707,3138,1671,3438,0.228934121251915,0.121908513898008,0.250820748522653,0,1,37.50508881,126.91334534
4571,4571. 문래동롯데캐슬아파트,51277,12442,9487,11654,0.242642900325682,0.185014723950309,0.227275386625583,2,1,37.51800156,126.88459778
4573,4573. 두산위브아파트,9880,3008,1231,2651,0.304453441295547,0.124595141700405,0.26831983805668,0,1,37.51470184,126.91213989
4574,4574. 영등포시장역 포레나영등포,54936,9107,11367,13210,0.165774719673802,0.206913499344692,0.240461628076307,2,3,37.52341461,126.90540314
4575,4575. 대림동 e편한세상영등포아델포레,24975,4529,3518,6074,0.181341341341341,0.140860860860861,0.243203203203203,3,1,37.49582291,126.90835571
4576,4576.보라매sk뷰 108동 앞,10440,2723,1262,2468,0.260823754789272,0.12088122605364,0.23639846743295,0,1,37.50160599,126.91744995
4578,4578.보라매sk뷰,5972,1058,906,1622,0.177160080375084,0.151707970529136,0.271600803750837,0,1,37.50400543,126.92028046
4579,4579. 국회의사당 본관,6472,947,2116,1136,0.146322620519159,0.326946847960445,0.175525339925834,0,3,37.53257370,126.91404724
4580,4580. 국회제2의원회관,7884,780,3852,247,0.0989345509893455,0.488584474885845,0.0313292744799594,0,0,37.52974701,126.91316986
4581,4581. 국회소통관,5146,648,1188,761,0.125923047026817,0.230858919549164,0.147881849980567,0,3,37.53050232,126.91289520
4582,4582. 국회도서관,7256,359,2150,986,0.0494762954796031,0.296306504961411,0.135887541345094,0,0,37.53054047,126.91817474
4583,4583. 의정관,2930,335,1235,265,0.114334470989761,0.421501706484642,0.0904436860068259,0,0,37.53214645,126.91747284
4584,4584. 국회2문,2131,207,804,306,0.0971374941342093,0.377287658376349,0.143594556546222,0,0,37.52864075,126.91510773
4585,4585. 국회6문,6318,135,1533,2127,0.0213675213675214,0.242640075973409,0.336657169990503,0,2,37.53271866,126.91799164
4588,4588.양남사거리2,13399,1652,4091,2493,0.123292783043511,0.305321292633779,0.186058661094112,0,3,37.52194977,126.89049530
4589,4589. KRX한국거래소(1),13861,1626,3773,2459,0.117307553567564,0.272202582786235,0.1774042276892,0,3,37.52347946,126.92711639
4591,4591. 신길자이아파트,11808,2455,1457,3426,0.207909891598916,0.123390921409214,0.290142276422764,0,1,,
4592,4592. 신길우성4차아파트,18034,3177,2646,4213,0.176167239658423,0.146722856825995,0.233614284129977,3,1,,
4594,4594. 양평교 영등포대여소,27387,5131,5115,6746,0.187351663197868,0.186767444407931,0.246321247307117,3,1,37.53972626,126.89036560
4598,4598. 오목교 동측 지하보도,24418,4599,4228,6440,0.188344663772627,0.173150954214104,0.263739864034728,3,1,37.52364349,126.88183594
4599,4599. 대림우성아파트 사거리,5868,1094,898,1499,0.186434901158828,0.153033401499659,0.255453306066803,0,1,37.49484634,126.90029144
4600,4600. 서울 영등포구 우체국,25100,4965,4893,4481,0.197808764940239,0.194940239043825,0.178525896414343,3,3,37.52915192,126.89447784
4601,4601.양평역2번출구 뒤,15303,3317,3253,3453,0.216754884663138,0.212572698163759,0.225642030974319,3,1,37.52556610,126.88584137
4603,4603. 한강GS에클라트 건너편 교통섬,9841,1726,2181,2232,0.175388680012194,0.22162381871761,0.226806218880195,0,3,37.53200531,126.95555878
4604,4604. 원효로다목적체육관 앞,6132,773,1967,1217,0.126060013046314,0.320776255707763,0.198467058056099,0,3,37.53322220,126.95723724
4605,"""4605. 노들섬 다목적홀(동쪽) 숲, 앞""",3456,84,689,1540,0.0243055555555556,0.199363425925926,0.445601851851852,0,2,,
4607,4607. 국립중앙박물관 -용산가족공원 앞,4361,126,812,1959,0.028892455858748,0.186195826645265,0.449208897041963,0,2,37.52087784,126.97971344
4608,4608. 국립중앙박물관 정문 앞,3088,100,730,1033,0.0323834196891192,0.23639896373057,0.334520725388601,0,2,37.52145767,126.97767639
4609,4609. 파크타워 104동 앞,4018,392,679,1471,0.0975609756097561,0.168989547038328,0.366102538576406,0,2,37.52330017,126.97206116
4610,4610. 한남나인원 105동 앞,3977,170,919,1096,0.0427457882826251,0.231078702539603,0.275584611516218,0,2,37.53591919,127.00541687
4611,4611. 국제루터교회 앞,2281,192,466,599,0.0841736080666374,0.204296361245068,0.262604120999562,0,2,37.54143906,127.00376129
4612,4612. 이태원로 255,1479,47,244,526,0.0317782285327924,0.164976335361731,0.355645706558485,0,2,37.53749847,127.00084686
4613,4613. 서울갤러리아 앞,2617,72,534,954,0.0275124188001528,0.204050439434467,0.364539549102025,0,2,37.53599548,126.99948883
4615,4615. 크라운호텔앞 버스정류소,7085,221,1431,2390,0.0311926605504587,0.20197600564573,0.337332392378264,0,2,37.53030014,126.99137878
4616,4616. 신용산지하차도 앞,8231,1320,1568,2212,0.160369335439193,0.190499331794436,0.268740128781436,0,2,37.53248215,126.96411896
4617,4617. 동원베네스트 건너편,1681,327,229,400,0.194527067221892,0.136228435455086,0.237953599048186,0,1,37.52761078,126.95511627
4618,4618. 풍전아파트 건너편,11913,1748,3725,2108,0.146730462519936,0.31268362293293,0.17694955091077,0,3,37.53237915,126.95252991
4619,4619. 한강트럼프월드3차 앞,16108,2060,2718,4886,0.1278867643407,0.168736031785448,0.303327539111001,3,2,37.52301788,126.96240997
4620,4620. 삼각지역 14번 출구 앞(교통섬),12552,1644,2018,3389,0.130975143403442,0.160771191841938,0.269996813256851,0,2,37.53528595,126.97408295
4621,4621. 남산도서관 앞,7553,561,1227,2140,0.0742751224678936,0.1624520058255,0.283331126704621,0,2,37.55240631,126.98201752
4622,4622. 한강중학교 앞 버스정류장,4531,446,878,1369,0.0984330169940411,0.193776208342529,0.302140807768705,0,2,37.52515030,126.99208832
4623,4623. 라인프랜즈이태원점 앞,2403,99,466,773,0.0411985018726592,0.193924261339992,0.321681231793591,0,2,37.53453064,126.99619293
4625,4625. 용산공원갤러리앞,4321,580,1226,843,0.134228187919463,0.28373061791252,0.195093728303633,0,3,37.53932190,126.97319031
4627,4627. 효창공원앞역 5번출구 옆,4736,1083,835,1093,0.228673986486486,0.176309121621622,0.230785472972973,0,1,37.53851318,126.96355438
4629,4629. 한강초교보도육교 앞,11521,574,2564,3521,0.0498220640569395,0.22255012585713,0.305615831959031,0,2,37.52544022,126.96459961
4632,4632. 용산 푸르지오 파크타운 1단지 앞,4446,745,1035,1129,0.167566351776878,0.232793522267206,0.253936122357175,0,3,37.52529526,126.99583435
4633,4633. 센트럴파크타워 앞,19806,1015,5013,5584,0.0512470968393416,0.253105119660709,0.28193476724225,3,2,37.52703476,126.96617889
4634,4634. 이태원역 3번 출구,5723,220,869,2271,0.0384413769002272,0.151843438755897,0.396819849729163,0,2,37.53440094,126.99466705
4636,4636. 용산구꿈나무종합타운 앞,10501,1311,1817,2757,0.124845252833064,0.173031139891439,0.262546424150081,0,2,37.53786087,126.96565247
4637,4637. 용산시티파크 101동 앞,5789,723,879,1819,0.124892036621178,0.151839695975125,0.314216617723268,0,2,37.52468109,126.96819305
4638,4638. 청파동삼거리 앞,8400,1654,873,2351,0.196904761904762,0.103928571428571,0.279880952380952,0,1,37.54733658,126.97038269
4639,4639. 동빙고근린공원,8758,545,1316,3960,0.0622288193651519,0.150262617035853,0.452158026946792,0,2,37.51794052,126.98370361
4640,4640. 원효로2가 교차로,9166,1299,1675,2442,0.141719397774384,0.182740562950033,0.266419375954615,0,2,37.53577805,126.96221161
4641,4641. 아메리칸센터,5535,515,1243,1434,0.0930442637759711,0.22457091237579,0.259078590785908,0,2,37.54039001,126.97349548
4642,4642. 용산더프라임아파트 101동 앞,4882,847,885,1299,0.173494469479721,0.181278164686604,0.266079475624744,0,2,37.53930283,126.97050476
4643,4643. 한가람아파트 앞,11069,910,1700,4109,0.0822115818953835,0.153582076068299,0.371216912096847,0,2,37.52027130,126.97335052
4644,4644.서울특별시교육청 앞,838,124,97,257,0.147971360381862,0.115751789976134,0.306682577565632,0,2,37.54584122,126.97671509
4652,4652. 신사두산위브2차아파트 앞,14029,3732,1398,3270,0.266020386342576,0.0996507235013187,0.233088602181196,0,1,37.59931564,126.90759277
4653,4653. 불광역 9번 출구 맞은편,9873,969,1637,2490,0.0981464600425403,0.165805732806644,0.252202977818292,0,2,37.61156845,126.93048859
4657,4657. 본 서부병원 교차로 사거리,15719,2325,2888,4105,0.147910172402825,0.183726700171767,0.261148928048858,3,2,37.60049438,126.92215729
4658,4658. 녹번역1번출구앞,6000,499,1197,1569,0.0831666666666667,0.1995,0.2615,0,2,37.60176849,126.93542480
4659,4659. 신진과학기술고등학교 버스정류장(응암시장 방면),12123,3127,1369,2978,0.257939453930545,0.112925843438093,0.245648766806896,0,1,37.59750366,126.91999817
4663,"""4663. 불광역3,6호선 버스정류장(동명여고 방면)""",8886,1000,1500,2494,0.112536574386676,0.168804861580014,0.280666216520369,0,2,37.61326218,126.92786407
4665,4665. 응암역3번 출구(서부경찰서 방면),4572,389,743,1377,0.0850831146106737,0.162510936132983,0.301181102362205,0,2,37.59967041,126.91716003
4667,4667. 폭포동입구 교차로,3504,449,541,890,0.128139269406393,0.15439497716895,0.253995433789954,0,2,37.62962723,126.93011475
4668,4668. 기자촌사거리 B,3682,423,699,1032,0.114883215643672,0.18984247691472,0.280282455187398,0,2,37.63390732,126.93177795
4671,4671. 청구성심병원 앞,7956,788,1408,2216,0.0990447461035696,0.176973353443942,0.278531925590749,0,2,37.62087631,126.91979980
4672,4672. 준빌딩 앞,2694,357,375,735,0.132516703786192,0.139198218262806,0.2728285077951,0,2,37.62205124,126.91958618
4674,4674. 녹번역e편한세상 캐슬 정문 앞,11594,1617,1990,3192,0.139468690702087,0.171640503708815,0.275314818009315,0,2,37.60034561,126.93148041
4676,4676. 갈현1동 주민센터,3897,562,518,869,0.144213497562227,0.132922761098281,0.222992045162946,0,1,37.62360764,126.91688538
4677,4677. 백련산 SK뷰 아이파크 해모로 아파트 앞,13579,4023,1429,3329,0.296266293541498,0.105236026216953,0.245157964504014,3,1,,
4678,4678. 백련산로 녹번센트레빌,7131,1730,793,1761,0.242602720516057,0.111204599635395,0.246949936895246,0,1,37.59954453,126.92653656
4681,4681.박석고개(은평소방서) 앞,2050,298,319,536,0.145365853658537,0.155609756097561,0.261463414634146,0,2,37.62794495,126.91976929
4683,4683. 은평 성모병원 사거리,6008,874,974,1515,0.145472703062583,0.162117177097204,0.252163781624501,0,2,37.63470078,126.91735840
4684,4684. 응암2동주민센터 버스정류장(영락중학교 방면),5398,1232,501,1250,0.228232678769915,0.0928121526491293,0.231567247128566,0,1,37.59586716,126.92349243
4685,4685. DMC역 5번 출구(수색역 방향),20161,2093,4121,5647,0.103814294925847,0.204404543425425,0.280095233371361,3,2,37.57890701,126.90129852
4686,4686. 우물골 근린공원,6234,1165,747,1710,0.186878408726339,0.119826756496631,0.274302213666987,0,1,37.63406754,126.92539215
4687,4687. 역촌센트레빌아파트 101동 앞,6149,1633,749,1461,0.265571637664661,0.121808424134006,0.237599609692633,0,1,37.60354233,126.90672302
4689,4689. 은평서해그랑블아파트앞,9707,2158,1282,2513,0.222313794169156,0.132069640465643,0.258885340475945,0,1,37.61705017,126.90658569
4690,4690.은평뉴타운폭포동 힐스테이트4단지,1408,229,208,502,0.162642045454545,0.147727272727273,0.356534090909091,0,2,37.62834167,126.93381500
4693,4693. 수색감리교회,20285,4077,2544,5598,0.200985950209514,0.125412866650234,0.275967463643086,3,1,37.58369446,126.89412689
4703,4703. 쌍용아파트2단지 정문,5154,833,738,1481,0.1616220411331,0.143189755529686,0.287349631354288,0,2,37.58131409,127.01268005
4705,4705. 웰니스센터(민방위교육장 앞),16247,3581,2421,3196,0.220409921831723,0.149012125315443,0.196713239367268,3,1,37.57752991,126.98912811
4707,4707. 청계3가 사거리,13775,2255,2406,3505,0.163702359346642,0.174664246823956,0.254446460980036,0,2,37.56855774,126.99211884
4708,4708. 조계사앞사거리,15870,1950,3599,2411,0.122873345935728,0.226780088216761,0.151921865154379,0,3,37.57218170,126.98283386
4710,4710. 자교교회 앞,9727,1790,1387,2541,0.184023851136013,0.142592782975224,0.261231623316542,0,1,37.58114624,126.97123718
4711,4711. 올림픽기념 국민생활관 로터리,15196,3668,1809,3395,0.241379310344828,0.119044485390892,0.223414056330613,3,1,37.58983612,126.99934387
4713,4713. 현대 뜨레비앙 아파트 앞,16271,1544,3492,3273,0.0948927539794727,0.21461495912974,0.201155429905968,0,3,37.57528305,126.99062347
4715,4715. 돈의문 박물관 마을,6587,1187,1846,958,0.180203431000455,0.280248975254289,0.145437983907697,0,3,37.56883621,126.96955109
4718,4718. 광화문역 6번출구 옆 A,12010,1732,3027,1987,0.14421315570358,0.252039966694421,0.165445462114904,0,3,37.56993103,126.97643280
4719,4719. 종로문화원 건너편,13816,1160,3533,2510,0.0839606253618992,0.255718008106543,0.181673422119282,0,3,37.57571411,126.98050690
4721,4721. 통인시장 정자,16407,4089,1933,4512,0.249222892667764,0.117815566526483,0.275004571219601,3,1,37.58055878,126.96878815
4752,4752. 삼성사이버빌리지아파트,4061,616,810,1044,0.151686776655996,0.199458261511943,0.257079537059837,0,2,37.55891418,126.96485901
4753,4753. 시청역 10번출구,6595,1058,1567,940,0.160424564063685,0.237604245640637,0.142532221379833,0,3,37.56284332,126.97261810
4760,4760. 서울역 7번출구,1755,146,504,281,0.0831908831908832,0.287179487179487,0.16011396011396,0,3,37.55664444,126.97364044
4761,4761. 중부경찰서앞사거리 건너편,4748,578,1357,945,0.121735467565291,0.285804549283909,0.199031171019377,0,3,37.56474304,126.99095154
4762,4762. 국제빌딩,5425,778,1240,785,0.143410138248848,0.228571428571429,0.144700460829493,0,3,37.56693268,126.98258209
4765,4765. 동대문디자인플라자,20851,1118,4637,5432,0.0536185314853005,0.22238741547168,0.260515083209438,3,2,37.56831360,127.00946045
4766,4766. 서소문성지역사박물관,5708,2026,785,1168,0.354940434477926,0.137526278906797,0.204625087596356,0,1,37.56024551,126.96878052
4768,4768. 서울도시건축전시관,3593,1055,741,532,0.293626495964375,0.206234344558864,0.148065683273031,0,1,,
4772,4772. 중앙일보,1685,95,717,179,0.056379821958457,0.425519287833828,0.106231454005935,0,0,37.56253433,126.97249603
4774,4774. 을지로입구역 8번출구,6648,758,1586,1450,0.114019253910951,0.238567990373045,0.218110709987966,0,3,37.56590271,126.98178101
4775,4775. 을지로지하쇼핑센터,7215,674,1891,1477,0.0934164934164934,0.262092862092862,0.204712404712405,0,3,37.56589127,126.98445129
4776,4776. 신세계면세점,4025,259,1070,870,0.0643478260869565,0.26583850931677,0.216149068322981,0,3,37.56027603,126.98139191
4777,4777. 약수동 주민센터,1160,116,164,375,0.1,0.141379310344828,0.323275862068966,0,2,37.55281448,127.00919342
4781,4781. 브라운스위트레지던스,3430,978,761,660,0.285131195335277,0.221865889212828,0.192419825072886,0,1,37.56147003,126.96801758
4782,4782. 서소문역사공원,1406,257,446,217,0.182788051209104,0.317211948790896,0.154338549075391,0,3,37.56157303,126.96849060
4784,4784. 중부경찰서앞 사거리,5832,697,1665,932,0.119513031550069,0.285493827160494,0.159807956104252,0,3,37.56459045,126.99076843
4785,4785. 롯데시티호텔,6009,572,1980,770,0.0951905475120652,0.329505741387918,0.128141121650857,0,0,37.56691742,126.98783112
4791,4791. 명동역9번 출구,10705,1696,2087,2666,0.158430639887903,0.194955628211116,0.249042503503036,0,3,37.56122589,126.98749542
4792,4792. 퇴계로4가 교차로(중구청),15841,1917,2926,3311,0.121015087431349,0.184710561201944,0.209014582412726,0,3,37.56252670,126.99831390
4793,4793. 동대문역사문화공원역 5번출구,12010,1277,2896,2432,0.106328059950042,0.241132389675271,0.202497918401332,0,3,37.56430817,127.00647736
4794,4794. 서울역 서부교차로(3),16040,4642,2588,3456,0.289401496259352,0.161346633416459,0.215461346633416,3,1,37.55540848,126.96942139
4796,4796. 서울시청,21857,2909,5584,3660,0.133092373152766,0.255478793979046,0.167452074850162,3,3,37.56647110,126.97925568
4797,4797. KG타워 앞,8656,1409,2280,1371,0.162777264325323,0.263401109057301,0.158387245841035,0,3,37.56339645,126.96894073
4798,4798. 황학동롯데캐슬,25790,2915,4840,6827,0.113028305544785,0.187669639395114,0.264715005816208,3,2,37.57162094,127.02204132
4800,4800. 필동 삼거리,9271,1050,2026,1473,0.113256390896343,0.21853090281523,0.158882536943156,0,3,37.55969238,126.99648285
4801,4801. 충정로역 2호선(엘리베이터 앞),5711,1026,1245,1231,0.179653300647873,0.218000350201366,0.215548940640868,0,3,37.55937576,126.96414185
4802,4802. 새우개마을,3227,1079,756,534,0.334366284474744,0.234273318872017,0.165478772854044,0,1,37.61571121,127.10104370
4803,4803. 상봉2동 주민센터 앞,11038,1768,1670,2675,0.160173944555173,0.151295524551549,0.242344627649937,0,1,37.59287262,127.08032990
4804,4804. 동서울농협 앞,17638,1049,3539,4409,0.0594738632498016,0.200646331783649,0.249971652114752,0,2,37.59596252,127.08477783
4807,4807. 라코지스테이 앞,6786,1401,809,1834,0.206454465075155,0.119216033009136,0.270262304745063,0,1,37.59432602,127.07846069
4808,4808. 신내2동 주민센터 앞,8190,547,1892,1819,0.0667887667887668,0.231013431013431,0.222100122100122,0,3,37.60641098,127.09404755
4809,"""4809. 동성1,2차 아파트 앞""",12197,1431,1848,3325,0.117323932114454,0.151512667049274,0.272608018365172,0,2,37.61022568,127.09628296
4811,4811. 한양수자인아파트 앞,7620,1712,749,2024,0.224671916010499,0.0982939632545932,0.265616797900262,0,1,37.58032227,127.09415436
4812,4812. 묵동 이마트 앞,16676,936,3112,4603,0.0561285680019189,0.186615495322619,0.276025425761574,0,2,37.61321640,127.07734680
4813,4813. 망우지구대,19762,2539,2894,5420,0.128478898896873,0.14644266774618,0.274263738488007,3,2,37.59877777,127.09638977
4815,4815. 중랑데시앙플렉스 앞,5110,857,1773,709,0.167710371819961,0.346966731898239,0.138747553816047,0,0,37.61755371,127.10399628
4819,4819. 면목동 새싹어린이공원 앞,14193,3058,1741,3743,0.215458324526175,0.122666103008525,0.263721552878179,0,1,37.58333206,127.08354950
4820,4820. 망우역 2번 출구,19605,4680,3249,4265,0.238714613618975,0.165723029839327,0.217546544248916,3,1,37.60025406,127.09171295
4823,4823. 방정환교육지원센터 옆,12377,1418,1815,3365,0.114567342651693,0.146642966793246,0.271875252484447,0,2,37.59780884,127.08844757
4824,4824. 상봉신협 앞,19109,5092,2318,5039,0.266471296247841,0.121304097545659,0.263697734052017,3,1,37.59354401,127.08979034
4825,4825. 신내동 벽산아파트 후문 앞,11392,2785,1349,2717,0.244469803370787,0.11841643258427,0.238500702247191,0,1,37.60304260,127.10050201
4826,4826. 홈플러스 면목점,10181,1627,1398,2562,0.159807484530007,0.137314605637953,0.251645221491013,0,1,37.57984543,127.08242035
4827,4827. 신내SK V1센터 앞,3614,276,1906,386,0.0763696734919757,0.527393469839513,0.106806862202546,0,0,37.61272430,127.11306000
4828,4828. 신내동 한살림 중랑지구 앞,12029,2958,1558,2923,0.245905727824424,0.129520325879125,0.242996092775792,0,1,37.60428619,127.09736633
4829,4829. 신내동 한살림 중랑지구 건너편,4081,1256,410,894,0.307767703994119,0.100465572163685,0.219063954913012,0,1,37.60446167,127.09741211
4830,4830. 신내 우디안 111동 앞,3892,1145,369,940,0.294193216855087,0.0948098663926002,0.241521068859198,0,1,37.61727142,127.10854340
4834,4834. 용마복지센터 앞,5622,544,848,1198,0.0967627178939879,0.150836001422981,0.213091426538598,0,2,37.58686447,127.09532166
4835,4835. 망우동 본죽 앞,8724,1776,988,2221,0.203576341127923,0.113250802384227,0.254585052728106,0,1,37.60064316,127.10404968
4836,4836. 양원역 1번 출구,6791,831,1475,1509,0.122367839787955,0.217199234280666,0.222205860697983,0,3,37.60655212,127.10708618
4837,4837. 양원지구 힐데스하임 앞,5687,1323,813,1475,0.232635836117461,0.142957622648145,0.259363460524002,0,1,37.60924149,127.10620880
4838,4838.동원사거리 행복오피스텔 앞,6977,1090,912,1829,0.156227604987817,0.130715207109073,0.262147054607998,0,2,37.58973694,127.09419250
4840,4840. 서울시 북부병원 앞,5321,683,722,1061,0.128359330952828,0.135688780304454,0.199398609283969,0,3,37.60405731,127.10725403
4841,4841. 중화수경공원,19382,3119,2614,5796,0.160922505417398,0.134867402744815,0.299040346713445,3,2,37.60318375,127.07413483
4842,4842. 면목라온프라이빗 아파트,9522,2441,1008,2541,0.256353707204369,0.10586011342155,0.266855702583491,0,1,37.58267593,127.07765961
4843,4843. 봉화산역 4번 출구,11892,1320,2025,3466,0.110998990918264,0.170282542885974,0.291456441305079,0,2,37.61738586,127.09078217
4845,4845. 신내역금강펜테리움센트럴파크,2398,503,474,519,0.20975813177648,0.1976647206005,0.216430358632193,0,1,37.60910034,127.11160278
4846,4846. 상봉동양엔파트 앞,9795,1245,1243,2487,0.127105666156202,0.126901480347116,0.253905053598775,0,2,37.59527206,127.08213043
4847,4847. 신내역시티프라디움 앞,8766,910,1219,2093,0.103810175678759,0.139060004563085,0.238763404061145,0,2,37.61038971,127.10135651
4852,4852. 서울복합물류 게이트 1,20260,2277,5265,4226,0.112388943731491,0.259871668311945,0.208588351431392,3,3,37.47600174,127.12310028
4854,4854. 가락시장역 2번 출구,17842,2624,3623,4187,0.147068714269701,0.203060195045398,0.234671001008856,3,3,37.49273300,127.11798859
4855,4855. 거여5단지 503동 앞,6055,679,808,1781,0.112138728323699,0.133443435177539,0.294137076796036,0,2,37.48933029,127.14604950
4856,4856. 올림픽공원 서1문 앞,23211,2689,5396,6145,0.115850243419069,0.232475981215803,0.264745163930895,3,2,37.52021790,127.11457062
4857,4857. 올림픽공원 장미광장,8580,970,1697,3040,0.113053613053613,0.197785547785548,0.354312354312354,0,2,37.51275635,127.12629700
4859,4859. 잠실나루 나들목,19362,2062,3134,7082,0.106497262679475,0.161863443859105,0.365767999173639,3,2,37.52148438,127.10028076
4860,4860. 가락쌍용2차아파트 103동,10107,1376,1873,2869,0.136143267042644,0.185317106955575,0.283862669437024,0,2,37.50226974,127.12195587
4862,4862. 성내교 남단,6104,736,1162,2055,0.120576671035387,0.190366972477064,0.336664482306684,0,2,37.52301788,127.11588287
4863,4863. 잠실나들목5,6219,983,876,1680,0.158063997427239,0.140858658948384,0.270139893873613,0,2,37.51640320,127.07761383
4864,4864. 송파사거리,31967,3288,5883,8322,0.10285607032252,0.184033534582538,0.260330966309006,3,2,37.50205612,127.11054993
4865,4865. 한성백제역 1번출구 뒤,39097,6707,6874,10458,0.171547689081004,0.175819116556258,0.267488554109011,2,2,37.51647949,127.11498260
4867,4867. 가락대림아파트 앞,11611,2198,1927,2838,0.189303246921023,0.16596331065369,0.244423391611403,0,1,37.50002670,127.11843109
4868,4868. 석촌호수 서호 남단,37250,8106,6792,8527,0.217610738255034,0.182335570469799,0.228912751677852,2,1,37.50717163,127.10124207
4870,4870. 몽촌토성역 3번 출구,67510,7593,13225,18680,0.112472226336839,0.195896904162346,0.276699748185454,2,2,37.51707840,127.11232758
4871,4871. 오금동 대림아파트 정문,8441,1132,1392,2168,0.134107333254354,0.164909370927615,0.256841606444734,0,2,37.51072693,127.13040161
4872,4872. 개롱역 3번 출구 뒤,14543,1608,2568,3947,0.110568658461115,0.176579797840886,0.271402049095785,0,2,37.49806213,127.13461304
4873,4873. 개롱역사거리 2번 출구,12773,2079,2460,3067,0.16276520786033,0.192593752446567,0.240115869412041,0,3,37.49827194,127.13486481
4874,4874. 탄천1교 하부보도,8181,1982,1063,2222,0.242268671311576,0.129935215743797,0.271604938271605,0,1,37.50117111,127.08516693
4875,4875. 위례포레샤인13단지,4566,980,630,1181,0.214629872974157,0.137976346911958,0.258650897941305,0,1,37.48263550,127.13992310
4879,4879. 마천청소년센터,2322,457,245,646,0.196813092161929,0.105512489233419,0.278208440999139,0,1,37.49222183,127.15659332
4880,4880. 송파청소년센터,11932,3060,1418,2804,0.256453234998324,0.118840093865236,0.234998323835065,0,1,37.48995972,127.11196136
4881,4881. 거여동사거리 송파둘레길 입구,2331,454,356,603,0.194766194766195,0.152724152724153,0.258687258687259,0,1,37.49535751,127.13947296
4882,4882. 위례포레샤인18단지 1802동,3694,681,489,883,0.184353004872767,0.132376827287493,0.239036275040606,0,1,37.48868561,127.15226746
4883,4883. 위례포레샤인18단지 1812동,2757,512,333,732,0.185709104098658,0.120783460282916,0.26550598476605,0,1,37.48714828,127.15328217
4884,4884. H비즈니스파크,22296,1345,8565,3486,0.0603247219232149,0.384149623250807,0.156350914962325,3,0,37.48352432,127.11683655
4885,4885. 가든파이브 리빙관,4652,455,1176,1155,0.0978073946689596,0.252794496990542,0.248280309544282,0,3,37.47709656,127.12370300
4886,4886. 배명고등학교 건너편,12095,2772,1574,2964,0.229185613890037,0.130136420008268,0.245059942124845,0,1,37.49793243,127.09675598
4887,4887. 호돌이상가,11260,2037,2241,2664,0.180905861456483,0.199023090586146,0.236589698046181,0,3,37.48633575,127.11374664
4888,4888. 둔촌오륜역 2번출구,6623,1187,939,1803,0.179223916654084,0.141778650158538,0.27223312698173,0,1,37.51869202,127.13906097
4889,4889. 마천역 1번 출구 인근②,7087,888,1304,1856,0.125299844786228,0.183998871172569,0.261887963877522,0,2,37.49459076,127.15109253
4891,4891. 위례포레나송파,7395,1634,903,1990,0.220960108181204,0.12210953346856,0.269100743745774,0,1,37.48455429,127.14919281
4892,4892. 성내유수지 체육공원,4298,706,885,1061,0.16426244765007,0.205909725453699,0.246859004187994,0,3,37.52597046,127.11820984
4893,4893. 문정법조단지12,30673,3817,14012,2758,0.124441691389822,0.456818700485769,0.08991621295602,3,0,37.48639297,127.11483765
4895,4895. 송파레이크힐 상가,11818,1753,2206,2950,0.148333051277712,0.186664410221696,0.249619224911152,0,2,37.48641586,127.14205933
4896,4896. 송파레이크힐,1352,355,248,247,0.262573964497041,0.183431952662722,0.182692307692308,0,1,37.48688889,127.14169312
4897,4897. 잠실주공5단지1,41740,11772,4894,11206,0.28203162434116,0.117249640632487,0.268471490177288,2,1,37.51633453,127.09380341
4902,4902. 구역삼세무서 교차로,9528,1344,2687,1480,0.141057934508816,0.282010915197313,0.155331654072208,0,3,37.49524307,127.03937531
4903,4903. 신사스퀘어,3704,140,1019,945,0.0377969762419006,0.275107991360691,0.255129589632829,0,3,37.51916885,127.01897430
4905,4905. 강남경찰서,17542,665,6767,2946,0.0379090183559457,0.385759890548398,0.167939801618972,3,0,37.50971985,127.06679535
4906,4906. 섬유센터 앞,19272,1752,5878,3873,0.0909090909090909,0.305002075550021,0.200965130759651,3,3,37.50767136,127.06017303
4907,4907. 극동스포츠 앞,7510,881,1555,2018,0.117310252996005,0.207057256990679,0.268708388814913,0,2,37.52572250,127.02588654
4908,4908. SB타워 앞,3761,117,1294,745,0.0311087476734911,0.344057431534166,0.198085615527785,0,0,37.52210999,127.03646088
4909,4909. 노보텔 앰배서더 앞,4337,416,1049,1111,0.0959188379063869,0.241872261932211,0.256167857966336,0,3,37.50570297,127.02919769
4911,4911. 도곡동 골프 로데오거리,2672,476,559,538,0.17814371257485,0.209206586826347,0.201347305389222,0,3,,
4913,4913. 레베쌍트 빌딩 앞,4039,252,1104,761,0.0623916811091854,0.273334983906908,0.188412973508294,0,3,37.51292038,127.05642700
4914,4914. 도심공항타워 앞,11745,593,3806,2586,0.0504895700297999,0.324052788420605,0.220178799489144,0,3,37.50999069,127.05847168
4915,4915. 영동중앙교회 버스정류장,2775,448,682,455,0.161441441441441,0.245765765765766,0.163963963963964,0,3,37.49775314,127.03857422
4916,4916. 청담역 1번출구,2082,303,396,546,0.145533141210375,0.190201729106628,0.262247838616715,0,2,37.51973724,127.05767822
4917,4917. 일원에코파크 주차장,14017,3630,2229,3124,0.258971249197403,0.159021188556753,0.222872226582008,3,1,37.49404526,127.08678436
4918,4918. 매봉역 1번출구,8661,1023,2113,2043,0.11811569102875,0.243967209329177,0.235885001731902,0,3,37.48661041,127.04550934
4919,4919. 학여울역사거리(은마아파트),2645,520,371,800,0.196597353497164,0.140264650283554,0.302457466918715,0,1,37.49665833,127.06938171
4923,4923.수협대치동지점,8982,1233,1824,2436,0.137274549098196,0.203072812291249,0.271209084836339,0,2,37.49861526,127.06831360
4924,4924.논현동가구거리,4720,810,1115,804,0.171610169491525,0.236228813559322,0.170338983050847,0,3,37.51280975,127.02636719
4925,4925. 청담백영빌딩 앞,3414,198,925,726,0.0579964850615114,0.270943175161101,0.212653778558875,0,3,37.52390289,127.04660797
4926,4926. 대치우성아파트 사거리,17025,3047,4710,3193,0.178972099853157,0.276651982378855,0.187547723935389,3,3,37.50099564,127.06803894
4928,4928. 교수마을 입구,3083,431,680,694,0.139798897178073,0.220564385338956,0.225105416801816,0,3,37.48185730,127.10456085
4929,4929. 투썸플레이스 강남청담점 앞,5585,627,1773,1184,0.112264995523724,0.317457475380483,0.211996418979409,0,3,37.52464676,127.04914856
4930,4930. 학여울역 1번출구,5452,1429,960,1384,0.262105649303008,0.176082171680117,0.253851797505503,0,1,37.49662018,127.07099915
4931,4931. 디에이치퍼스티어아이파크 124동 앞,8332,1660,1080,2067,0.199231877100336,0.129620739318291,0.24807969275084,0,1,37.48131943,127.05435181
4932,4932. 개포래미안포레스트 130동 맞은편,4139,874,538,1033,0.21116211645325,0.129983087702344,0.249577192558589,0,1,37.47748566,127.05743408
4933,4933. 디에이치퍼스티어아이파크 159동 앞,343,67,32,108,0.19533527696793,0.0932944606413994,0.314868804664723,0,1,,
4935,4935. 도곡삼성래미안,6324,1789,853,1657,0.282890575585073,0.134882985452245,0.26201771030993,0,1,37.48920441,127.05106354
4936,4936. SK텔레콤(T1) 인근,1992,227,526,437,0.113955823293173,0.264056224899598,0.219377510040161,0,3,37.51263046,127.04283142
4937,4937.개포래미안포레스트 126동 앞,3847,976,444,991,0.253704185079283,0.115414608786067,0.257603327268001,0,1,37.47816467,127.05630493
4938,4938.LH수서2단지 201동 앞,20632,6499,2399,5253,0.314996122528112,0.11627568825126,0.25460449786739,3,1,37.47955322,127.10666656
4939,4939.도산공원,3186,194,795,741,0.0608913998744507,0.249529190207156,0.232580037664783,0,3,37.52530670,127.03302765
4940,4940.한강버스 압구정 선착장,46092,1298,8357,20197,0.0281610691660158,0.181311290462553,0.438188839711881,2,2,37.52643204,127.01720428
4941,4941.압구정로 11길,5034,298,937,1858,0.0591974572904251,0.186134286849424,0.369090186730234,0,2,37.52594757,127.02082825
4942,4942.율현삼거리,1765,73,382,476,0.0413597733711048,0.21643059490085,0.269688385269122,0,2,37.46805573,127.12036133
4944,4944.젠빌딩,807,143,192,167,0.177199504337051,0.237918215613383,0.206939281288724,0,3,37.49093246,127.03659058
4951,4951. 강동농협 버스정류소 앞(광채빌라),9065,1719,1431,2465,0.189630446773304,0.157859900717044,0.2719249862107,0,1,37.54796600,127.13516235
4952,4952.천호시장 버스정류소 옆,17031,3142,2112,4927,0.18448711173742,0.124009159767483,0.289295989665903,3,1,37.54146576,127.13025665
4953,4953. 세양청마루아파트 앞,17497,3112,2777,4299,0.177859061553409,0.158712922215237,0.245699262730754,3,1,37.53346634,127.14050293
4954,4954. 신명초등학교 건너편,6104,1914,547,1404,0.313564875491481,0.089613368283093,0.230013106159895,0,1,37.54004288,127.15074158
4956,4956. 암사역사공원역 1번출구,3419,626,579,1020,0.183094472067856,0.169347762503656,0.298332845861363,0,2,37.55756760,127.14015961
4957,4957. 신명초교 교차로,14407,2925,1824,3901,0.203026306656486,0.126605122509891,0.270771152911779,0,1,37.54043579,127.14839935
4958,4958. 고덕래미안힐스테이트 아파트 211동,6707,2245,446,1449,0.334724914268675,0.0664976889816609,0.216042940211719,0,1,37.55949402,127.14512634
4959,4959. 암사역사공원역 3번출구,2642,885,600,379,0.334973504920515,0.227100681302044,0.143451930355791,0,1,37.55744553,127.13816833
4960,4960.고덕비즈밸리 지식산업센터 A,7813,250,3579,1211,0.0319979521310636,0.458082682708307,0.154998080122872,0,0,37.56491470,127.16025543
4962,4962.고덕비즈밸리 디엠스퀘어 앞,9689,197,4658,1239,0.0203323356383528,0.480751367530189,0.127876973887914,0,0,37.56755066,127.16102600
4964,4964.암사역사공원역 1번출구 A,19460,3780,6057,3210,0.194244604316547,0.311253854059609,0.164953751284687,3,3,37.55728912,127.13895416
4965,4965.고덕비즈밸리 쿠쿠강동빌딩,14827,240,4430,4901,0.0161866864503946,0.298779254063533,0.330545626222432,3,2,37.56579590,127.15960693
4968,4968.강동구 자원순환센터,634,19,205,194,0.0299684542586751,0.323343848580442,0.305993690851735,0,2,37.56932449,127.16061401
5052,5052. 마곡역 7번출구,66948,13873,17656,12349,0.207220529366075,0.263727071757185,0.184456593176794,2,3,37.55974579,126.82438660
5053,5053. 신마곡벽산블루밍메트로오피스텔앞,20643,4652,3182,4892,0.225354841835005,0.154144261977426,0.236981058954609,3,1,37.57108688,126.80754089
5055,5055. 마곡역5번출구앞,22606,2587,6257,4620,0.114438644607626,0.276784924356366,0.204370521100593,3,3,37.55905914,126.82704926
5057,5057. 마곡역4번출구,22623,1448,6243,4695,0.0640056579587146,0.27595809574327,0.207532157538788,3,3,37.55931091,126.82743835
5059,5059. 화곡2동주민센터,12136,3059,1517,3114,0.252059986816084,0.125,0.25659195781147,0,1,37.53182220,126.85462189
5061,5061. 우장산동 가곡어린이공원앞,47558,6724,7490,12071,0.141385255898061,0.157491904621725,0.253816392615333,2,2,37.55545425,126.83751678
5064,5064. 양천향교역8번출구,30120,7583,5924,5712,0.25175962815405,0.19667994687915,0.189641434262948,3,1,37.56902695,126.83988190
5065,5065. 허준박물관삼거리,22157,5180,3305,5036,0.233786162386605,0.149162792796859,0.227287087602112,3,1,37.56724548,126.85038757
5066,5066. 아망떼마곡전시장,23696,1247,9762,3105,0.0526249155975692,0.411968264686023,0.131034773801485,3,0,37.55791473,126.83297729
5067,5067. 주원 리젠트 앞,9497,2241,1083,2209,0.235969253448457,0.114036011372012,0.232599768347899,0,1,37.55085754,126.87233734
5070,5070. 마곡13단지힐스테이트마스터 후문(1320동 앞),40631,12800,4827,9223,0.315030395510817,0.118800915557087,0.226994167015333,2,1,37.55676270,126.81869507
5072,5072. 김포공항입구 교통섬,6547,1178,1103,1678,0.179929738811669,0.168474110279517,0.256300595692684,0,1,37.56154633,126.80708313
5073,5073. 우장산역 헤링턴타워 앞,16554,1901,2669,4409,0.114836293342999,0.161229914220128,0.266340461519874,3,2,37.54661942,126.83623505
5074,"""5074. 마곡엠밸리14단지 버스정류장(마곡엠밸리11,12단지상가방면)""",41860,6235,8619,8440,0.148948877209747,0.205900621118012,0.201624462494028,2,3,37.55823517,126.82575989
5075,5075. 등촌역 1번출구,15228,2099,2573,3853,0.137838192802732,0.168965064355135,0.253020751247702,0,2,37.55188370,126.86357117
5076,5076. 메이필드호텔앞,10944,689,5856,1141,0.0629568713450292,0.535087719298246,0.104258040935673,0,0,37.54926300,126.81674194
5078,5078. 왈도강서캠퍼스 앞,13311,3177,1846,3221,0.23867478025693,0.138682292840508,0.241980317031027,0,1,37.55221558,126.87022400
5080,5080. 가양역 1번출구,42174,7507,9036,9268,0.178000663916157,0.214255228339735,0.219756247925262,2,3,37.56250763,126.85275269
5082,5082. 가양역 7번출구,61448,8444,15373,13459,0.137417002994402,0.250179013149329,0.219030725165994,2,3,37.56019592,126.85491180
5084,5084. 강서우체국,19165,3795,3981,3838,0.198017218888599,0.207722410644404,0.2002608922515,3,3,37.56418228,126.84027863
5086,5086. 가양테크노타운,21677,1368,5293,6090,0.0631083637034645,0.244175854592425,0.280942934907967,3,2,37.56035995,126.86276245
5087,5087. 연세강서빌딩,28395,7326,4002,7013,0.258003169572108,0.14094030639197,0.246980102130657,3,1,37.57625198,126.81734467
5088,5088. 등촌역 센터스퀘어,15786,1406,2750,4175,0.0890662612441404,0.174204991764855,0.264474851133916,0,2,37.55064774,126.86616516
5089,5089. LG사이언스파크 E10동,21585,1135,9786,888,0.0525828121380588,0.453370396108409,0.041139680333565,3,0,37.56364822,126.83454132
5090,5090. 대상연구소,10772,464,5631,977,0.0430746379502414,0.522744151503899,0.0906981062012625,0,0,37.56980896,126.82857513
5091,5091. 보타닉파크타워2,19571,803,6588,2934,0.0410300955495376,0.336620509938174,0.149915691584487,3,0,37.55948639,126.83131409
5095,5095. 원당근린공원,35410,5201,6329,9585,0.146879412595312,0.178734820672127,0.270686246822931,3,2,37.55947495,126.84147644
5096,5096. LG사이언스파크 E14동,44505,4127,25012,976,0.0927311538029435,0.562004269183238,0.0219301202112122,2,0,37.56349564,126.83583069
5097,5097. LG사이언스파크 E2동,15860,636,8720,717,0.0401008827238335,0.549810844892812,0.0452080706179067,3,0,37.56381607,126.83208466
5098,5098. LG사이언스파크 W4동,12338,5138,3285,837,0.416437023828822,0.2662506078781,0.0678391959798995,3,1,37.56403732,126.82978821
5099,5099. LG사이언스파크 E7동,21199,789,11323,1067,0.0372187367328648,0.534128968347564,0.0503325628567385,3,0,37.56153488,126.83193970
5100,5100. 강서도로사업소,3733,322,1505,420,0.0862577015804983,0.403160996517546,0.11251004553978,0,0,37.57331848,126.83007050
5151,5151.진넥스베르디엠 앞,18837,2736,3110,4868,0.145246058289537,0.165100599883209,0.258427562775389,3,2,37.54163742,127.09508514
5152,5152.이스트폴 105동 방면 입구,9114,1318,1434,2696,0.144612683783191,0.157340355497038,0.295808646039061,0,2,37.53387451,127.08814240
5153,5153.한강버스 뚝섬 선착장,58351,1188,10327,23905,0.0203595482511011,0.176980685849428,0.409675926719336,2,2,37.52961349,127.06626129
5154,5154.광진구청 앞,16894,1354,3706,4327,0.0801467976796496,0.219367822895703,0.256126435420859,3,2,37.53676605,127.08700562
5155,5155.광진경찰서 앞,13690,3382,1906,3404,0.247041636230825,0.139225712198685,0.248648648648649,3,1,37.54300690,127.08427429
5301,5301. 상계주공1단지 버스정류장 옆(대원빌딩 앞),26378,3000,4584,7081,0.113731139586019,0.173781181287436,0.268443399802866,3,2,37.64805984,127.06239319
5305,5305. 대륜E&S 서울지사 앞,7512,1053,979,1870,0.14017571884984,0.130324813631523,0.248935037273695,0,2,37.64255524,127.06038666
5308,5308. 상계신동아아파트,1788,200,196,663,0.111856823266219,0.109619686800895,0.370805369127517,0,2,,
5309,5309. 월계 롯데캐슬아파트 뒤,13461,2791,1596,3591,0.207339722160315,0.118564742589704,0.266770670826833,0,1,37.62514877,127.04993439
5310,5310. 목련아파트,9588,2434,1202,1938,0.253858990404673,0.125365039632874,0.202127659574468,0,1,37.64862823,127.06918335
5311,5311. 주공601동 상가 노원지하보도 앞,30225,2018,6123,7918,0.0667659222497932,0.20258064516129,0.261968569065343,3,2,37.65229416,127.06134796
5313,5313. 중계주공2단지 앞,9656,1362,1235,2918,0.141052195526098,0.127899751449876,0.302195526097763,0,2,37.65694046,127.07804871
5314,5314. 월계1동주민센터 앞,11017,1364,1703,2707,0.123808659344649,0.154579286557139,0.245711173640737,0,2,37.61985016,127.06310272
5315,5315. 불암산역 앞,4040,667,619,1030,0.16509900990099,0.153217821782178,0.254950495049505,0,2,37.67073822,127.07962036
5317,5317. 공릉동 신도1차 아파트 뒤,13503,2125,1967,3463,0.157372435755017,0.145671332296527,0.256461527068059,0,2,37.62780762,127.06961823
5318,5318. 극동의 푸른별 아파트 뒤(중계4동주민센터 앞),10356,2496,1031,2215,0.241019698725377,0.0995558130552337,0.213885670142912,0,1,37.65868759,127.07759094
5319,5319. 연해피빌 앞,16378,1782,2444,3084,0.108804493833191,0.149224569544511,0.188301379899866,0,3,37.63645935,127.07276917
5320,5320. 국제 스케이트장,869,46,147,228,0.0529344073647871,0.169159953970081,0.262370540851554,0,2,37.63573456,127.10585022
5321,5321.불암아파트 앞,8023,1150,1128,2268,0.143337903527359,0.140595787112053,0.282687274087,0,2,37.66751862,127.07916260
5322,5322.노원성당 앞,8216,1931,987,2318,0.235029211295034,0.120131450827653,0.282132424537488,0,1,37.66450882,127.05270386
5323,5323. 하계역 4번출구 앞,15899,2014,2939,3816,0.126674633624756,0.184854393358073,0.240015095289012,0,2,37.63534546,127.06752777
5325,5325.상계주공7단지 아파트 앞,13955,1292,2115,3829,0.0925833034754568,0.151558581153708,0.274381941956288,0,2,37.65983963,127.05935669
5326,5326. 대진고교앞 교차로,15515,1792,2312,4252,0.115501127940703,0.149017080244924,0.274057363841444,0,2,37.63917160,127.07472992
5327,5327. 태릉선수촌 앞,555,21,122,152,0.0378378378378378,0.21981981981982,0.273873873873874,0,2,37.63434219,127.10427856
5328,5328.롯데캐슬시그니처아파트 앞,10466,1967,1556,2519,0.187941907127843,0.148671889929295,0.240684120007644,0,1,37.66475296,127.07600403
5329,5329. 상계주공15단지 1509동 앞,10750,2337,1489,2445,0.217395348837209,0.138511627906977,0.227441860465116,0,1,37.66940308,127.05632019
5330,5330. 구립수락노인종합복지관,9782,2005,1579,2344,0.204968309139235,0.161418932733592,0.239623798814148,0,1,37.67125320,127.05474854
5331,5331. 공릉동 풍림아파트 112동 앞,2893,897,445,539,0.310058762530245,0.153819564465952,0.186311787072243,0,1,37.62819290,127.06787872
5332,5332. 마들역 4번출구,12455,2202,1780,3137,0.176796467282216,0.142914492171819,0.251866720192694,0,1,37.66401672,127.05817413
5333,5333. 노원역9번-10번 출구 앞,35229,1787,8044,9586,0.050725254761702,0.228334610690056,0.272105367736808,3,2,37.65655518,127.06359100
5334,5334. 화랑대역 3번출구,3222,430,686,645,0.133457479826195,0.212911235257604,0.200186219739292,0,3,37.62081528,127.08399200
5335,5335. 하계역 1번 출구,10653,924,2455,2601,0.0867361306674176,0.230451516004881,0.244156575612504,0,3,37.63789749,127.06760406
5336,5336. 월계 고등학교 앞,4324,451,536,635,0.104301572617946,0.123959296947271,0.146854764107308,0,3,37.63233185,127.04949951
5337,5337. 태강릉 앞,1169,62,187,474,0.0530367835757057,0.159965782720274,0.405474764756202,0,2,37.62966537,127.09723663
5338,5338. 상계초교 입구 교차로,14117,902,2457,3778,0.0638945951689452,0.174045477084366,0.267620599277467,0,2,37.65703583,127.06593323
5339,5339. 은빛1단지 아파트 앞,2422,254,373,619,0.104872006606111,0.154004954582989,0.255573905862923,0,2,37.68120956,127.05516815
5341,5341.공릉동효성아파트 앞,12728,1905,1466,3473,0.149670018856065,0.115179132620993,0.272862979258328,0,2,37.62356186,127.08138275
5342,5342. 상계공원 입구,10017,2193,1245,2664,0.218927822701408,0.12428870919437,0.265947888589398,0,1,37.67099380,127.05046082
5503,5503. 마포아트센터 앞,17067,3753,1880,3653,0.219898048866233,0.110154098552763,0.214038788304916,3,1,37.55034256,126.94580078
5504,5504.아현교회,3453,426,896,731,0.123370981754996,0.25948450622647,0.211699971039676,0,3,37.55677795,126.94934082
5506,5506. 월드컵참누리아파트,10353,2442,1389,2710,0.235873659808751,0.134164010431759,0.261759876364339,0,1,37.57212448,126.90597534
5507,5507. 아현래미안푸르지오아파트 104동 앞,3433,1012,271,925,0.294785901543839,0.0789397028837751,0.269443635304398,0,1,37.55515671,126.95292664
5508,5508. 성산유수지공원,14654,2203,2219,4276,0.150334379691552,0.151426231745598,0.291797461443974,0,2,37.57402039,126.90102386
5509,5509.신석초교 앞,8626,1536,1234,2461,0.17806631115233,0.143055877579411,0.285300255042894,0,1,37.54403305,126.93869019
5513,5513. 마포음식문화거리,13759,2110,2206,4024,0.153354168180827,0.160331419434552,0.292463115051966,0,2,37.54119873,126.94211578
5514,5514.공덕역 1번출구,16522,1516,3574,4207,0.0917564459508534,0.216317637089941,0.254630190049631,3,2,37.54408264,126.94959259
5515,5515.한강버스 망원 선착장,97178,2477,14333,42817,0.0254893082796518,0.147492230751816,0.440603840375394,2,2,37.55466461,126.89590454
5601,5601.감정평가사회관앞,1343,120,340,375,0.0893521965748325,0.253164556962025,0.279225614296351,0,2,37.47925949,126.99932861
5602,5602.래미안신반포리오센트 후문,4175,513,659,1560,0.122874251497006,0.157844311377245,0.373652694610778,0,2,37.51939392,127.01360321
5651,5651.한강버스 옥수 선착장,48408,1843,9067,19084,0.0380722194678565,0.187303751446042,0.394232358287886,2,2,37.53970718,127.01789856
5751,5751. 송파여성축구장,6098,503,1165,2111,0.0824860610036077,0.191046244670384,0.346179075106592,0,2,37.52471542,127.11743927
5752,5752. 풍납백제문화공원 옆 인근,33268,6897,3929,9712,0.207316340026452,0.118101478898641,0.29193218708669,3,1,37.53488159,127.11522675
5753,5753. 호반써밋,9845,1781,1670,2502,0.180904012188928,0.169629253428136,0.254139156932453,0,1,37.48294449,127.14044189
5756,5756. 극동아파트,11761,2247,2275,2400,0.19105518238245,0.19343593231868,0.204064280248278,0,3,37.52618027,127.11676025
5758,5758. 올림픽선수기자촌아파트 123동 근처,9566,1438,1224,2790,0.150324064394731,0.127953167468116,0.291657955258206,0,2,37.51064301,127.13167572
5759,5759. 풍납근린공원,9784,1015,2093,2599,0.103740801308258,0.21392068683565,0.265637775960752,0,2,37.53913879,127.12162018
5760,5760. 풍납사거리 성내유수지,12833,1426,2687,3499,0.111119769344658,0.209382061871737,0.272656432634614,0,2,37.52765274,127.11930084
5761,5761. 버섯분수대,12230,1613,2262,3003,0.131888798037612,0.184955028618152,0.245543744889616,0,2,37.49755478,127.11494446
5763,5763. 세륜초등학교 건너편,4745,447,797,1400,0.094204425711275,0.167966280295047,0.29504741833509,0,2,37.51919556,127.13262177
5764,5764. 한국체육대학교,10341,649,2224,3036,0.062759887825162,0.215066241175902,0.293588627792283,0,2,37.51795959,127.13178253
5765,5765. 삼전동주민센터 건너편,28216,5596,4195,7297,0.198327190246669,0.148674510915792,0.258612134958889,3,1,37.50301743,127.09214020
5766,5766. 북위례1,4499,796,507,1259,0.17692820626806,0.112691709268726,0.279839964436541,0,1,37.48693085,127.15364838
5767,5767. 북위례2,3074,604,325,886,0.196486662329213,0.105725439167209,0.288223812621991,0,1,37.48483276,127.14991760
5768,5768.방이삼거리,64144,6650,11209,17926,0.103672985781991,0.174747443252681,0.279464953853829,2,2,37.51229095,127.10825348
5773,5773. 송파시그니처롯데캐슬,3937,1100,478,1081,0.279400558801118,0.121412242824486,0.274574549149098,0,1,37.49714279,127.14641571
5774,5774. 가락본동주민센터 인근,16164,2103,3050,3566,0.130103934669636,0.188690918089582,0.220613709477852,0,3,37.49428558,127.12170410
5775,5775. 가락시장역 5번출구,10615,1435,2442,1987,0.13518605746585,0.230051813471503,0.187187941592087,0,3,37.49253845,127.11944580
5777,5777. 호반써밋12단지,6477,1509,784,1515,0.232978230662344,0.121043693067778,0.23390458545623,0,1,37.48448563,127.14067841
5778,5778. 북위례3,5523,641,748,1693,0.116060112257831,0.135433641137063,0.306536302734021,0,2,37.48884964,127.15699768
5779,5779. 나래교,4000,1119,545,908,0.27975,0.13625,0.227,0,1,37.48009491,127.13849640
5780,5780. 송파세무서,4786,414,1608,670,0.0865022983702465,0.33597994149603,0.139991642290013,0,0,37.52646255,127.11369324
5781,5781. 올림픽공원 수영장,49519,7562,6366,11436,0.15270906116844,0.128556715604112,0.230941658757245,2,1,37.52157211,127.12688446
5782,5782. 오금현대 아파트 상가입구 앞,8897,1133,1919,2113,0.12734629650444,0.215690682252445,0.2374957850961,0,3,37.50366211,127.12606049
5783,5783.성내5교 2,5201,610,933,1749,0.117285137473563,0.1793885791194,0.336281484329937,0,2,37.50186920,127.13741302
5784,5784.한강버스 잠실 선착장,51916,1625,7522,24040,0.0313005624470298,0.144887895831728,0.463055705370213,2,2,37.51775360,127.08446503
5785,5785.한림연예예술고등학교,3541,704,422,789,0.198813894380119,0.119175374188082,0.222818412877718,0,1,37.48488235,127.13278198
5786,5786.문정로데오거리입구,1397,164,295,410,0.117394416607015,0.211166785969936,0.293486041517538,0,2,37.48887634,127.12165070
5851,5851. 도림천 건널목 위,20653,4209,2612,5409,0.203796058683968,0.126470730644458,0.261898997724302,3,1,37.50208282,126.89318848
5852,5852. 대림동현대2차 201동 앞,3261,532,404,858,0.163140141061024,0.123888377798221,0.263109475620975,0,1,37.50300598,126.89382935
5853,5853. 여의도역2번출구 앞,21694,4047,7339,2800,0.186549276297594,0.338296303125288,0.129067945053932,3,0,37.52260971,126.92301178
5854,5854. 신한금융투자 앞,3,0,0,2,0,0,0.666666666666667,0,2,37.52508926,126.92407990
5855,5855. 하이투자증권 앞,4,0,0,2,0,0,0.5,0,2,37.52464294,126.92342377
5857,5857. U레지던스 앞,11526,3583,1274,2936,0.310862398056568,0.110532708658685,0.254728440048586,0,1,37.51382446,126.92093658
5858,5858. 영등포역5번출구,59215,11977,9522,15584,0.202262940133412,0.160803850375749,0.263176559993245,2,1,37.51669312,126.90807343
5859,5859. 여의도 삼부아파트,21748,2742,4839,5979,0.126080559131874,0.222503218686776,0.274921831892588,3,2,37.52539444,126.93045807
5860,5860. 어울림병원 앞,11301,2779,1348,2840,0.245907441819308,0.119281479515087,0.251305194230599,0,1,37.51350021,126.92086792
5861,5861. 보라주유소 앞,8420,1575,1382,2046,0.187054631828979,0.164133016627078,0.242992874109264,0,1,37.51319885,126.92352295
5862,5862. 당산역11번출구,39067,7629,9082,8632,0.195279903755087,0.232472419177311,0.220953746128446,2,3,,
5864,5864.장훈고 앞,8976,2125,880,1887,0.236742424242424,0.0980392156862745,0.210227272727273,0,1,37.51156998,126.91397858
5865,5865.더리브오피스텔 앞,27238,8201,3598,6830,0.301086717086423,0.132094867464572,0.250752625009178,3,1,37.51791763,126.91259766
5866,5866.포레나 당산,39226,2932,8326,10840,0.0747463417121297,0.212257176362617,0.276347320654668,2,2,37.52195358,126.89550781
5867,5867. H타워 앞,40583,14139,8223,7780,0.34839711209127,0.202621787447946,0.191705886701328,2,1,37.52024078,126.91245270
5868,5868. 로프트시티오피스텔,27549,5784,3977,7302,0.209953174343896,0.144360956840539,0.265054992921703,3,1,37.51906204,126.90839386
5869,5869. 영등포아트홀 앞,13429,1522,2609,2917,0.113336808399732,0.194281033584035,0.217216471814729,0,3,37.52668381,126.90019226
5870,5870. LG트윈타워 앞,39905,4204,11530,9018,0.10535020674101,0.288936223530886,0.225986718456334,2,3,37.52834702,126.93008423
5871,5871. 건영상가 앞,7095,1888,919,1621,0.266102889358703,0.129527836504581,0.228470754052149,0,1,37.50611877,126.90161133
5872,5872. 서경팰리스 앞,11505,1705,1626,2736,0.14819643633203,0.141329856584094,0.23780964797914,0,2,37.50576401,126.90866089
5876,5876. 에이스하이테크시티 4동 앞,10934,516,4514,1435,0.047192244375343,0.412840680446314,0.131241997439181,0,0,37.51520920,126.89762878
5877,5877. 문래동 꽃밭정원,12558,1688,2597,3370,0.134416308329352,0.206800445930881,0.268354833572225,0,2,37.51837158,126.89844513
5878,5878. 우리은행 앞,29951,822,14448,5173,0.0274448265500317,0.482387900237054,0.172715435210844,3,0,37.52349091,126.92162323
5879,5879. 국회도서관 2문 앞,3230,129,1144,581,0.039938080495356,0.354179566563467,0.179876160990712,0,0,37.53107071,126.91668701
5880,5880. 국회박물관,1616,34,383,126,0.021039603960396,0.237004950495049,0.077970297029703,0,3,37.53183365,126.91945648
5881,5881. 세계청소년NGO교육문화원,24304,4426,4267,6069,0.182109940750494,0.175567807768269,0.24971198156682,3,1,37.52456665,126.90200043
5882,5882. 휴젠느,41285,10823,6522,10202,0.26215332445198,0.157975051471479,0.247111541722175,2,1,37.52421188,126.90995026
5883,5883. 영문초사거리,34310,4293,6942,8427,0.125123870591664,0.202331681725444,0.245613523754008,3,3,37.51898193,126.88940430
5884,5884. GS강서타워,27758,4208,7973,5077,0.15159593630665,0.287232509546797,0.182902226385186,3,3,37.52098083,126.88929749
5885,5885. 신정교하부(도림천역 방면),16563,2926,2703,4631,0.176658817847008,0.163195073356276,0.27959910644207,3,2,37.51594543,126.88288879
5886,5886.신풍역 2번출구,25241,2634,4831,6497,0.104354027178004,0.191394952656392,0.257398676756071,3,2,37.49997330,126.90979004
5887,5887.나루마을 마당공원,33887,9848,5015,8213,0.290612919408623,0.147991855283737,0.242364328503556,2,1,37.52767944,126.90845490
5888,5888.여의도성당,1600,106,644,392,0.06625,0.4025,0.245,0,0,37.52164459,126.93920898
5889,5889.의원회관출입구 앞,2984,158,897,490,0.0529490616621984,0.300603217158177,0.164209115281501,0,3,37.52985382,126.91479492
5890,5890.여의나루역 3번출구,19097,1829,3816,7191,0.0957742053725716,0.199821961564644,0.376551290778656,3,2,37.52645493,126.93336487
5891,5891.한강버스 여의도 선착장,61488,837,10765,26264,0.0136124121779859,0.175074811345303,0.427140255009107,2,2,37.52816391,126.93422699
5892,5892.국회의사당본관 좌측,3227,234,1502,255,0.072513170127053,0.465447784319802,0.0790207623179424,0,0,37.53090286,126.91375732
5893,5893.한국산업은행,14952,592,7852,1331,0.0395933654360621,0.525147137506688,0.0890181915462814,3,0,37.52814484,126.92175293
5894,5894.영등포세무서,10628,963,3169,1964,0.0906097101994731,0.298174633044787,0.184794881445239,0,3,37.53440094,126.89630890
5895,5895.생각공장당산,14326,1691,3869,2460,0.118037135278515,0.270068407092001,0.171715761552422,0,3,37.52080154,126.89830780
5896,5896.영등포구청역 6번출구,13206,2280,2757,2799,0.172648796001817,0.208768741481145,0.211949114039073,0,3,37.52391434,126.89601135
5897,5897.여의도공작아파트,2292,130,717,740,0.0567190226876091,0.31282722513089,0.322862129144852,0,2,37.52595139,126.92987061
5898,5898.당산역 1번출구,1236,69,350,312,0.0558252427184466,0.283171521035599,0.252427184466019,0,3,37.53442764,126.90203094
6053,6053. 중부세무서 앞,3158,230,662,653,0.0728309056364788,0.209626345788474,0.206776440785307,0,3,37.56092453,126.99066162
6054,6054.청구e편한세상아파트 113동 앞,14956,2875,2198,3565,0.192230542925916,0.146964428991709,0.238365873228136,0,1,37.56104279,127.01821136
6055,6055. 한국경제,5880,1188,1534,859,0.202040816326531,0.260884353741497,0.14608843537415,0,3,37.56062698,126.96768188
6057,6057. 을지로5가(방산시장),7523,1317,1517,1632,0.175063139704905,0.201648278612256,0.216934733483982,0,3,37.56739807,127.00201416
6058,6058. 시청역 2번출구,34914,9096,8584,5161,0.260525863550438,0.245861259093773,0.147820358595406,2,3,37.56653976,126.97684479
6059,6059. 덕수중학교,7527,1062,1658,1382,0.141092068553208,0.220273681413578,0.18360568619636,0,3,37.56439209,126.99729919
6060,6060. 신한은행 본점,15501,1756,4867,2083,0.113283013999097,0.313979743242371,0.134378427198245,0,0,37.56077576,126.97480774
6061,6061.충무아트센터,13472,1600,2021,2783,0.118764845605701,0.150014845605701,0.206576603325416,0,3,37.56538773,127.01522064
6062,6062.서울역파출소,3419,1121,536,831,0.327873647265282,0.156770985668324,0.243053524422346,0,1,37.55709457,126.97183228
6063,6063.NH농협은행(신당역6번출구),4793,347,795,1199,0.0723972459837263,0.165866889213436,0.250156478197371,0,2,37.56428146,127.01620483
6171,6171. 월드빌딩 앞,15730,1502,2753,4236,0.0954863318499682,0.175015893197711,0.269294342021615,0,2,37.54098129,126.83743286
6172,6172. 가양5단지아파트,4940,1392,637,965,0.281781376518219,0.128947368421053,0.195344129554656,0,1,37.56447983,126.85464478
6173,6173. 서울자동차운전전문학원,3263,229,849,599,0.0701808152007355,0.260190009193993,0.183573398712841,0,3,37.54613495,126.82106018
6176,6176. 유광사 여성병원 앞,10313,1570,1624,2700,0.152235043149423,0.157471152913798,0.261805488218753,0,2,37.54344940,126.83891296
6177,6177. 마곡롯데캐슬르웨스트,33687,7423,5830,7150,0.220352064594651,0.173063793154629,0.212248048208508,3,1,37.56356049,126.82462311
6178,6178. 마스터밸류에이스 지식산업센터,10230,680,3176,2264,0.0664711632453568,0.310459433040078,0.221309872922776,0,3,37.55875015,126.85991669
6180,6180.양천향교역 3번출구,9660,1888,1775,2287,0.195445134575569,0.183747412008282,0.236749482401656,0,1,37.56978226,126.84175110
6182,6182.오스템임플란트비전타워,7221,298,3895,516,0.0412685223653234,0.53939897521119,0.0714582467802243,0,0,37.57143402,126.82884979
6183,6183.K스퀘어 마곡,24228,2776,7255,5007,0.114578174013538,0.299446920917946,0.206661713719663,3,3,37.56269455,126.82707977
6184,6184. 한강버스 마곡 선착장,14081,569,2273,5651,0.0404090618564022,0.161423194375399,0.401320928911299,0,2,37.57402039,126.84357452
6185,6185.가양나들목,1526,223,173,532,0.146133682830931,0.113368283093054,0.348623853211009,0,2,37.57341003,126.84345245
6187,6187.마곡119안전센터 맞은편,3832,1207,507,598,0.314979123173278,0.132306889352818,0.156054279749478,0,1,37.55534744,126.82072449
6188,6188.금호아파트,7874,1229,1631,1799,0.156083312166624,0.207137414274829,0.228473456946914,0,3,37.55619049,126.86463928
6189,6189.데시앙플렉스 지식산업센터,5266,558,1434,951,0.105962780098747,0.272312951006457,0.180592480060767,0,3,37.56448364,126.84830475
6190,6190.마곡광장(마곡나루역 6번출구),11011,3376,2455,2037,0.30660248842067,0.222958859322496,0.184996821360458,0,1,37.56614685,126.82738495
9980,AS센터,134,10,30,1,0.0746268656716418,0.223880597014925,0.00746268656716418,0,0,,
