대여소번호,대여소명,전체이용건수,전체이용건수_점수,평일출근비중,평일출근비중_점수,평일퇴근비중,평일퇴근비중_점수,주말비중,주말비중_점수,총합점수
"2715","2715.마곡나루역 2번 출구",173645,5,21.61%,5,24.73%,5,20.16%,1,16
"1210","1210. 롯데월드타워(잠실역2번출구 쪽)",122673,5,12.92%,3,29.86%,5,25.53%,3,16
"2728","2728.마곡나루역 3번 출구",121698,5,19.90%,4,25.22%,5,16.18%,1,15
"2701","2701. 마곡나루역 5번출구 뒤편",114953,5,35.88%,5,23.45%,5,14.40%,1,16
"5515","5515.한강버스 망원 선착장",97178,5,2.55%,1,14.75%,2,44.06%,5,13
"1153","""1153. 발산역 1번, 9번 인근 대여소""",96067,5,11.73%,2,19.43%,4,22.88%,2,13
"230","230. 영등포구청역 7번출구",90789,5,20.93%,4,21.17%,4,20.86%,1,14
"502","502. 자양(뚝섬한강공원)역 1번출구 앞",88882,5,11.36%,2,19.67%,4,32.46%,5,16
"2622","2622. 올림픽공원역 3번출구",79556,5,13.26%,3,20.29%,4,30.84%,5,17
"2608","2608. 송파구청",79455,5,10.63%,2,23.65%,5,28.54%,5,17
"1124","1124. 발산역 6번 출구 뒤",72977,5,11.57%,2,22.05%,4,25.67%,3,14
"1911","1911. 구로디지털단지역 앞",70484,5,17.86%,4,24.66%,5,21.64%,2,16
"792","792.목동트라팰리스 웨스턴에비뉴",70074,5,3.53%,1,20.23%,4,28.74%,5,15
"769","769.CBS방송국 앞",69556,5,4.45%,1,24.52%,5,31.47%,5,16
"4217","4217. 한강공원 망원나들목",69466,5,4.88%,1,14.34%,2,39.39%,5,13
"3533","3533. 건대입구역 사거리(롯데백화점)",68937,5,9.13%,2,19.06%,4,29.90%,5,16
"247","247. 당산역 10번출구 앞",67725,5,13.70%,3,24.40%,5,24.57%,3,16
"785","""785.양천구청, 보건소 사잇길""",67616,5,7.00%,1,24.12%,5,23.73%,2,13
"4870","4870. 몽촌토성역 3번 출구",67510,5,11.25%,2,19.59%,4,27.67%,4,15
"272","272. 당산육갑문",67379,5,9.41%,2,19.64%,4,32.45%,5,16
"1160","1160. 양천향교역 7번출구앞",67279,5,16.69%,4,20.56%,4,21.69%,2,15
"1166","1166. 강서구립등빛도서관",67255,5,22.10%,5,15.88%,3,24.06%,2,15
"3939","3939.신도림역 3번출구",67072,5,10.98%,2,30.24%,5,24.58%,3,15
"5052","5052. 마곡역 7번출구",66948,5,20.72%,4,26.37%,5,18.45%,1,15
"765","765. 오목교역 3번출구",66480,5,7.72%,1,20.84%,4,29.13%,5,15
"4565","4565. 영등포 신세계백화점",66307,5,5.05%,1,23.62%,5,33.55%,5,16
"2102","2102. 봉림교 교통섬",65867,5,6.66%,1,16.73%,3,31.39%,5,14
"5768","5768.방이삼거리",64144,5,10.37%,2,17.47%,3,27.95%,4,14
"2733","2733.마곡13단지 정문 앞",63937,5,30.76%,5,11.18%,1,22.77%,2,13
"3798","3798. 그랜드아이파크아파트 앞",63748,5,27.06%,5,15.55%,2,22.62%,2,14
"583","583. 청계천 생태교실 앞",62641,5,8.36%,1,16.46%,3,36.65%,5,14
"2721","2721.등촌1-10단지 교차로",62188,5,25.21%,5,21.02%,4,18.99%,1,15
"5891","5891.한강버스 여의도 선착장",61488,5,1.36%,1,17.51%,3,42.71%,5,14
"5082","5082. 가양역 7번출구",61448,5,13.74%,3,25.02%,5,21.90%,2,15
"2620","2620. 송파나루역 4번 출구옆",61183,5,13.60%,3,17.39%,3,28.42%,5,16
"529","529. 장한평역 8번 출구 앞",60925,5,25.26%,5,22.20%,4,17.15%,1,15
"1050","1050.  둔촌역 3번 출입구",60119,5,13.71%,3,17.48%,3,25.26%,3,14
"113","113. 홍대입구역 2번출구 앞",59869,5,12.02%,2,28.13%,5,22.79%,2,14
"1906","1906. 신도림역 1번 출구 앞",59498,5,21.99%,5,25.63%,5,22.45%,2,17
"1151","1151. 마곡역1번출구",59399,5,17.81%,4,24.27%,5,20.96%,2,16
"5858","5858. 영등포역5번출구",59215,5,20.23%,4,16.08%,3,26.32%,4,16
"3534","3534. 건대입구역 5번출구 뒤",58808,5,10.89%,2,18.23%,3,27.10%,4,14
"5153","5153.한강버스 뚝섬 선착장",58351,5,2.04%,1,17.70%,3,40.97%,5,14
"508","508. 성수아카데미타워 앞",57587,5,25.70%,5,24.73%,5,15.94%,1,16
"1009","1009. 천호역4번출구(현대백화점)",57506,5,7.94%,1,24.35%,5,28.51%,5,16
"1867","1867.대륭포스트타워6차 앞",56544,5,19.18%,4,36.33%,5,13.29%,1,15
"2717","2717.LG유플러스 마곡사옥",56514,5,7.27%,1,48.09%,5,8.16%,1,12
"1222","1222. 잠실새내역 5번 출구 뒤",55811,5,9.11%,2,19.31%,4,28.31%,5,16
"781","781.신정보도육교 아래",55742,5,27.23%,5,13.97%,2,24.29%,3,15
"3518","3518. 군자역 7번출구뒤",55695,5,18.10%,4,20.80%,4,22.50%,2,15
"1625","1625. 상계역 3번출구",55091,5,14.80%,3,17.10%,3,25.37%,3,14
"4574","4574. 영등포시장역 포레나영등포",54936,5,16.58%,4,20.69%,4,24.05%,2,15
"1112","1112. 마곡엠밸리4단지 정문",54666,5,13.13%,3,20.43%,4,23.81%,2,14
"1152","1152. 마곡역교차로",54446,5,14.38%,3,27.21%,5,19.02%,1,14
"4543","4543. 오목교역 6번 출구",53602,5,12.14%,2,24.03%,5,25.17%,3,15
"2739","2739.수명산파크1단지교차로",53373,5,28.49%,5,13.06%,1,22.34%,2,13
"4457","4457. 아산병원 기숙사 부근",53097,5,6.67%,1,29.46%,5,16.13%,1,12
"726","726. 목동3단지 시내버스정류장",52964,5,22.12%,5,14.38%,2,25.01%,3,15
"585","585. 성수2가1동 공영주차장 인근",52416,5,16.23%,3,18.47%,3,27.41%,4,15
"797","797.목동아파트 1422동 1434동 사잇길",52209,5,21.59%,5,15.34%,2,25.89%,3,15
"708","708. 서울출입국관리사무소 앞",52154,5,13.94%,3,20.06%,4,24.03%,2,14
"5784","5784.한강버스 잠실 선착장",51916,5,3.13%,1,14.49%,2,46.31%,5,13
"1019","1019. 다성이즈빌아파트(호원대 대각선 맞은편)",51646,5,20.92%,4,16.18%,3,23.68%,2,14
"3569","3569.건대병원후문",51584,5,14.45%,3,18.12%,3,21.65%,2,13
"4571","4571. 문래동롯데캐슬아파트",51277,5,24.26%,5,18.50%,3,22.73%,2,15
"1158","1158. 가양역 8번출구",51228,5,14.72%,3,21.51%,4,22.36%,2,14
"1190","1190. 마곡역 교차로(2번출구)",51145,5,12.10%,2,25.70%,5,23.43%,2,14
"770","770.목동역5번출구",50444,5,14.99%,3,23.06%,5,19.58%,1,14
"1078","1078.둔촌사거리",49945,5,14.40%,3,14.27%,2,30.95%,5,15
"5781","5781. 올림픽공원 수영장",49519,5,15.27%,3,12.86%,1,23.09%,2,11
"4561","4561. 양평역 1번출구",49418,5,25.47%,5,21.17%,4,20.03%,1,15
"3780","3780. 등촌서광아파트",49309,5,22.71%,5,15.73%,2,24.14%,3,15
"240","240. 문래역 4번출구 앞",48986,5,20.59%,4,22.31%,4,21.34%,2,15
"1020","1020. 강동경찰서",48978,5,20.18%,4,15.86%,3,20.07%,1,13
"1925","1925. 동양미래대학교 정문 옆",48965,5,13.47%,3,15.36%,2,26.79%,4,14
"5651","5651.한강버스 옥수 선착장",48408,5,3.81%,1,18.73%,4,39.42%,5,15
"1167","1167. 마곡수명산파크3단지 교차로",48269,5,24.71%,5,15.26%,2,23.79%,2,14
"1601","1601. 석계역 문화광장 내 자전거 보관소",48192,5,9.77%,2,21.80%,4,23.78%,2,13
"3681","3681. 길동 마루빌딩",48138,5,12.02%,2,17.06%,3,27.78%,4,14
"207","207. 여의나루역 1번출구 앞",47872,5,9.34%,2,23.76%,5,31.73%,5,17
"209","209. 유진투자증권빌딩 앞",47705,5,5.07%,1,36.51%,5,24.01%,2,13
"5061","5061. 우장산동 가곡어린이공원앞",47558,5,14.14%,3,15.75%,3,25.38%,3,14
"1184","1184. 마곡13단지",47319,5,33.01%,5,11.68%,1,23.20%,2,13
"3668","3668. 성내삼성아파트",47247,5,21.45%,5,15.42%,2,24.21%,3,15
"1084","1084. 윤선생빌딩(JYP사옥)",46577,5,11.54%,2,24.96%,5,24.37%,3,15
"746","746. 목동2단지 상가",46240,5,5.77%,1,18.02%,3,32.08%,5,14
"1157","1157. 강서구청",46181,5,28.94%,5,16.86%,3,19.73%,1,14
"243","243. 이앤씨드림타워 앞",46132,5,11.14%,2,25.23%,5,23.38%,2,14
"1608","1608. 공릉역 1번 출구 앞",46131,5,12.65%,3,20.52%,4,22.06%,2,14
"1044","1044. 굽은다리역",46104,5,12.41%,2,17.13%,3,26.96%,4,14
"4940","4940.한강버스 압구정 선착장",46092,5,2.82%,1,18.13%,3,43.82%,5,14
"787","787.양천아파트 입구",46086,5,28.33%,5,14.21%,2,23.22%,2,14
"3571","3571.화양 APT(횡단보도 옆)",45986,5,18.79%,4,17.91%,3,22.42%,2,14
"4531","4531. 목동아파트 613동 앞",45950,5,22.40%,5,13.88%,2,27.59%,4,16
"4029","4029. 청소년수련관 후문",45915,5,20.37%,4,12.58%,1,26.89%,4,14
"4137","4137. 답십리역 4번출구",45845,5,11.78%,2,25.14%,5,22.67%,2,14
"2639","2639.석촌역 8번출구",45582,5,16.56%,4,20.25%,4,23.94%,2,15
"263","263. 근로자회관 사거리",45137,5,12.89%,3,23.12%,5,23.11%,2,15
"1117","1117. 등촌5단지아파트 버스정류장",45000,5,14.54%,3,19.79%,4,21.73%,2,14
"2719","2719.마곡문화공원",44848,5,10.03%,2,41.18%,5,13.06%,1,13
"202","202. 국민일보 앞",44756,5,8.82%,1,35.98%,5,21.34%,2,13
"4508","4508. 유원목동아파트 103동 앞",44528,5,13.89%,3,15.66%,2,24.53%,3,13
"1295","1295. 잠실역 8번출구",44519,5,6.75%,1,24.03%,5,28.30%,5,16
"5096","5096. LG사이언스파크 E14동",44505,5,9.27%,2,56.20%,5,2.19%,1,13
"1011","1011. LIGA 아파트 앞",44309,5,17.28%,4,16.05%,3,24.27%,3,15
"1173","1173. 강서구청사거리(SH타워)",44097,5,25.40%,5,14.19%,2,23.76%,2,14
"795","795.양천 해누리타운",44085,5,12.02%,2,20.27%,4,22.15%,2,13
"1149","1149. 신방화역환승주차장",44051,5,12.45%,2,21.68%,4,23.99%,2,13
"3680","3680. 강동역3번출구",43786,5,17.40%,4,19.88%,4,21.63%,2,15
"1191","""1191. 마곡역 버스정류장(마곡나루역1번출구, 웰튼병원 방면)""",43710,5,10.05%,2,21.86%,4,25.28%,3,14
"2628","2628.문정역 1번출구",43514,5,15.87%,3,21.34%,4,20.62%,1,13
"2646","2646.레이크펠리스101동앞",43374,5,13.54%,3,15.06%,2,28.95%,5,15
"1985","1985. 구로도서관",43317,5,17.02%,4,16.07%,3,24.93%,3,15
"779","779. 신정1동 주민센터 앞",43270,5,15.09%,3,17.66%,3,26.90%,4,15
"1182","1182. KBS 스포츠월드",43259,5,22.08%,5,16.42%,3,18.50%,1,14
"3219","3219.영등포역 1번출구",43185,5,17.43%,4,22.48%,4,25.58%,3,16
"217","217. NH농협은행 앞",43039,5,11.12%,2,36.98%,5,12.69%,1,13
"1637","1637. KT 전화국 버스정류장 옆",42925,5,5.97%,1,21.41%,4,28.58%,5,15
"4452","4452. 삼성SDS",42597,5,6.59%,1,41.89%,5,14.41%,1,12
"703","703. 오목교역 7번출구 앞",42528,5,13.84%,3,25.53%,5,22.86%,2,15
"3881","3881. 신자초교입구 교차로",42468,5,22.60%,5,12.39%,1,26.61%,4,15
"1024","1024.  강동구청 앞",42209,5,13.68%,3,21.97%,4,22.73%,2,14
"5080","5080. 가양역 1번출구",42174,5,17.80%,4,21.43%,4,21.98%,2,15
"431","431. 청계천 영도교",42101,5,14.90%,3,14.11%,2,24.62%,3,13
"2136","2136. 신림역 8번출구",41976,5,8.20%,1,15.84%,3,28.87%,5,14
"1209","1209. 잠실나루역 (2번 출구 쪽)",41960,5,19.91%,4,24.47%,5,21.20%,2,16
"5074","""5074. 마곡엠밸리14단지 버스정류장(마곡엠밸리11,12단지상가방면)""",41860,5,14.89%,3,20.59%,4,20.16%,1,13
"4233","4233. 코오롱아파트사거리",41838,5,15.80%,3,16.37%,3,27.48%,4,15
"2824","2824.미래사랑어린이공원 앞",41804,5,12.30%,2,25.60%,5,24.73%,3,15
"228","228. 선유도역 3번출구 앞",41758,5,11.36%,2,20.20%,4,29.43%,5,16
"4897","4897. 잠실주공5단지1",41740,5,28.20%,5,11.72%,1,26.85%,4,15
"1684","1684. 태릉입구역 5번출구",41679,5,6.67%,1,20.86%,4,26.12%,4,14
"3575","3575. 자양사거리(서원빌딩)",41602,5,11.38%,2,16.98%,3,26.10%,4,14
"5882","5882. 휴젠느",41285,5,26.22%,5,15.80%,3,24.71%,3,16
"996","996.응암역2번출구 국민은행 앞",41248,5,8.93%,1,20.06%,4,27.76%,4,14
"3511","3511. 응봉역 1번출구",41189,5,12.04%,2,13.59%,2,35.74%,5,14
"907","907. CJ 드림시티",41059,5,9.35%,2,16.54%,3,30.24%,5,15
"2219","""2219. 고속터미널역 8-1번, 8-2번 출구 사이""",41028,5,5.62%,1,22.12%,4,32.59%,5,15
"853","853.용산역 맞은편",40797,5,5.83%,1,19.26%,4,35.31%,5,15
"744","744. 신목동역 2번 출구",40741,5,18.70%,4,24.59%,5,19.71%,1,15
"1264","1264. 천호역 10번 출구 앞",40738,5,14.80%,3,24.00%,5,24.63%,3,16
"5070","5070. 마곡13단지힐스테이트마스터 후문(1320동 앞)",40631,5,31.50%,5,11.88%,1,22.70%,2,13
"584","584. 광진광장 교통섬",40596,5,24.59%,5,14.59%,2,20.15%,1,13
"5867","5867. H타워 앞",40583,5,34.84%,5,20.26%,4,19.17%,1,15
"4509","4509. 서울영상고교 입구",40395,5,17.38%,4,13.13%,1,24.77%,3,13
"4540","4540. 목동역 3번 출구",40301,5,12.20%,2,23.40%,5,21.50%,2,14
"245","245. 삼성생명 당산사옥 앞",40168,5,17.27%,4,21.86%,4,20.33%,1,14
"2623","2623.석촌동 주민센터",40120,5,18.60%,4,15.75%,3,26.93%,4,16
"2621","2621. 한성백제역 2번 출구",40094,5,10.87%,2,16.30%,3,36.18%,5,15
"5870","5870. LG트윈타워 앞",39905,5,10.54%,2,28.89%,5,22.60%,2,14
"4547","4547. 목동역 2번 출구",39903,5,9.63%,2,20.01%,4,24.96%,3,14
"1653","1653. 노원역1번출구",39830,5,7.15%,1,23.33%,5,27.84%,4,15
"280","280. 양평동6차현대아파트 앞",39736,5,27.95%,5,12.20%,1,23.52%,2,13
"4515","4515. 동문굿모닝탑",39680,5,11.54%,2,15.27%,2,28.21%,5,14
"1106","1106. 신방화사거리",39587,5,18.93%,4,17.28%,3,25.05%,3,15
"631","631. 답십리역 1번출구",39342,5,18.61%,4,22.55%,4,19.89%,1,14
"1010","1010. 강동세무서",39256,5,12.96%,3,19.18%,4,24.23%,3,15
"5866","5866.포레나 당산",39226,5,7.47%,1,21.23%,4,27.63%,4,14
"1650","1650. 중계근린공원내",39150,5,13.40%,3,15.98%,3,27.72%,4,15
"4865","4865. 한성백제역 1번출구 뒤",39097,5,17.15%,4,17.58%,3,26.75%,4,16
"2723","2723.마곡 필네이처",39086,5,18.52%,4,23.67%,5,19.12%,1,15
"1118","1118. 증미역 3번출구뒤(등촌두산위브센티움오피스텔)",39073,5,15.21%,3,26.15%,5,20.32%,1,14
"5862","5862. 당산역11번출구",39067,5,19.53%,4,23.25%,5,22.10%,2,16
"236","236. 문래동자이아파트 앞",38995,5,15.54%,3,14.96%,2,26.69%,4,14
"4514","4514. 목동성당 앞",38862,5,15.75%,3,12.88%,1,27.59%,4,13
"4108","4108. 답십리파크자이아파트 앞",38850,5,26.75%,5,12.41%,1,24.18%,3,14
"1029","1029. 성내어울터",38449,5,5.93%,1,19.34%,4,29.76%,5,15
"731","731. 서울시 도로환경관리센터",38340,5,9.02%,1,21.50%,4,30.24%,5,15
"3202","3202.당산롯데캐슬프레스티지",38309,5,21.32%,4,15.68%,2,26.07%,3,14
"2919","2919.등나무 근린공원(시립북서울미술관 앞)",38293,5,6.68%,1,18.67%,4,29.20%,5,15
"793","793.목동5단지아파트 534동",38209,5,10.46%,2,16.00%,3,29.10%,5,15
"788","788.양천구청역 2번출구 옆",38130,5,13.66%,3,30.54%,5,19.49%,1,14
"791","791.현대하이페리온",38084,5,8.38%,1,17.25%,3,27.80%,4,13
"1293","1293. 석촌호수 서호 사거리",38081,5,15.83%,3,16.61%,3,27.00%,4,15
"2720","2720.힐스테이트에코",38052,5,14.30%,3,22.54%,4,20.72%,1,13
"3010","3010.홍대입구역 3번출구",38015,5,12.20%,2,21.46%,4,26.77%,4,15
"3509","3509. 세종사이버대학교",37980,5,22.21%,5,15.45%,2,22.57%,2,14
"3784","3784. 벽산아파트",37956,5,24.51%,5,13.67%,2,26.56%,4,16
"275","275. 신동아아파트",37953,5,18.62%,4,17.83%,3,23.15%,2,14
"102","102. 망원역 1번출구 앞",37930,5,10.85%,2,17.77%,3,28.04%,4,14
"1297","1297. 석촌호수교차로(동호 팔각정 앞)",37867,5,11.80%,2,16.54%,3,30.58%,5,15
"1008","1008. 암사역 3번출구(국민은행앞)",37812,5,14.47%,3,16.32%,3,26.82%,4,15
"1231","1231. 잠실역 6번출구",37792,5,8.28%,1,24.71%,5,27.78%,4,15
"3772","3772. 길성그랑프리텔아파트",37772,5,21.14%,4,17.13%,3,24.36%,3,15
"1674","1674. 서울북부고용센터앞",37530,5,7.43%,1,21.30%,4,21.82%,2,12
"794","794.양천문화회관",37435,5,18.04%,4,14.33%,2,27.35%,4,15
"565","565. 옥수역 3번출구",37283,5,9.44%,2,20.68%,4,30.88%,5,16
"4868","4868. 석촌호수 서호 남단",37250,5,21.76%,5,18.23%,3,22.89%,2,15
"931","931. 역촌파출소",37199,5,22.47%,5,14.29%,2,24.33%,3,15
"780","780.신정교 하부",37098,5,13.28%,3,13.32%,1,34.79%,5,14
"259","259. 대방역6번출구",36877,5,34.30%,5,13.31%,1,21.11%,2,13
"755","755. 목동1단지아파트 상가 앞",36836,5,10.37%,2,18.78%,4,27.00%,4,15
"1668","1668. 중계역 6번출구",36659,5,11.57%,2,21.28%,4,25.93%,3,14
"2704","2704.홈플러스(강서점)",36599,5,18.70%,4,19.59%,4,20.09%,1,14
"1103","1103. 방화역 4번출구앞",36427,5,14.54%,3,16.87%,3,25.29%,3,14
"1192","1192. 마곡수명산파크 209동 건너편",36331,5,29.11%,5,12.65%,1,22.63%,2,13
"734","734. 신트리공원 입구",36220,5,24.64%,5,14.96%,2,25.20%,3,15
"670","670.삼육서울병원 버스정류장",36218,5,8.84%,1,18.26%,3,25.82%,3,12
"2708","2708.강서한강자이타워 앞",36216,5,10.86%,2,27.28%,5,20.55%,1,13
"419","419. 홈플러스 마포점 앞",36010,5,5.08%,1,19.48%,4,33.82%,5,15
"1611","1611. 과기대 입구(우)",35973,5,7.31%,1,18.54%,4,24.45%,3,13
"602","602. 장안동 사거리",35880,5,9.46%,2,17.39%,3,26.16%,4,14
"2641","2641.송파역 4번출구",35803,5,10.90%,2,19.37%,4,25.79%,3,14
"232","232. 양평우림 이비즈센타 앞",35725,5,18.57%,4,25.13%,5,19.46%,1,15
"361","361. 동묘앞역 1번출구 뒤",35677,5,13.38%,3,15.03%,2,25.48%,3,13
"4535","4535. 목동12단지 아파트",35650,5,23.37%,5,13.84%,2,28.43%,5,17
"3789","3789. 염창나들목",35579,5,19.64%,4,12.15%,1,32.62%,5,15
"1908","1908. 해원리바파크 육교 밑",35460,5,25.19%,5,19.27%,4,24.55%,3,17
"5095","5095. 원당근린공원",35410,5,14.69%,3,17.87%,3,27.07%,4,15
"147","147. 마포역 4번출구 뒤",35286,5,11.90%,2,23.95%,5,27.10%,4,16
"3600","3600.사근빗물펌프장 건너편",35283,5,10.57%,2,16.63%,3,28.02%,4,14
"1113","1113. 서남환경공원 버스정류장",35265,5,25.66%,5,13.14%,1,25.24%,3,14
"5333","5333. 노원역9번-10번 출구 앞",35229,5,5.07%,1,22.83%,5,27.21%,4,15
"290","290. 새말소공원",35200,5,23.90%,5,16.07%,3,19.93%,1,14
"2002","2002. 노들역 1번출구",35169,5,10.81%,2,15.71%,2,35.56%,5,14
"2176","2176. 보라매공원 보도육교",35163,5,17.34%,4,13.75%,2,29.18%,5,16
"1232","1232. 잠실주공 521동 건너편",35111,5,6.23%,1,22.33%,4,30.97%,5,15
"2377","2377. 수서역 5번출구",35048,5,11.18%,2,27.11%,5,23.60%,2,14
"4553","4553. 당산삼성2차아파트",35013,5,23.19%,5,16.25%,3,22.45%,2,15
"383","383. 신당역 12번 출구 뒤",34955,5,10.57%,2,15.59%,2,24.14%,3,12
"2744","2744.강서세무서 앞",34944,5,24.16%,5,15.97%,3,21.43%,2,15
"6058","6058. 시청역 2번출구",34914,5,26.05%,5,24.59%,5,14.78%,1,16
"1150","1150. 송정역 1번출구",34775,5,16.77%,4,19.87%,4,22.63%,2,15
"283","283. 아크로타워 스퀘어(영등포시장)",34651,5,24.76%,5,13.60%,2,23.78%,2,14
"3664","3664. 맥도날드 서울둔촌DT점 앞",34342,5,13.46%,3,16.92%,3,25.90%,3,14
"2707","2707.한강아파트",34342,5,25.05%,5,13.23%,1,23.76%,2,13
"1012","1012. 천호역효성해링턴타워 앞",34325,5,11.00%,2,18.70%,4,25.24%,3,14
"5883","5883. 영문초사거리",34310,5,12.51%,2,20.23%,4,24.56%,3,14
"1180","1180. 마곡엠밸리 15단지(1502동) 건너편",34233,5,17.62%,4,20.05%,4,20.02%,1,14
"1251","1251. 석촌역 2번출구",34142,5,10.06%,2,18.65%,4,29.02%,5,16
"278","278. 쌍용플레티넘오피스텔",34114,5,13.83%,3,15.30%,2,28.90%,5,15
"117","117. 홍은사거리",34067,5,11.62%,2,19.21%,4,28.94%,5,16
"648","648. 장안동위더스빌옆",33994,5,23.15%,5,15.62%,2,23.10%,2,14
"1946","1946. 구로역 광장",33888,5,20.11%,4,26.54%,5,17.80%,1,15
"5887","5887.나루마을 마당공원",33887,5,29.06%,5,14.80%,2,24.24%,3,15
"2637","2637. 아시아지하보도 14번 출구",33792,5,8.21%,1,19.90%,4,28.09%,4,14
"6177","6177. 마곡롯데캐슬르웨스트",33687,5,22.04%,5,17.31%,3,21.22%,2,15
"1914","1914. 대림역4번출구",33618,5,18.26%,4,20.79%,4,22.03%,2,15
"1308","1308. 안암로터리 버스정류장 앞",33562,5,4.18%,1,21.87%,4,24.77%,3,13
"296","296.KT플라자 영등포점",33379,5,20.10%,4,16.19%,3,24.48%,3,15
"5752","5752. 풍납백제문화공원 옆 인근",33268,5,20.73%,4,11.81%,1,29.19%,5,15
"2718","2718.마곡수명산파크1단지",33237,5,29.92%,5,11.27%,1,21.51%,2,13
"3570","3570.구의역 리버비스타 오피스텔",33180,5,9.17%,2,17.43%,3,28.39%,5,15
"415","415. DMC역 9번출구 앞",33134,5,20.53%,4,27.10%,5,16.12%,1,15
"206","206. KBS 앞",33082,5,7.39%,1,33.87%,5,21.86%,2,13
"1662","1662. 노원역7번출구",33003,5,4.32%,1,26.59%,5,26.08%,3,14
"3536","3536. 중앙농협(자양동)",32978,5,20.03%,4,13.69%,2,27.22%,4,15
"3410","3410.종로3가역 8번출구",32846,5,13.74%,3,21.96%,4,16.46%,1,13
"2745","2745.수명초등학교",32843,5,33.06%,5,10.31%,1,18.53%,1,12
"735","735. 영도초등학교",32826,5,21.76%,5,12.86%,1,27.58%,4,15
"1193","1193. 마곡센트럴타워 1차",32767,5,3.19%,1,31.37%,5,17.51%,1,12
"1163","1163. 방화동강서기동대앞",32744,5,23.60%,5,12.92%,1,23.59%,2,13
"1655","1655. 공릉1단지아파트",32689,5,18.42%,4,13.00%,1,25.68%,3,13
"3504","3504. 원일교회",32489,5,14.01%,3,13.91%,2,28.37%,5,15
"1111","1111. 마곡엠밸리6_7단지 마곡중학교",32457,5,15.02%,3,15.06%,2,27.38%,4,14
"4382","4382. 페코텍글로벌허브빌딩 앞",32387,5,26.41%,5,22.48%,4,13.63%,1,15
"514","514. 성수사거리 버스정류장 앞",32316,5,13.85%,3,23.49%,5,19.55%,1,14
"4179","4179. 보라매병원역 1번출구",32314,5,7.50%,1,19.63%,4,29.30%,5,15
"183","183. 하늘채코오롱아파트 건너편",32099,5,20.83%,4,15.94%,3,24.78%,3,15
"3868","3868. 자양한강도서관",32039,5,23.17%,5,14.58%,2,26.16%,4,16
"2611","2611. 송파지역자활센터 뒤",32011,5,31.62%,5,12.27%,1,23.99%,2,13
"1218","1218. 방이역 4번출구",31988,5,8.41%,1,19.60%,4,29.97%,5,15
"747","747. 목동3단지 상가",31970,5,10.49%,2,16.65%,3,31.63%,5,15
"4864","4864. 송파사거리",31967,5,10.29%,2,18.40%,3,26.03%,3,13
"1208","1208. 풍납현대아파트쉼터",31931,5,18.03%,4,17.75%,3,24.33%,3,15
"1162","1162. 공항초등학교건너편",31900,5,24.17%,5,14.01%,2,26.28%,4,16
"2632","2632.석촌고분역 2번 출구",31895,5,15.80%,3,15.82%,3,28.28%,5,16
"1986","1986. 태평양물산",31892,5,3.61%,1,46.47%,5,13.34%,1,12
"1244","1244. 문정 법조단지8",31879,5,11.13%,2,17.17%,3,29.74%,5,15
"1077","1077.강동역 1번출구 앞",31858,5,19.37%,4,16.81%,3,22.75%,2,14
"1013","1013. 강동구청역 1번 출입구",31786,5,16.60%,4,22.17%,4,21.43%,2,15
"3582","3582.화양동 우체국",31740,5,21.18%,4,14.37%,2,22.91%,2,13
"2615","2615. 테라타워2",31739,5,22.29%,5,24.92%,5,14.22%,1,16
"3413","3413.종로플레이스",31664,5,15.98%,3,19.44%,4,13.73%,1,13
"4135","4135. 삼성생명 앞",31641,5,12.74%,3,17.76%,3,27.45%,4,15
"4037","4037. 물넘이교",31609,5,14.21%,3,14.16%,2,29.45%,5,15
"2742","2742.강서구민올림픽체육센터",31599,5,24.04%,5,13.67%,2,14.22%,1,13
"4213","4213. 마포구중앙도서관 정문 앞",31572,5,5.86%,1,19.56%,4,29.23%,5,15
"213","213. KT앞",31572,5,27.09%,5,18.17%,3,14.84%,1,14
"231","231. 남부고용노동지청 남측",31541,5,17.51%,4,21.12%,4,17.81%,1,14
"1617","1617. 하계동 중평어린이공원 앞",31500,5,28.53%,5,12.41%,1,25.94%,3,14
"3764","3764. 관문주유소(GS칼택스) 앞",31500,5,19.57%,4,16.65%,3,23.97%,2,14
"1569","1569.수유역2번출구",31453,5,9.71%,2,20.19%,4,26.99%,4,15
"303","303. 광화문역 1번출구 앞",31377,5,17.75%,4,22.97%,5,16.80%,1,15
"796","796.목동아파트 14단지 B상가 앞",31297,5,22.55%,5,14.30%,2,26.08%,3,15
"2217","2217.아크로리버뷰 부지 앞",31263,5,9.93%,2,15.76%,3,37.93%,5,15
"771","771.목동아파트 703동 앞",31256,5,11.95%,2,19.33%,4,25.48%,3,14
"1451","1451. 중랑세무서",31195,5,10.95%,2,19.14%,4,27.62%,4,15
"268","268. 그랜드컨벤션센터 앞",31122,5,10.19%,2,19.54%,4,25.05%,3,14
"1226","1226. 잠실4동 주민센터 옆",31070,5,21.54%,5,17.37%,3,24.55%,3,16
"512","512. 뚝섬역 1번 출구 옆",30925,5,12.38%,2,24.84%,5,26.23%,4,16
"2635","2635.잠실새내역 1번출구",30924,5,10.47%,2,20.67%,4,28.34%,5,16
"3500","3500. 군자역2번출구",30828,5,18.04%,4,20.36%,4,22.90%,2,15
"4893","4893. 문정법조단지12",30673,5,12.44%,2,45.68%,5,8.99%,1,13
"308","308. 광화문 S타워 앞",30610,5,8.20%,1,41.50%,5,10.28%,1,12
"1018","1018. 둔촌 주공 GS 맞은편",30598,5,16.83%,4,14.42%,2,27.23%,4,15
"704","704. 남부법원검찰청 교차로",30572,5,12.78%,3,20.53%,4,21.60%,2,14
"2525","2525.반포쇼핑타운 2동 앞",30447,5,5.09%,1,19.04%,4,36.19%,5,15
"3514","3514. 왕십리교회옆",30422,5,14.66%,3,15.61%,2,26.07%,3,13
"5311","5311. 주공601동 상가 노원지하보도 앞",30225,5,6.68%,1,20.26%,4,26.20%,4,14
"458","458. 광화문역 5번출구",30185,5,10.81%,2,26.93%,5,22.52%,2,14
"186","186. 월드컵공원",30172,5,2.47%,1,11.35%,1,53.54%,5,12
"4564","4564. 63스퀘어",30163,5,11.71%,2,29.45%,5,16.28%,1,13
"305","305. 종로구청 옆",30136,5,13.63%,3,27.36%,5,17.25%,1,14
"3002","3002.벽산상암스마트큐브",30128,5,10.40%,2,18.41%,3,29.81%,5,15
"3657","3657. 서울천호동우체국",30123,5,10.00%,2,14.95%,2,28.50%,5,14
"5064","5064. 양천향교역8번출구",30120,5,25.18%,5,19.67%,4,18.96%,1,15
"284","284. 센트럴 푸르지오 시티 앞",30064,5,15.68%,3,20.95%,4,26.87%,4,16
"4096","4096.창동역2번출구 하나은행365 앞",30017,5,8.91%,1,23.01%,5,25.09%,3,14
"1663","1663. 동해문화예술관앞",29993,5,8.51%,1,18.24%,3,21.04%,2,11
"5878","5878. 우리은행 앞",29951,5,2.74%,1,48.24%,5,17.27%,1,12
"1669","1669. 중계역 3번출구",29939,5,10.47%,2,20.54%,4,23.99%,2,13
"543","543. 구의공원(테크노마트 앞)",29895,5,8.35%,1,24.02%,5,27.20%,4,15
"302","302. 경복궁역 6번출구 뒤",29892,5,21.16%,4,18.65%,4,22.84%,2,15
"2732","2732.마곡수명산 1-2단지",29865,5,30.76%,5,11.41%,1,22.77%,2,13
"1198","1198. LG 사이언스파크",29807,5,22.72%,5,34.32%,5,10.13%,1,16
"786","786.목동아파트 8단지 상가동 앞",29591,5,17.47%,4,15.49%,2,28.29%,5,16
"4527","4527. 목동신시가지아파트6단지",29561,5,10.23%,2,14.05%,2,21.63%,2,11
"568","568. 청계8가 사거리 B",29551,5,15.58%,3,17.67%,3,27.30%,4,15
"1220","1220. 잠실근린공원",29528,5,21.39%,5,14.96%,2,27.01%,4,16
"291","291. 문래동 하이테크 시티",29495,5,6.05%,1,38.00%,5,15.13%,1,12
"3542","3542. 래미안 구의파크 스위트",29482,5,24.38%,5,15.54%,2,26.00%,3,15
"238","238. 제2구민체육센타 앞",29452,5,21.74%,5,22.15%,4,14.07%,1,15
"154","154. 마포구청역",29409,5,9.06%,1,16.61%,3,31.32%,5,14
"2109","2109. 은천로입구 가로공원",29384,5,24.88%,5,12.19%,1,26.99%,4,15
"612","612. 시립동부병원 앞 사거리",29252,5,19.78%,4,18.64%,4,22.72%,2,15
"1155","1155. 기쁜우리복지관",29225,5,23.79%,5,13.52%,2,21.91%,2,14
"4486","4486. 홈플러스 잠실점",29185,5,8.29%,1,27.53%,5,23.42%,2,13
"548","548. 자양나들목",29111,5,23.90%,5,12.29%,1,28.82%,5,16
"592","592. 건국대학교 학생회관",29050,5,4.15%,1,21.93%,4,14.21%,1,11
"293","293. 충북 미래관",29033,5,29.06%,5,12.85%,1,25.28%,3,14
"1449","1449. 상봉역 1번출구",29010,5,12.51%,2,26.33%,5,22.56%,2,14
"1102","1102. 방화사거리 마을버스 버스정류장",28997,5,10.95%,2,16.61%,3,26.29%,4,14
"2727","2727.서울식물원 잔디마당 앞",28994,5,11.45%,2,46.17%,5,8.58%,1,13
"3579","3579.광진 캠퍼스시티",28963,5,19.85%,4,20.10%,4,23.21%,2,15
"2921","2921.중계역 2번출구",28909,5,13.91%,3,19.32%,4,22.68%,2,14
"1248","1248. 방이초등학교",28818,5,13.22%,3,18.50%,3,27.65%,4,15
"4142","4142. 현대썬앤빌 앞",28776,5,25.07%,5,12.03%,1,23.33%,2,13
"3819","3819. 서울대벤처타운역",28768,5,9.00%,1,16.93%,3,29.16%,5,14
"614","614. 용두동 사거리",28744,5,13.39%,3,16.46%,3,23.34%,2,13
"1243","1243. 문정 법조단지7",28726,5,8.77%,1,34.69%,5,15.16%,1,12
"2601","2601. 석촌호수 아뜰리에",28707,5,15.85%,3,16.32%,3,28.10%,4,15
"1688","1688. 마들역 7번출구",28696,5,14.84%,3,21.54%,4,23.22%,2,14
"184","184.망원우체국사거리 인근",28690,5,11.90%,2,17.17%,3,29.50%,5,15
"630","630. 동대문구 보건소",28621,5,21.05%,4,19.62%,4,17.92%,1,14
"219","219. 롯데캐슬엠파이어 옆",28617,5,16.54%,4,27.36%,5,16.46%,1,15
"1262","1262. 송파여성문화회관 앞",28612,5,15.83%,3,17.03%,3,24.73%,3,14
"103","103. 망원역 2번출구 앞",28606,5,5.97%,1,17.57%,3,33.42%,5,14
"4027","4027. 한내 행복발전소 옆",28489,5,3.58%,1,15.95%,3,31.96%,5,14
"4481","4481. 올림픽공원 북2문 B",28413,5,9.91%,2,18.93%,4,33.30%,5,16
"5087","5087. 연세강서빌딩",28395,5,25.80%,5,14.09%,2,24.70%,3,15
"1140","1140. 목동사거리 버스정류장",28378,5,20.61%,4,15.22%,2,23.26%,2,13
"1964","1964. 원메디타운 앞",28359,5,14.56%,3,15.24%,2,23.46%,2,12
"3760","3760. 발산역 8번 출구",28299,5,24.32%,5,18.80%,4,20.35%,1,15
"5765","5765. 삼전동주민센터 건너편",28216,5,19.83%,4,14.87%,2,25.86%,3,14
"3904","3904. 테크노마트 앞",28211,5,7.48%,1,20.50%,4,30.03%,5,15
"1656","1656. 중앙하이츠 아파트 입구",28111,5,7.78%,1,14.91%,2,30.53%,5,13
"1363","1363. 보문4교 인근",28064,5,16.58%,4,15.60%,2,27.14%,4,15
"754","754. 목동1단지아파트 118동 앞",28044,5,28.48%,5,12.31%,1,27.35%,4,15
"1447","1447. 면목역 3번출구",28022,5,11.01%,2,19.56%,4,26.35%,4,15
"906","906. 연신내역 5번출구",27990,5,6.25%,1,18.71%,4,28.74%,5,15
"3581","3581.광진광장",27984,5,20.68%,4,21.93%,4,20.79%,1,14
"3890","3890. 웰츠타워 오피스텔",27942,5,11.02%,2,17.31%,3,24.58%,3,13
"560","560. 비전교회 앞",27924,5,26.96%,5,15.23%,2,23.97%,2,14
"914","914. 새절역 2번출구",27913,5,8.14%,1,15.08%,2,29.80%,5,13
"768","768.목동5단지아파트 501동",27897,5,9.27%,2,16.94%,3,29.15%,5,15
"2730","2730.마곡메가박스 앞",27894,5,9.89%,2,19.88%,4,24.55%,3,14
"1235","1235. 잠실트리지움310동 옆",27863,5,9.79%,2,16.96%,3,29.62%,5,15
"2173","2173. 당곡사거리",27808,5,8.57%,1,17.98%,3,28.19%,4,13
"4122","4122. 청계9가교차로 앞",27804,5,22.92%,5,16.12%,3,25.64%,3,16
"4373","4373. 서울숲 지식산업센터",27801,5,13.47%,3,22.11%,4,20.95%,2,14
"226","226. 샛강역 1번출구 앞",27796,5,22.00%,5,24.87%,5,17.03%,1,16
"5884","5884. GS강서타워",27758,5,15.16%,3,28.72%,5,18.29%,1,14
"573","573. 구의문주차장 앞",27707,5,21.30%,4,17.26%,3,24.64%,3,15
"574","574. 아차산역4번출구",27663,5,16.43%,4,15.75%,2,27.01%,4,15
"1455","1455. 상봉역 2번 출구",27597,5,6.78%,1,21.10%,4,25.18%,3,13
"5868","5868. 로프트시티오피스텔",27549,5,21.00%,4,14.44%,2,26.51%,4,15
"497","497.합정동주민센터 앞",27548,5,4.57%,1,21.10%,4,31.76%,5,15
"3548","3548.뚝섬역 6번출구",27519,5,15.98%,3,22.09%,4,23.03%,2,14
"2264","2264. 이수역 1번출구",27504,5,15.81%,3,19.59%,4,25.73%,3,15
"1851","1851. 가산디지털단지 9번출구 인근",27458,5,29.42%,5,26.17%,5,14.63%,1,16
"203","203. 국회의사당역 3번출구 옆",27427,5,26.52%,5,31.02%,5,10.32%,1,16
"4594","4594. 양평교 영등포대여소",27387,5,18.74%,4,18.68%,4,24.63%,3,16
"3936","3936. 힐스테이트 신도림역",27273,5,12.02%,2,16.50%,3,26.67%,4,14
"1328","1328. 월곡역 3번출구",27259,5,15.39%,3,21.65%,4,21.78%,2,14
"5865","5865.더리브오피스텔 앞",27238,5,30.11%,5,13.21%,1,25.08%,3,14
"1023","1023. 한국종합기술사옥 앞",27040,5,5.72%,1,41.95%,5,10.44%,1,12
"279","279. 영등포 푸르지오 아파트 B",26944,5,14.62%,3,16.54%,3,25.11%,3,14
"2340","2340. 삼호물산버스정류장(23370) 옆",26889,5,15.60%,3,23.26%,5,22.46%,2,15
"589","589. 성수역3번출구",26867,5,13.75%,3,22.13%,4,23.76%,2,14
"3513","3513. 상왕십리역 1번출구",26825,5,10.87%,2,21.55%,4,24.58%,3,14
"1904","1904. 도림천역 1번 출구 앞",26783,5,22.99%,5,13.46%,2,21.92%,2,14
"4026","4026. 상계주공1단지아파트",26767,5,26.07%,5,12.37%,1,26.87%,4,15
"4541","4541. 갈산문화예술센터",26756,5,25.65%,5,14.93%,2,24.54%,3,15
"2915","2915.서울과학기술대학교(어학교육원)",26750,5,10.73%,2,17.85%,3,19.17%,1,11
"3205","3205.문래현대2차",26729,5,23.29%,5,12.43%,1,28.70%,5,16
"4484","4484. 잠실나루역4번출구뒤",26660,5,19.20%,4,24.72%,5,23.88%,2,16
"1955","1955. 디지털입구 교차로",26631,5,6.51%,1,22.62%,5,24.52%,3,14
"540","540. 군자역 7번출구 베스트샵 앞",26528,5,12.18%,2,15.30%,2,25.96%,3,12
"229","229. 양평1 보행육교 앞",26527,5,7.31%,1,38.36%,5,19.78%,1,12
"825","825. 서빙고동 주민센터 앞",26519,5,6.46%,1,16.93%,3,38.97%,5,14
"3914","3914. 신도림쌍용플래티넘노블아파트 앞",26468,5,25.79%,5,13.73%,2,25.41%,3,15
"1912","1912. 한신휴아파트 앞",26443,5,21.26%,4,17.64%,3,24.33%,3,15
"5301","5301. 상계주공1단지 버스정류장 옆(대원빌딩 앞)",26378,5,11.37%,2,17.38%,3,26.84%,4,14
"501","501. 광진문화예술회관 앞",26329,5,19.61%,4,12.10%,1,23.43%,2,12
"1120","1120. 대림경동아파트앞",26199,5,26.30%,5,12.55%,1,24.72%,3,14
"3758","3758. 서울남부출입국관리소",26195,5,23.47%,5,13.96%,2,19.55%,1,13
"1169","1169. 염창역 1번 출구",26184,5,11.66%,2,26.89%,5,23.84%,2,14
"474","474.동대문역사문화공원역 1번출구 뒤편",26164,5,7.45%,1,22.58%,4,24.85%,3,13
"287","287. 영등포전화국사거리 (서강어린이공원)",26074,5,19.89%,4,16.00%,3,26.07%,3,15
"1657","1657. 노원구청",26055,5,5.29%,1,32.60%,5,16.09%,1,12
"576","576. 광나루역 3번 출구",26032,5,12.54%,2,16.35%,3,28.68%,5,15
"106","106. 합정역 7번출구 앞",25910,5,4.89%,1,19.24%,4,36.34%,5,15
"1135","1135. 강서구의회",25868,5,24.58%,5,12.92%,1,23.36%,2,13
"1957","1957. 구일고등학교 정문",25828,5,30.73%,5,10.85%,1,21.14%,2,13
"362","362. 청계8가사거리 A",25792,5,20.73%,4,13.85%,2,28.92%,5,16
"4798","4798. 황학동롯데캐슬",25790,5,11.30%,2,18.77%,4,26.47%,4,15
"1452","1452. 겸재교 진입부",25767,5,12.45%,2,14.25%,2,30.59%,5,14
"615","615. 용두동 래미안허브리츠아파트 앞",25735,5,14.64%,3,18.02%,3,25.30%,3,14
"500","500. 어린이대공원역 3번출구 앞",25711,5,11.56%,2,18.05%,3,24.76%,3,13
"549","549. 아차산역 3번출구",25681,5,13.58%,3,17.63%,3,27.69%,4,15
"1291","1291. 서울체육고등학교 앞",25600,5,5.13%,1,25.99%,5,14.45%,1,12
"663","663. 외대앞역 3번출구",25599,5,11.07%,2,20.32%,4,24.92%,3,14
"870","870.노들섬 서측 앞",25568,5,1.30%,1,20.08%,4,43.22%,5,15
"1048","1048. 둔촌어린이공원",25500,5,19.38%,4,14.47%,2,26.04%,3,14
"498","498.연남동주민센터 앞",25464,5,13.31%,3,18.97%,4,25.15%,3,15
"3782","3782. 겸재정선미술관",25397,5,25.53%,5,18.85%,4,22.37%,2,16
"267","267. 삼성화재 사옥 옆",25339,5,11.58%,2,21.05%,4,24.14%,3,14
"146","146. 마포역 2번출구 뒤",25262,5,11.59%,2,21.38%,4,27.19%,4,15
"1381","1381.석계역 4번출구 뒤",25257,5,9.77%,2,19.34%,4,27.61%,4,15
"5886","5886.신풍역 2번출구",25241,5,10.44%,2,19.14%,4,25.74%,3,14
"393","393. 동대문역 8번 출구",25228,5,7.80%,1,18.02%,3,17.37%,1,10
"1996","1996. 구일역 1번 출입구 앞",25188,5,15.97%,3,18.50%,3,29.72%,5,16
"2702","2702. 마곡 엠밸리2단지",25177,5,28.99%,5,12.28%,1,21.59%,2,13
"224","224. 롯데캐슬 앞",25168,5,10.59%,2,22.92%,5,23.01%,2,14
"4041","4041. 공릉역3번출구",25108,5,8.22%,1,18.57%,4,26.12%,4,14
"1448","1448. 코스트코 상봉점",25103,5,7.07%,1,15.73%,2,29.54%,5,13
"4600","4600. 서울 영등포구 우체국",25100,5,19.78%,4,19.49%,4,17.85%,1,14
"4013","4013. 중계 롯데마트",25086,5,12.74%,3,14.65%,2,26.58%,4,14
"153","153. 성산2교 사거리",25043,5,16.74%,4,17.75%,3,25.18%,3,15
"227","227. 양평1나들목 보행통로 입구",25027,5,12.03%,2,14.64%,2,37.34%,5,14
"1195","1195. 코오롱One&Only타워",25022,5,3.61%,1,47.79%,5,6.30%,1,12
"1132","1132. 등촌역 7번출구",24986,5,20.56%,4,15.48%,2,22.53%,2,13
"4575","4575. 대림동 e편한세상영등포아델포레",24975,5,18.13%,4,14.09%,2,24.32%,3,14
"1503","1503. 강북구청사거리(수유역 8번출구)",24948,5,6.07%,1,20.25%,4,26.45%,4,14
"1716","1716. 창동역 1번출구 건너편",24886,5,7.35%,1,24.36%,5,26.31%,4,15
"342","342. 대학로 마로니에공원",24850,5,13.40%,3,20.36%,4,25.61%,3,15
"1643","1643. 태릉입구역 8번출구",24810,5,6.62%,1,20.87%,4,28.28%,5,15
"2255","2255. 양재시민의숲역 1번출구",24789,5,23.38%,5,22.89%,5,20.42%,1,16
"1076","1076. 천동초교입구사거리 버스정류장(십자성마을 방면)",24714,5,15.52%,3,16.24%,3,27.81%,4,15
"2746","2746.수명산파크 4단지 411동 앞",24711,5,31.77%,5,10.41%,1,22.78%,2,13
"956","956. 응암시장교차로",24670,5,22.62%,5,13.42%,2,24.93%,3,15
"421","421. 마포구청 앞",24668,5,15.24%,3,18.94%,4,19.79%,1,13
"3757","3757. 신방화역 6번출구",24652,5,13.64%,3,23.27%,5,25.09%,3,16
"1901","1901. 신도림동주민센터 앞",24615,5,21.64%,5,16.86%,3,23.02%,2,15
"505","505. 자양사거리 광진아크로텔 앞",24600,5,8.82%,1,17.48%,3,26.28%,4,13
"1636","1636. 상계주공2단지 버스정류장 옆",24558,5,12.15%,2,19.35%,4,23.66%,2,13
"1215","1215. 올림픽공원역 1번출구 앞",24511,5,11.14%,2,20.13%,4,25.76%,3,14
"905","905. 구파발역 2번출구",24509,5,5.98%,1,23.36%,5,28.77%,5,16
"3671","3671. 둔촌동역교차로",24502,5,13.52%,3,17.44%,3,25.37%,3,14
"1531","1531. 미아사거리 1번 출구",24478,5,6.75%,1,18.38%,3,27.19%,4,13
"588","588. 뚝섬 유원지역",24470,5,6.78%,1,19.19%,4,31.41%,5,15
"2741","2741.마곡수명산파크5-6단지",24452,5,26.11%,5,11.41%,1,22.00%,2,13
"3794","3794. 안양천합수부(현대3차아파트)",24446,5,20.50%,4,12.08%,1,32.02%,5,15
"4598","4598. 오목교 동측 지하보도",24418,5,18.83%,4,17.32%,3,26.37%,4,16
"3966","3966. 독산역1번출구 B",24382,5,34.79%,5,22.60%,4,13.03%,1,15
"3756","3756. 마곡힐스테이트 정문",24352,5,29.12%,5,12.32%,1,25.19%,3,14
"2618","2618. 삼전역 1번출구",24351,5,15.97%,3,17.80%,3,25.83%,3,14
"1988","1988. 고척LIGA아파트 앞",24321,5,27.72%,5,12.99%,1,24.31%,3,14
"5881","5881. 세계청소년NGO교육문화원",24304,5,18.21%,4,17.56%,3,24.97%,3,15
"3214","3214.영등포 푸르지오 아파트 A",24260,5,30.36%,5,11.13%,1,25.04%,3,14
"1177","1177. 수명중?고교",24259,5,32.19%,5,10.81%,1,17.63%,1,12
"643","643. 동대문구민체육센터 (육교아래)",24254,5,25.36%,5,11.75%,1,25.63%,3,14
"6183","6183.K스퀘어 마곡",24228,5,11.46%,2,29.94%,5,20.67%,1,13
"1197","1197. 엠펠리체 호텔 건너편",24163,5,8.03%,1,23.48%,5,24.10%,3,14
"2619","2619. 석촌고분역 4번출구",24098,5,16.34%,4,15.78%,3,27.40%,4,16
"1610","1610. 화랑대역 2번출구 앞",24088,5,12.84%,3,16.24%,3,28.18%,4,15
"1338","1338. 용문2교 옆",24088,5,14.83%,3,15.04%,2,25.11%,3,13
"3759","3759. 이대서울병원",24051,5,7.10%,1,26.84%,5,15.79%,1,12
"829","829. 한강대교 북단 교차로",23975,5,8.96%,1,18.50%,3,35.46%,5,14
"244","244. 영등포삼환아파트 앞",23949,5,15.71%,3,16.39%,3,26.29%,4,15
"4377","4377. 우영테크노센터 앞",23913,5,2.86%,1,36.62%,5,20.75%,1,12
"1442","1442. 중랑구청 중화동 별관 앞",23884,5,12.20%,2,17.44%,3,23.35%,2,12
"2335","2335. 3호선 매봉역 3번출구앞",23871,5,20.14%,4,23.67%,5,20.80%,1,15
"4383","4383. 푸조비즈타워 앞",23866,5,14.64%,3,40.19%,5,10.87%,1,14
"642","642. 신답역 사거리",23848,5,24.59%,5,17.84%,3,22.51%,2,15
"634","634. 외국어대 정문 앞",23775,5,9.52%,2,15.99%,3,25.11%,3,13
"702","702. 목4동주민센터 옆",23750,5,22.93%,5,13.56%,2,23.07%,2,14
"3692","3692. 둔촌오륜역 1번 출구",23735,5,19.96%,4,15.91%,3,26.29%,4,16
"5066","5066. 아망떼마곡전시장",23696,5,5.26%,1,41.20%,5,13.10%,1,12
"626","626. 군자교 서측 녹지대",23664,5,16.65%,4,20.77%,4,25.20%,3,16
"4559","4559. 신길역 2번출구",23568,5,18.39%,4,21.38%,4,25.29%,3,16
"4537","4537. 서울남부지방검찰청 후문",23564,5,23.23%,5,17.12%,3,19.20%,1,14
"1686","1686. 상계주공10단지 종합상가 앞",23543,5,10.81%,2,14.51%,2,27.88%,4,13
"1744","1744.도봉소방서 옆",23531,5,5.51%,1,20.72%,4,28.23%,5,15
"2050","2050. 노량진역 5번출구",23492,5,9.51%,2,15.93%,3,26.65%,4,14
"3416","3416.동묘앞역 6번출구",23423,5,10.90%,2,13.17%,1,22.70%,2,10
"1168","1168. 마곡엠밸리10단지 앞",23417,5,23.47%,5,13.60%,2,21.65%,2,14
"912","912. 응암오거리",23391,5,17.79%,4,15.56%,2,26.45%,4,15
"1090","1090.상일동역 2번출구 앞",23384,5,16.19%,3,24.63%,5,20.88%,1,14
"3882","3882. 자양2동 주민센터",23382,5,28.52%,5,13.21%,1,25.25%,3,14
"2630","2630.서울방이동 고분군",23355,5,12.60%,3,17.50%,3,25.99%,3,14
"3934","3934. 철도교통관제센터 정문 앞",23348,5,28.86%,5,35.30%,5,23.77%,2,17
"3586","3586.군자역 비채온 오피스텔",23325,5,15.46%,3,16.30%,3,27.14%,4,15
"2025","2025. 흑석역 1번출구",23316,5,9.74%,2,20.07%,4,29.55%,5,16
"2724","2724.(재)FITI시험연구원",23311,5,35.19%,5,24.70%,5,11.80%,1,16
"316","316. 종각역 1번출구 앞",23243,5,18.90%,4,22.36%,4,14.60%,1,14
"4399","4399. 더리브 세종타워 앞",23217,5,10.19%,2,28.29%,5,23.47%,2,14
"4856","4856. 올림픽공원 서1문 앞",23211,5,11.59%,2,23.25%,5,26.47%,4,16
"1126","1126. 우장산역 1번출구옆(우장산아이파크105동앞)",23199,5,7.28%,1,19.03%,4,27.22%,4,14
"3549","3549.건영아파트 앞",23181,5,27.53%,5,14.37%,2,24.35%,3,15
"723","723. SBS방송국",23146,5,9.87%,2,30.47%,5,18.85%,1,13
"2729","2729.넥센 유니버시티 앞",23110,5,8.12%,1,36.82%,5,14.24%,1,12
"1002","1002. 해공공원(천호동)",23082,5,18.92%,4,12.08%,1,28.84%,5,15
"473","473.을지로4가역 9번출구",23066,5,19.80%,4,21.87%,4,17.22%,1,14
"3905","3905. 희훈타워빌 앞",23062,5,19.34%,4,14.57%,2,24.33%,3,14
"551","551. 구의삼성쉐르빌 앞",23039,5,13.66%,3,15.35%,2,26.08%,3,13
"1028","1028. 포레스 주상복합 빌딩",23016,5,15.15%,3,16.36%,3,25.20%,3,14
"1414","1414. 사가정역 2번출구",23009,5,9.63%,2,21.80%,4,25.00%,3,14
"1246","1246. 문정 법조단지10",22990,5,12.73%,3,30.36%,5,21.33%,2,15
"1956","1956. 동아1차APT105동 버스정류장(신도림중학교 방면)",22959,5,26.18%,5,17.07%,3,21.93%,2,15
"3864","3864. 광진소방서 앞",22952,5,25.91%,5,15.76%,3,22.90%,2,15
"2613","2613. 잠실나들목",22950,5,9.83%,2,12.94%,1,39.22%,5,13
"593","593.자양중앙나들목",22936,5,21.85%,5,12.05%,1,32.30%,5,16
"1269","1269. 리센츠아파트",22859,5,12.42%,2,15.75%,3,28.92%,5,15
"1185","1185. 등촌9단지",22847,5,23.03%,5,16.76%,3,21.35%,2,15
"414","414. 상암동주민센터 옆",22818,5,11.78%,2,21.19%,4,21.86%,2,13
"4036","4036. 하계역 6번출구",22811,5,11.54%,2,24.36%,5,23.21%,2,14
"913","913. 이마트 버스정류장(서부경찰서 방면)",22761,5,7.13%,1,19.95%,4,26.97%,4,14
"1720","1720. 도봉구청 옆(중랑천변)",22747,5,10.25%,2,21.19%,4,27.41%,4,15
"2913","2913.상계8동 주민센터",22735,5,21.88%,5,14.34%,2,26.98%,4,16
"398","398. 을지로3가역 3번출구",22720,5,9.69%,2,25.86%,5,21.94%,2,14
"370","370. 시청역(2호선) 9번출구 뒤",22712,5,12.92%,3,28.57%,5,11.63%,1,14
"409","409. 누리꿈스퀘어 옆",22632,5,4.15%,1,41.87%,5,13.94%,1,12
"5057","5057. 마곡역4번출구",22623,5,6.40%,1,27.60%,5,20.75%,1,12
"5055","5055. 마곡역5번출구앞",22606,5,11.44%,2,27.68%,5,20.44%,1,13
"1619","1619. 중계동 하나프라자빌딩 앞(중1-1)",22546,5,6.08%,1,17.14%,3,30.30%,5,14
"222","222. 시범아파트버스정류장 옆",22529,5,16.00%,3,23.17%,5,18.83%,1,14
"1462","1462.동부시장 북문 앞",22493,5,6.87%,1,18.75%,4,28.90%,5,15
"1221","1221. 삼전역 4번출구",22465,5,17.13%,4,15.54%,2,27.26%,4,15
"264","264. 교보생명보험 앞",22451,5,16.00%,3,22.97%,5,20.74%,1,14
"1075","1075.천동초교 삼거리",22446,5,25.86%,5,13.01%,1,24.25%,3,14
"2713","2713.우장초등학교 앞",22432,5,35.71%,5,10.69%,1,22.91%,2,13
"4141","4141. 우리은행장안지점 앞",22420,5,13.64%,3,17.33%,3,23.69%,2,13
"4332","4332. 이수교차로",22310,5,6.58%,1,15.87%,3,35.58%,5,14
"4884","4884. H비즈니스파크",22296,5,6.03%,1,38.41%,5,15.64%,1,12
"3785","3785. 마곡14단지 1408동앞",22278,5,24.39%,5,12.26%,1,22.75%,2,13
"1072","1072.고덕역 5번출구",22238,5,7.86%,1,20.61%,4,28.57%,5,15
"546","546. 잠실대교북단 교차로",22226,5,14.68%,3,14.94%,2,27.04%,4,14
"433","433. 을지로입구역 2번출구",22220,5,20.00%,4,24.09%,5,16.60%,1,15
"5065","5065. 허준박물관삼거리",22157,5,23.38%,5,14.92%,2,22.73%,2,14
"4398","4398. 유원지식산업센터 앞",22137,5,9.44%,2,24.68%,5,24.08%,3,15
"2801","2801. 대륭포스트타워1차",22097,5,2.21%,1,51.06%,5,11.67%,1,12
"1458","1458. 상봉터미널2",22080,5,23.78%,5,13.17%,1,24.70%,3,14
"559","559. 왕십리역 4번 출구 건너편",22022,5,6.87%,1,21.22%,4,26.99%,4,14
"4007","4007. 노원 을지대학교 병원",21990,5,10.40%,2,20.97%,4,20.92%,1,12
"1535","1535. 효성인텔리안 앞",21962,5,8.51%,1,17.86%,3,26.88%,4,13
"3501","3501. K&S빌딩 앞",21941,5,16.52%,4,14.19%,2,25.50%,3,14
"590","590. 건국대학교 (입학정보관)",21907,5,15.96%,3,14.16%,2,13.66%,1,11
"363","363. 신설동역 11번출구 뒤",21869,5,15.65%,3,15.39%,2,25.34%,3,13
"4796","4796. 서울시청",21857,5,13.31%,3,25.55%,5,16.75%,1,14
"133","133. 해담는다리",21843,5,15.94%,3,15.77%,3,28.38%,5,16
"3559","3559.성동구민종합체육센터 앞",21828,5,8.31%,1,21.96%,4,30.80%,5,15
"4136","4136. 롯데캐슬SKY-L65 D동 앞",21816,5,19.77%,4,15.27%,2,26.17%,4,15
"1667","1667. 중계중학교",21781,5,14.88%,3,13.66%,2,25.08%,3,13
"4218","4218. 디지털매직스페이스",21750,4,7.89%,1,30.12%,5,20.08%,1,11
"749","749. 이대목동병원보도육교",21750,4,7.92%,1,26.66%,5,19.89%,1,11
"5859","5859. 여의도 삼부아파트",21748,4,12.61%,3,22.25%,4,27.49%,4,15
"633","633. 청량리 기업은행 앞",21744,4,11.19%,2,17.84%,3,28.48%,5,14
"582","582. 경일중학교 앞",21732,4,16.21%,3,21.88%,4,21.36%,2,13
"3421","3421.혜화역 1번출구",21698,4,9.68%,2,16.90%,3,24.56%,3,12
"5853","5853. 여의도역2번출구 앞",21694,4,18.65%,4,33.83%,5,12.91%,1,14
"5086","5086. 가양테크노타운",21677,4,6.31%,1,24.42%,5,28.09%,4,14
"131","131. 증산2교",21635,4,14.01%,3,16.90%,3,29.83%,5,15
"641","641. 용두역 4번출구",21628,4,10.44%,2,19.53%,4,27.39%,4,14
"816","816. 신용산역 6번출구 앞",21603,4,13.07%,3,22.14%,4,26.38%,4,15
"3894","3894. 노룬산시장 앞",21602,4,20.18%,4,16.50%,3,25.54%,3,14
"5089","5089. LG사이언스파크 E10동",21585,4,5.26%,1,45.34%,5,4.11%,1,11
"4131","4131. 베네스트 오피스텔 앞",21557,4,22.09%,5,15.57%,2,24.15%,3,14
"539","539. 군자교교차로",21546,4,11.46%,2,16.08%,3,28.65%,5,14
"1737","1737. 신창시장",21538,4,15.69%,3,15.13%,2,25.89%,3,12
"1683","1683. 노원문화예술회관",21535,4,19.71%,4,13.37%,2,24.58%,3,13
"225","225. 앙카라공원 앞",21527,4,20.93%,4,21.48%,4,20.35%,1,13
"3566","3566.우성4차아파트",21500,4,26.45%,5,12.52%,1,25.96%,3,13
"911","911. 은평평화공원(역촌역4번출구)",21498,4,15.22%,3,17.33%,3,25.39%,3,13
"1933","1933. 개봉푸르지오아파트 상가",21481,4,24.24%,5,13.72%,2,24.57%,3,14
"130","130. 신촌역(2호선) 7번출구 앞",21474,4,6.40%,1,21.64%,4,27.55%,4,13
"1661","1661. 당현천근린공원",21453,4,16.94%,4,15.55%,2,23.48%,2,12
"1977","1977. 천왕역 1번 출입구 앞",21428,4,15.06%,3,22.76%,5,21.99%,2,14
"1697","1697.상계주공2단지 219동",21402,4,18.97%,4,12.50%,1,27.08%,4,13
"4497","4497. 아시아선수촌아파트 교차로",21392,4,26.53%,5,17.20%,3,24.32%,3,15
"4353","4353. 코오롱디지털타워 3차앞",21360,4,8.90%,1,30.47%,5,17.98%,1,11
"258","258. 신길역3번출구",21326,4,33.31%,5,17.09%,3,21.89%,2,14
"194","194. 증산교 앞",21318,4,10.73%,2,22.03%,4,28.29%,5,15
"2908","2908. 광운대학교 중앙도서관",21318,4,7.45%,1,17.72%,3,22.25%,2,10
"2015","2015. 신대방삼거리역 6번출구쪽",21314,4,18.32%,4,12.22%,1,26.99%,4,13
"1172","1172. 가양3동 주민센터",21301,4,18.13%,4,19.82%,4,22.60%,2,14
"1438","1438. 홈플러스 신내점 앞",21298,4,13.95%,3,20.76%,4,23.98%,2,13
"3886","3886.광진구 민방위교육센터",21242,4,24.08%,5,12.65%,1,27.79%,4,14
"1337","1337. 돈암성당 옆",21240,4,6.46%,1,13.47%,2,33.24%,5,12
"4566","4566. 대림성원상떼빌아파트",21221,4,24.70%,5,14.86%,2,23.40%,2,13
"5099","5099. LG사이언스파크 E7동",21199,4,3.72%,1,53.41%,5,5.03%,1,11
"1416","1416. 상봉역 3번출구",21180,4,12.22%,2,19.85%,4,25.50%,3,13
"516","516. 광진메디칼 앞",21142,4,22.82%,5,15.85%,3,23.64%,2,14
"2306","2306. 압구정역 2번 출구 옆",21115,4,12.16%,2,23.68%,5,23.61%,2,13
"1174","1174. 강서구청사거리(부민병원)",21059,4,29.50%,5,12.94%,1,19.16%,1,11
"3201","3201.당산skv1센터",21058,4,15.61%,3,23.55%,5,18.20%,1,13
"237","237. 보라매 두산위브 건너편",21058,4,22.21%,5,17.46%,3,23.56%,2,14
"1762","1762.북한산 한신휴플러스APT앞",21031,4,21.27%,4,12.41%,1,25.75%,3,12
"1021","1021. 강일동 리슈빌 빌딩앞",20989,4,22.63%,5,13.43%,2,20.73%,1,12
"2140","2140. 신림1교 교차로",20962,4,17.62%,4,13.02%,1,28.78%,5,14
"1333","1333. 석관초등학교 앞",20958,4,11.67%,2,18.30%,3,23.02%,2,11
"4532","4532. 목동현대아파트 후문 앞",20955,4,15.18%,3,13.07%,1,27.71%,4,12
"4557","4557. 리버뷰신안인스빌2차 후문",20936,4,17.13%,4,13.96%,2,27.44%,4,14
"179","179. 가좌역 4번출구 앞",20929,4,26.32%,5,20.93%,4,19.97%,1,14
"1446","1446. 중랑전화국 교차로",20905,4,18.38%,4,15.42%,2,23.22%,2,12
"2731","2731.명덕고교",20881,4,24.67%,5,14.86%,2,18.11%,1,12
"561","561. 서울숲역 2번출구 앞",20880,4,18.32%,4,21.18%,4,21.60%,2,14
"2531","2531.멤피스아파트 앞",20875,4,16.49%,4,22.13%,4,21.92%,2,14
"1259","1259. 방이역 1번출구",20861,4,11.31%,2,17.82%,3,26.83%,4,13
"4765","4765. 동대문디자인플라자",20851,4,5.36%,1,22.24%,4,26.05%,3,12
"613","613. 신설동역 10번출구 앞",20827,4,16.06%,3,19.78%,4,22.20%,2,13
"4182","4182.보라매병원역 2번출구",20792,4,9.09%,1,24.30%,5,24.39%,3,13
"701","701. 목동사거리 부근",20756,4,21.46%,5,13.30%,1,25.51%,3,13
"624","624. 전농동 동아아파트 앞",20736,4,29.83%,5,10.12%,1,23.27%,2,12
"1278","1278. 송파구청 교차로",20702,4,12.07%,2,23.65%,5,26.75%,4,15
"3700","3700. 강변그대가리버뷰 입구 맞은편",20702,4,22.04%,5,10.04%,1,35.04%,5,15
"3767","3767. 대원빌딩",20673,4,26.64%,5,13.29%,1,25.22%,3,13
"5851","5851. 도림천 건널목 위",20653,4,20.38%,4,12.65%,1,26.19%,4,13
"1201","1201. 가락시장역 3번 출구",20652,4,15.21%,3,22.03%,4,18.88%,1,12
"1022","1022. 길동 사거리(초소앞)",20648,4,16.72%,4,17.94%,3,23.13%,2,13
"5053","5053. 신마곡벽산블루밍메트로오피스텔앞",20643,4,22.54%,5,15.41%,2,23.70%,2,13
"4938","4938.LH수서2단지 201동 앞",20632,4,31.50%,5,11.63%,1,25.46%,3,13
"1512","1512. 강북중학교 앞",20628,4,15.59%,3,14.68%,2,29.57%,5,14
"176","176. 명지대학교 도서관",20627,4,15.15%,3,12.82%,1,25.38%,3,11
"1080","1080.천호지하주차장 5번 출입구",20552,4,13.49%,3,15.92%,3,26.25%,4,14
"3215","3215.강변삼성래미안",20525,4,31.84%,5,10.84%,1,24.63%,3,13
"3865","3865. 이튼타워리버 2차",20496,4,12.86%,3,14.38%,2,26.21%,4,13
"1689","1689. 마들역 3번출구",20446,4,12.53%,2,17.39%,3,25.34%,3,12
"3796","3796. 송정역 3번출구 앞",20424,4,22.17%,5,19.13%,4,23.12%,2,15
"1975","1975. 대림역 1번 출입구 밑",20420,4,16.08%,3,20.38%,4,24.16%,3,14
"3919","3919. 구로역·NC신구로점 버스정류장(구로역 방면)",20414,4,9.33%,2,17.70%,3,27.86%,4,13
"2222","2222.사당역 12번출구 뒤",20410,4,13.43%,3,18.44%,3,24.68%,3,13
"2348","2348. 포스코사거리(기업은행)",20409,4,7.19%,1,44.86%,5,10.46%,1,11
"3517","3517. 용마사거리",20390,4,17.14%,4,17.02%,3,25.34%,3,14
"1081","1081.트레빌빌딩",20366,4,12.07%,2,16.72%,3,27.25%,4,13
"1224","1224. 아시아지하보도 2번 출구",20358,4,12.73%,3,17.87%,3,28.02%,4,14
"3778","3778. 김포공항입구 교차로",20331,4,9.90%,2,16.12%,3,29.74%,5,14
"2274","2274. 양재시민의숲역 3번출구",20330,4,19.95%,4,25.20%,5,18.67%,1,14
"1321","1321. 국민은행 종암동지점 앞",20310,4,13.62%,3,15.46%,2,25.24%,3,12
"2647","2647.잠실 자전거 수리센터 앞",20299,4,15.59%,3,24.46%,5,24.17%,3,15
"4693","4693. 수색감리교회",20285,4,20.10%,4,12.54%,1,27.60%,4,13
"4852","4852. 서울복합물류 게이트 1",20260,4,11.24%,2,25.99%,5,20.86%,1,12
"1958","1958. 강서수도사업소민원센터",20189,4,19.09%,4,17.95%,3,22.82%,2,13
"2032","2032. 이수역 11번출구쪽",20173,4,11.12%,2,19.95%,4,25.66%,3,13
"205","205. 산업은행 앞",20165,4,5.93%,1,34.28%,5,27.35%,4,14
"4685","4685. DMC역 5번 출구(수색역 방향)",20161,4,10.38%,2,20.44%,4,28.01%,4,14
"3774","3774. 마곡9단지 910동 상가앞",20158,4,27.55%,5,13.64%,2,23.44%,2,13
"4244","4244. 당인리발전소 공원 앞",20121,4,7.41%,1,19.14%,4,31.92%,5,14
"123","123. 문화촌 공원",20119,4,20.78%,4,11.47%,1,29.42%,5,14
"368","368. SK 서린빌딩 앞",20101,4,4.99%,1,38.17%,5,17.34%,1,11
"1033","1033. 고덕동 아남아파트",20081,4,26.35%,5,10.55%,1,24.25%,3,13
"2000","2000. 신도림4차 e편한세상 아파트 1109동 앞",20073,4,13.23%,3,15.58%,2,27.86%,4,13
"577","577. 광진청소년수련관",20060,4,10.24%,2,15.95%,3,29.94%,5,14
"933","933. 역촌종합시장 버스정류장(예일여고 방면)",20045,4,13.63%,3,16.46%,3,26.40%,4,14
"1121","1121. 가양레포츠센터 앞",20015,4,9.67%,2,18.93%,4,28.80%,5,15
"3754","3754. 신방화역 8번출구",19980,4,16.43%,4,15.45%,2,25.08%,3,13
"4065","4065. 창동역 1번출구 앞",19938,4,11.06%,2,25.14%,5,23.78%,2,13
"2228","2228.뒷벌공원 옆",19876,4,20.18%,4,19.23%,4,23.49%,2,14
"1691","1691. 노원정보도서관",19870,4,9.17%,2,16.50%,3,27.87%,4,13
"4385","4385. 용답동 우체국 주변",19870,4,24.54%,5,16.36%,3,19.96%,1,13
"1319","1319. 종암박스파크",19868,4,19.93%,4,14.59%,2,28.52%,5,15
"4496","4496. 잠실 파크리오 120동 앞",19812,4,18.07%,4,15.15%,2,26.41%,4,14
"4633","4633. 센트럴파크타워 앞",19806,4,5.12%,1,25.31%,5,28.19%,4,14
"1088","1088.풍납사거리(강동)",19793,4,14.44%,3,21.53%,4,23.81%,2,13
"4031","4031. 청암예술학교 앞",19766,4,8.56%,1,14.76%,2,27.66%,4,11
"4813","4813. 망우지구대",19762,4,12.85%,3,14.64%,2,27.43%,4,13
"1059","1059. 래미안 강동팰리스(102동)",19758,4,16.54%,4,15.12%,2,27.33%,4,14
"254","254. 도림신협 앞",19752,4,17.65%,4,13.72%,2,23.26%,2,12
"1165","1165. 마곡중학교 후문",19708,4,19.55%,4,12.77%,1,25.32%,3,12
"1017","1017. 둔촌고교입구 교차로(길동주민센터 방면)",19702,4,15.95%,3,16.53%,3,27.53%,4,14
"729","729. 서부식자재마트 건너편",19690,4,27.94%,5,15.08%,2,24.41%,3,14
"3656","3656. 둔촌푸르지오아파트",19667,4,15.12%,3,14.89%,2,27.89%,4,13
"1602","1602. 광운대역 앞",19639,4,9.21%,2,17.44%,3,24.98%,3,12
"3627","3627. 압구정나들목",19632,4,4.06%,1,18.78%,4,40.15%,5,14
"1994","1994. 삼성전자 물류센터 앞",19630,4,30.98%,5,15.59%,2,24.04%,2,13
"4820","4820. 망우역 2번 출구",19605,4,23.87%,5,16.57%,3,21.75%,2,14
"4087","4087. 우이교 교차로",19579,4,8.30%,1,13.98%,2,32.00%,5,12
"3422","3422.성균관대 정문",19576,4,16.49%,4,14.12%,2,23.57%,2,12
"3927","3927. 구로월드아파트 앞",19575,4,13.81%,3,28.35%,5,17.80%,1,13
"5091","5091. 보타닉파크타워2",19571,4,4.10%,1,33.66%,5,14.99%,1,11
"2740","2740.마곡레포츠센터",19564,4,15.20%,3,20.19%,4,15.32%,1,12
"1692","1692. 온곡초교 교차로",19524,4,9.60%,2,17.53%,3,26.65%,4,13
"4964","4964.암사역사공원역 1번출구 A",19460,4,19.42%,4,31.13%,5,16.50%,1,14
"119","119. 서강나루 공원",19457,4,15.38%,3,14.82%,2,29.27%,5,14
"657","657. 동대문롯데캐슬아파트 앞",19439,4,24.81%,5,12.16%,1,24.43%,3,13
"678","678.장안힐스테이트(아) 앞",19419,4,15.28%,3,18.18%,3,23.73%,2,12
"3975","3975.현대시티아울렛 가산",19410,4,20.49%,4,22.24%,4,21.41%,2,14
"2384","2384. 자곡사거리",19400,4,26.48%,5,15.17%,2,23.68%,2,13
"1959","1959. 구로구의회 앞",19397,4,18.21%,4,21.05%,4,21.28%,2,14
"385","385. 종각역 5번출구",19391,4,8.74%,1,29.83%,5,19.44%,1,11
"4841","4841. 중화수경공원",19382,4,16.09%,3,13.49%,2,29.90%,5,14
"4859","4859. 잠실나루 나들목",19362,4,10.65%,2,16.19%,3,36.58%,5,14
"1962","1962. 가리봉동주민센터",19322,4,19.15%,4,29.70%,5,12.64%,1,14
"4387","4387. 성수역 1번출구 주변",19286,4,6.09%,1,33.98%,5,21.02%,2,12
"841","841. 신용산역 1번 출구",19280,4,3.78%,1,26.23%,5,28.53%,5,15
"4906","4906. 섬유센터 앞",19272,4,9.09%,1,30.50%,5,20.10%,1,11
"1708","1708. 도봉보건소사거리",19190,4,13.10%,3,16.32%,3,23.82%,2,12
"2230","2230.이수역 4번 출구",19188,4,12.85%,3,20.79%,4,23.28%,2,13
"3811","3811.신사로입구",19170,4,24.83%,5,11.89%,1,26.80%,4,14
"5084","5084. 강서우체국",19165,4,19.80%,4,20.77%,4,20.03%,1,13
"221","221. 여의도초교 앞",19128,4,14.54%,3,19.08%,4,28.25%,5,16
"4824","4824. 상봉신협 앞",19109,4,26.65%,5,12.13%,1,26.37%,4,14
"563","563. 성동세무서 건너편",19101,4,11.28%,2,44.13%,5,10.09%,1,12
"5890","5890.여의나루역 3번출구",19097,4,9.58%,2,19.98%,4,37.66%,5,15
"943","943. 은평구청 보건소",19079,4,12.76%,3,20.64%,4,18.54%,1,12
"756","756. 목동주차장",19075,4,4.93%,1,17.88%,3,32.86%,5,13
"2259","2259. 잠원역 3번-4번 출구사이",19036,4,10.74%,2,22.67%,5,26.49%,4,15
"265","265. 영등포유통상가 사거리",19014,4,16.26%,3,19.68%,4,22.71%,2,13
"587","587. 유니베라 앞",18985,4,5.68%,1,33.48%,5,22.22%,2,12
"114","114. 홍대입구역 8번출구 앞",18954,4,3.23%,1,21.41%,4,29.49%,5,14
"1001","1001. 광진교 남단 사거리(천호공원 방면)",18948,4,9.88%,2,15.57%,2,30.73%,5,13
"2910","2910.도깨비시장",18933,4,10.27%,2,16.77%,3,26.81%,4,13
"4091","4091. 방학역2번출구",18884,4,10.25%,2,19.68%,4,24.84%,3,13
"530","530. 청계벽산아파트 앞",18882,4,25.03%,5,15.71%,2,23.04%,2,13
"266","266. 영등포청과시장 사거리",18875,4,11.68%,2,21.46%,4,22.35%,2,12
"111","111. 상수역 2번출구 앞",18851,4,4.52%,1,16.75%,3,33.55%,5,13
"292","292. 영일 어린이공원",18838,4,22.22%,5,13.83%,2,23.80%,2,13
"5151","5151.진넥스베르디엠 앞",18837,4,14.52%,3,16.51%,3,25.84%,3,13
"204","204. 국회의사당역 5번출구 옆",18832,4,15.03%,3,29.40%,5,15.59%,1,13
"3560","3560.성동구 견인차량 보관소 앞",18829,4,16.60%,4,18.98%,4,22.73%,2,14
"4020","4020. 중계동 성모빌딩 앞",18806,4,5.42%,1,19.22%,4,28.92%,5,14
"2404","2404. 대모산입구역 4번 출구 앞",18785,4,19.79%,4,15.71%,2,27.19%,4,14
"1742","1742. 북한산 코오롱 하늘채",18781,4,17.16%,4,11.20%,1,25.33%,3,12
"1966","1966. 한마을아파트 정문상가",18769,4,25.87%,5,11.57%,1,23.24%,2,12
"623","623. 서울시립대 정문 앞 B",18738,4,11.02%,2,16.11%,3,25.65%,3,12
"166","166. 가재울 초등학교",18732,4,26.51%,5,11.47%,1,27.56%,4,14
"2604","2604. 풍납토성 서성벽터A",18673,4,23.27%,5,17.45%,3,25.37%,3,15
"1351","1351. 안암2교 옆",18652,4,14.68%,3,18.15%,3,23.55%,2,12
"4556","4556. 리버뷰신안인스빌1차 후문",18647,4,25.33%,5,24.21%,5,16.69%,1,15
"1824","1824. 독산근린공원 입구",18601,4,24.35%,5,12.91%,1,27.78%,4,14
"3013","3013.서울지방고용노동청 앞",18597,4,5.44%,1,40.24%,5,10.75%,1,11
"4220","4220. 신촌 청년주택",18583,4,21.50%,5,13.47%,2,28.58%,5,16
"2058","2058. 동작경찰서",18562,4,7.70%,1,14.85%,2,32.35%,5,12
"417","417. DMC역 2번출구 옆",18562,4,24.33%,5,29.32%,5,16.08%,1,15
"214","214. 금융감독원 앞",18556,4,3.20%,1,45.64%,5,8.00%,1,11
"4024","4024. 꿈의숲 SK뷰 아파트",18531,4,18.66%,4,13.23%,1,23.86%,2,11
"4140","4140. 신설동역 4번출구",18496,4,13.42%,3,17.35%,3,22.72%,2,12
"3407","3407.안국동사거리(신)",18481,4,12.55%,2,20.82%,4,26.71%,4,14
"2658","2658.가락몰 업무동",18476,4,9.64%,2,21.66%,4,19.26%,1,11
"4465","4465. 건영아파트앞 사거리",18466,4,14.06%,3,17.82%,3,24.32%,3,13
"4418","4418. 종암동 동덕여대 제2생활관 앞",18449,4,13.33%,3,15.90%,3,25.11%,3,13
"716","716.신정6동 주민센터 인근",18448,4,11.93%,2,16.79%,3,25.50%,3,12
"1450","1450. 화랑대역 7번출구",18444,4,9.31%,2,12.81%,1,22.50%,2,9
"2656","2656.풍납동 아이파크 107동 앞",18420,4,15.48%,3,21.91%,4,19.96%,1,12
"3860","3860. 건국대학교 정문 앞",18403,4,11.96%,2,16.30%,3,23.39%,2,11
"310","310. 청계광장 옆",18389,4,14.93%,3,26.02%,5,16.94%,1,13
"4510","4510. 신정네거리역 교차로",18376,4,15.95%,3,16.95%,3,26.91%,4,14
"3929","3929. 고척아이파크아파트 205동 앞",18375,4,35.93%,5,10.68%,1,22.68%,2,12
"719","719. 홍익병원앞 교차로",18375,4,21.02%,4,14.33%,2,24.28%,3,13
"1705","1705. 도봉구청 정문앞",18333,4,7.76%,1,20.02%,4,21.85%,2,11
"2901","2901.공릉동풍림아파트 101동",18304,4,28.76%,5,9.89%,1,26.09%,4,14
"2067","2067. 보라매역?동작세무서 버스정류장(강남중학교방면)",18277,4,10.75%,2,19.10%,4,27.58%,4,14
"1380","1380.월곡역 5번출구 앞",18274,4,16.26%,3,16.64%,3,25.11%,3,13
"220","220. 미성아파트 A동 앞",18264,4,12.70%,3,27.74%,5,19.63%,1,13
"157","157. 애오개역 4번출구 앞",18244,4,24.24%,5,13.51%,2,24.18%,3,14
"4528","4528. 양천구청역 1번출구",18222,4,20.00%,4,25.35%,5,19.09%,1,14
"1212","1212. 송파역 2번 출구앞",18188,4,16.51%,4,22.29%,4,21.43%,2,14
"1354","1354. 고려대학교 2번출구",18184,4,11.59%,2,21.14%,4,19.96%,1,11
"288","288. 쌍용예가(구청별관)",18171,4,20.28%,4,18.73%,4,21.70%,2,14
"1030","1030. 미호 플랜트 앞",18118,4,17.94%,4,17.94%,3,26.88%,4,15
"1141","1141. 곰달래 문화복지센터 A",18050,4,18.19%,4,15.85%,3,25.88%,3,14
"4592","4592. 신길우성4차아파트",18034,4,17.62%,4,14.67%,2,23.36%,2,12
"1274","1274. 영파여고 앞",18025,4,14.04%,3,14.75%,2,20.74%,1,10
"1830","1830. 빅마켓 금천점 앞",18014,4,25.77%,5,23.35%,5,18.84%,1,15
"4522","4522. 신곡시장",18011,4,10.35%,2,17.10%,3,27.19%,4,13
"1907","1907. 구일우성(아) 육교 밑",17998,4,27.64%,5,13.91%,2,22.02%,2,13
"4567","4567. 한림대학교 강남성심병원 신관",17982,4,15.72%,3,16.56%,3,25.77%,3,13
"578","578. 성동세무서 부근",17969,4,25.52%,5,23.17%,5,14.94%,1,15
"1530","1530. 광산사거리",17965,4,8.87%,1,15.02%,2,27.75%,4,11
"3900","3900. 건국대학교 신공학관",17919,4,4.33%,1,27.07%,5,11.47%,1,11
"558","558. 성동광진 교육지원청 앞",17914,4,9.96%,2,18.63%,4,23.02%,2,12
"3783","3783. 마곡금호어울림아파트",17894,4,27.64%,5,14.45%,2,25.54%,3,14
"542","542. 강변역 4번출구 뒤",17891,4,6.22%,1,24.21%,5,30.60%,5,15
"201","201. 진미파라곤 앞",17858,4,10.16%,2,28.92%,5,23.42%,2,13
"4854","4854. 가락시장역 2번 출구",17842,4,14.71%,3,20.31%,4,23.47%,2,13
"2231","2231. 삼성타운(삼성생명) A동 맞은편",17837,4,6.25%,1,37.84%,5,15.08%,1,11
"669","669.청계한신휴플러스앞 삼거리",17787,4,28.35%,5,13.33%,1,21.35%,2,12
"1738","1738. 창동주공17단지 상가앞",17785,4,17.59%,4,18.03%,3,25.09%,3,14
"4491","4491. 장지역 1번출구",17770,4,14.87%,3,25.50%,5,20.89%,1,13
"1245","1245. 문정 법조단지9",17754,4,14.82%,3,20.18%,4,29.22%,5,16
"2909","2909. 석계역 3번 출구",17736,4,11.10%,2,17.96%,3,28.46%,5,14
"3544","3544.한양대역 3번 출구",17733,4,13.99%,3,22.09%,4,20.17%,1,12
"1004","1004. 삼성광나루아파트 버스정류장",17732,4,13.14%,3,15.48%,2,30.64%,5,14
"1606","1606. 태릉입구역 3번출구",17726,4,8.62%,1,16.64%,3,27.29%,4,12
"1305","1305. 성북구청",17718,4,13.34%,3,15.27%,2,26.23%,4,13
"3762","3762. 마곡9단지 907동앞",17702,4,29.84%,5,12.07%,1,23.64%,2,12
"4080","4080. 창동주공19단지앞",17684,4,12.06%,2,18.77%,4,24.85%,3,13
"2332","2332. 선릉역3번출구",17683,4,13.59%,3,25.26%,5,17.84%,1,13
"3009","3009. 홍대입구역 사거리",17659,4,3.59%,1,24.42%,5,27.26%,4,14
"4804","4804. 동서울농협 앞",17638,4,5.95%,1,20.06%,4,25.00%,3,12
"571","571. 세종대학교 대양AI센터",17633,4,14.80%,3,18.03%,3,18.23%,1,11
"1128","1128. 화곡역 6번출구",17611,4,15.90%,3,18.80%,4,24.37%,3,14
"3506","3506. 영동대교 북단",17608,4,13.30%,3,18.89%,4,24.99%,3,14
"438","438. 성산2-1 공영주차장",17587,4,13.42%,3,16.57%,3,28.30%,5,15
"1385","1385.성신여대입구역 3번출구 앞",17565,4,11.32%,2,13.98%,2,26.64%,4,12
"2653","2653.올림픽공원사거리(선수촌아파트)",17564,4,12.82%,3,16.68%,3,29.63%,5,15
"4905","4905. 강남경찰서",17542,4,3.79%,1,38.58%,5,16.79%,1,11
"3415","3415.동대문역6번출구",17512,4,10.43%,2,19.66%,4,26.38%,4,14
"4953","4953. 세양청마루아파트 앞",17497,4,17.79%,4,15.87%,3,24.57%,3,14
"412","412. DMC산학협력연구센터 앞",17479,4,13.44%,3,30.65%,5,16.22%,1,13
"490","490.가온문화공원",17420,4,5.07%,1,33.56%,5,18.34%,1,11
"4560","4560. 양평동성원아파트",17395,4,15.44%,3,24.55%,5,19.24%,1,13
"1928","1928. 고척스카이돔구장 광장",17336,4,15.02%,3,15.81%,3,22.29%,2,12
"1199","1199. 우장산역 3번출구",17291,4,12.04%,2,17.15%,3,25.42%,3,12
"1804","1804. 독산역 2번출구 자전거주차장",17246,4,26.35%,5,25.20%,5,18.06%,1,15
"1827","1827. 독산보도육교 앞 자전거 보관소",17244,4,12.44%,2,24.30%,5,29.31%,5,16
"488","488.푸르메병원",17238,4,20.18%,4,18.71%,4,20.17%,1,13
"1478","1478.홈플러스 상봉점 앞",17230,4,10.32%,2,19.22%,4,27.95%,4,14
"2060","2060. 남성역3번출구 뒤",17220,4,24.07%,5,11.24%,1,27.08%,4,14
"1471","1471.동양쇼핑 정류소 앞",17214,4,18.40%,4,13.04%,1,26.19%,4,13
"252","252. 보라매역4번출구",17184,4,13.02%,3,20.07%,4,24.17%,3,14
"1205","1205. 종합운동장역 4번출구",17176,4,10.68%,2,27.68%,5,26.96%,4,15
"3698","3698. 명일역 3번출구 옆",17172,4,13.71%,3,20.06%,4,25.53%,3,14
"4207","4207. 아만티호텔 앞",17141,4,7.26%,1,22.31%,4,25.55%,3,12
"2414","2414. 도곡역 아카데미스위트 앞",17139,4,12.50%,2,24.87%,5,19.63%,1,12
"834","834. 효창공원앞역 3번출구 앞",17130,4,31.38%,5,12.86%,1,22.58%,2,12
"680","680.꿈마루어린이도서관 앞",17109,4,9.27%,2,14.17%,2,27.25%,4,12
"4121","4121. 서울문화재단 앞",17102,4,19.46%,4,23.52%,5,18.42%,1,14
"1841","1841. 가산동 주민센터",17068,4,37.59%,5,10.92%,1,19.09%,1,11
"5503","5503. 마포아트센터 앞",17067,4,21.99%,5,11.02%,1,21.40%,2,12
"104","104. 합정역 1번출구 앞",17065,4,8.47%,1,22.42%,4,25.80%,3,12
"1401","1401. 극동늘푸른아파트",17062,4,8.61%,1,13.91%,2,31.45%,5,12
"1681","1681. 현대6차 아파트",17034,4,14.49%,3,15.06%,2,29.26%,5,14
"4952","4952.천호시장 버스정류소 옆",17031,4,18.45%,4,12.40%,1,28.93%,5,14
"4926","4926. 대치우성아파트 사거리",17025,4,17.90%,4,27.67%,5,18.75%,1,14
"418","418. 월드컵경기장역 3번출구 옆",17003,4,3.58%,1,15.47%,2,41.02%,5,12
"1260","1260. 방이동 한양3차아파트 옆",16971,4,14.85%,3,17.98%,3,26.09%,4,14
"1282","1282. 송파소방서 맞은편(성내4교)",16968,4,23.40%,5,13.82%,2,26.08%,4,15
"4032","4032. 불암주유소 앞",16964,4,9.77%,2,20.70%,4,27.69%,4,14
"1924","1924. 삼부르네상스파크빌",16945,4,26.69%,5,21.03%,4,18.88%,1,14
"493","493.홍대입구역 6번출구",16941,4,8.25%,1,20.06%,4,27.73%,4,13
"155","155. 가좌역1 번출구 앞",16933,4,22.16%,5,20.17%,4,23.48%,2,15
"5154","5154.광진구청 앞",16894,4,8.01%,1,21.94%,4,25.61%,3,12
"1108","1108. 공항시장역 2번출구 뒤",16891,4,18.74%,4,13.45%,2,27.10%,4,14
"609","609. 제기2교",16879,4,16.68%,4,14.82%,2,27.34%,4,14
"521","521. 왕십리역 11번 출구 앞",16857,4,6.81%,1,15.89%,3,26.49%,4,12
"178","178. 증산3교 앞",16847,4,23.50%,5,12.92%,1,26.54%,4,14
"773","""773.염창역 3, 4번 출구 사이""",16840,4,7.42%,1,20.21%,4,27.76%,4,13
"1931","1931. 개봉역2번출구 A",16824,4,20.77%,4,22.90%,5,20.08%,1,14
"1390","1390.석관래미안아트리치",16813,4,16.11%,3,14.42%,2,27.94%,4,13
"255","255. 도림사거리",16811,4,13.11%,3,14.69%,2,30.48%,5,14
"763","763. 목동11단지 아파트",16773,4,17.56%,4,14.15%,2,26.75%,4,14
"1265","1265. 문정동 근린공원",16751,4,18.92%,4,16.26%,3,22.63%,2,13
"2202","2202.청계산입구역 1번출구",16748,4,21.11%,4,26.37%,5,18.74%,1,14
"2265","2265. 이수고가차도 남단",16746,4,12.43%,2,21.13%,4,25.82%,3,13
"2407","2407. 역삼서초삼성 세무서 앞 (역삼빌딩 앞)",16713,4,10.87%,2,23.08%,5,19.89%,1,12
"1952","1952. 천왕연지타운2단지 앞",16713,4,20.07%,4,15.12%,2,26.50%,4,14
"766","766. 신목동역 3번출구",16691,4,9.62%,2,23.86%,5,29.71%,5,16
"2059","2059. 보라매공원 정문",16690,4,9.56%,2,24.55%,5,24.67%,3,14
"550","550. 서울시설공단 앞",16677,4,9.17%,2,42.08%,5,11.71%,1,12
"4349","4349.삼성화재서초타워",16677,4,8.46%,1,23.57%,5,20.87%,1,11
"4812","4812. 묵동 이마트 앞",16676,4,5.61%,1,18.66%,4,27.60%,4,13
"1204","1204. 거여역 3번출구",16652,4,10.61%,2,19.02%,4,24.50%,3,13
"4526","4526. 목동아파트2단지 222동 앞",16637,4,29.42%,5,10.41%,1,25.52%,3,13
"1991","1991. 오류동역 맞은편",16632,4,13.09%,3,14.39%,2,27.95%,4,13
"1129","1129. 화곡역 1번 출구 앞",16581,4,11.68%,2,20.27%,4,23.95%,2,12
"5885","5885. 신정교하부(도림천역 방면)",16563,4,17.67%,4,16.32%,3,27.96%,4,15
"145","145. 공덕역 5번출구",16559,4,16.57%,4,20.26%,4,23.84%,2,14
"2214","2214. 신반포역 2번출구 앞",16556,4,6.47%,1,15.90%,3,41.01%,5,13
"5073","5073. 우장산역 헤링턴타워 앞",16554,4,11.48%,2,16.12%,3,26.63%,4,13
"917","917. 녹번역 3번출구",16534,4,22.53%,5,19.12%,4,20.74%,1,14
"5514","5514.공덕역 1번출구",16522,4,9.18%,2,21.63%,4,25.46%,3,13
"456","456. 숭인2동 주민센터 입구",16478,4,17.33%,4,14.07%,2,23.03%,2,12
"650","650. 중랑교사거리",16470,4,6.97%,1,14.25%,2,30.35%,5,12
"4480","4480. 가락시장 남1문 사거리",16460,4,22.21%,5,19.99%,4,18.55%,1,14
"329","329. 청계2가 사거리 옆",16448,4,7.73%,1,28.54%,5,23.12%,2,12
"2252","2252. 잔디마을 마을버스 정류장",16424,4,5.62%,1,27.76%,5,22.10%,2,12
"4721","4721. 통인시장 정자",16407,4,24.92%,5,11.78%,1,27.50%,4,14
"3573","3573.광나루안전체험관",16382,4,19.66%,4,16.77%,3,25.13%,3,14
"635","635. 시조사 앞",16379,4,16.83%,4,12.62%,1,23.44%,2,11
"5319","5319. 연해피빌 앞",16378,4,10.88%,2,14.92%,2,18.83%,1,9
"256","256. 동아에코빌입구",16364,4,20.02%,4,13.94%,2,25.95%,3,13
"326","326. 안국역 5번출구 앞",16337,4,14.76%,3,22.67%,5,20.71%,1,13
"2627","2627.문정시영아파트 5동 앞 공원",16317,4,22.30%,5,15.85%,3,24.75%,3,15
"4386","4386. 현대자동차 동부서비스센터 주변",16305,4,23.83%,5,24.42%,5,15.65%,1,15
"4713","4713. 현대 뜨레비앙 아파트 앞",16271,4,9.49%,2,21.46%,4,20.12%,1,11
"2725","2725.서울식물원 식물문화센터",16257,4,9.08%,1,19.39%,4,32.02%,5,14
"1552","1552. 강북구청사거리",16256,4,5.31%,1,22.18%,4,26.27%,4,13
"2651","2651.경찰병원역 3번출구 앞",16254,4,19.96%,4,17.64%,3,22.29%,2,13
"4468","4468. 가락1동주민센터",16252,4,26.08%,5,12.01%,1,25.17%,3,13
"4705","4705. 웰니스센터(민방위교육장 앞)",16247,4,22.04%,5,14.90%,2,19.67%,1,12
"2342","2342. 대청역 1번출구  뒤",16219,4,13.02%,3,21.91%,4,25.04%,3,14
"2279","2279. 교대역 5번출구뒤",16206,4,15.40%,3,19.34%,4,20.38%,1,12
"427","427. 성산시영아파트",16200,4,19.95%,4,12.91%,1,26.66%,4,13
"3691","3691. 둔촌역 2번출구",16198,4,9.44%,2,24.97%,5,24.50%,3,14
"5774","5774. 가락본동주민센터 인근",16164,4,13.01%,3,18.87%,4,22.06%,2,13
"3853","3853. 어린이대공원역 2번출구",16142,4,26.23%,5,16.58%,3,20.46%,1,13
"1267","1267. 올림픽공원 남2문 앞",16131,4,15.34%,3,16.01%,3,32.66%,5,15
"1404","1404. 동일로 지하차도",16120,4,18.68%,4,12.83%,1,19.40%,1,10
"4619","4619. 한강트럼프월드3차 앞",16108,4,12.79%,3,16.87%,3,30.33%,5,15
"4453","4453. 위례중앙푸르지오 201동 앞",16093,4,10.59%,2,13.83%,2,29.69%,5,13
"3206","3206.문래동 주민센터",16089,4,12.77%,3,26.16%,5,18.48%,1,13
"1433","1433. 중화역 2번출구",16078,4,6.90%,1,17.27%,3,25.67%,3,11
"525","525. 한양대병원사거리",16075,4,5.36%,1,16.73%,3,30.26%,5,13
"270","270. 증권거래소후문교차로",16066,4,10.20%,2,33.62%,5,15.67%,1,12
"2294","2294. 두상빌딩 앞",16049,4,24.41%,5,20.09%,4,19.06%,1,14
"2211","2211. 서초구립반포도서관 앞",16040,4,10.65%,2,23.11%,5,25.29%,3,14
"4794","4794. 서울역 서부교차로(3)",16040,4,28.94%,5,16.13%,3,21.55%,2,14
"1206","1206. 9호선종합운동장역 9번출구",16023,4,15.49%,3,23.09%,5,23.35%,2,14
"107","107. 수협 연남동지점",16013,4,9.42%,2,22.99%,5,23.81%,2,13
"1334","1334. 석관동주민센터 앞",16012,4,11.96%,2,16.14%,3,21.96%,2,11
"860","860.LG한강 자이아파트 앞",15992,4,11.22%,2,16.79%,3,34.52%,5,14
"380","380. CJ제일제당 앞",15989,4,15.06%,3,23.22%,5,16.35%,1,13
"345","345. 서울보증보험본사 앞",15988,4,19.46%,4,25.76%,5,12.38%,1,14
"1920","1920. 서울미래초등학교 사거리",15960,4,18.11%,4,14.71%,2,24.67%,3,13
"4483","4483. 잠실나들목4",15943,4,14.66%,3,12.59%,1,34.94%,5,13
"4019","4019. 상계주공10단지 버스정류소",15921,4,14.09%,3,15.84%,3,26.09%,4,14
"2110","2110. 조원동 미성아파트",15916,4,11.90%,2,19.53%,4,25.57%,3,13
"4393","4393. 상원삼거리 장안철교 아래",15911,4,10.02%,2,34.56%,5,17.67%,1,12
"3128","3128.동신병원 맞은편",15903,4,9.74%,2,16.08%,3,31.19%,5,14
"5323","5323. 하계역 4번출구 앞",15899,4,12.67%,3,18.49%,3,24.00%,2,12
"1987","1987. 개봉아이파크아파트 앞",15885,4,29.67%,5,10.63%,1,28.18%,4,14
"4708","4708. 조계사앞사거리",15870,4,12.29%,2,22.68%,5,15.19%,1,12
"5097","5097. LG사이언스파크 E2동",15860,4,4.01%,1,54.98%,5,4.52%,1,11
"3414","3414.종로5가역 4번출구",15845,4,16.07%,3,20.18%,4,22.01%,2,13
"4792","4792. 퇴계로4가 교차로(중구청)",15841,4,12.10%,2,18.47%,3,20.90%,1,10
"4270","4270. 우국한마음 아파트 맞은편",15839,4,14.39%,3,19.34%,4,22.93%,2,13
"758","758. 한사랑교회 앞",15815,4,21.44%,5,13.28%,1,28.35%,5,15
"475","475.DDP 패션몰",15807,4,5.60%,1,14.68%,2,14.48%,1,8
"2737","2737.까치산역 3번 출구",15786,4,10.45%,2,17.14%,3,27.12%,4,13
"5088","5088. 등촌역 센터스퀘어",15786,4,8.91%,1,17.42%,3,26.45%,4,12
"1306","1306. 한성대입구역2번출구",15770,4,7.98%,1,16.29%,3,29.71%,5,13
"4004","4004. 당고개입구오거리 당현천변",15763,4,10.99%,2,15.38%,2,27.17%,4,12
"3203","3203.도림동배드민턴체육관",15762,4,25.19%,5,12.43%,1,22.94%,2,12
"2605","2605. 복정역 1번 출구 앞",15742,4,10.88%,2,34.66%,5,17.70%,1,12
"6171","6171. 월드빌딩 앞",15730,4,9.55%,2,17.50%,3,26.93%,4,13
"989","989. 신응교(가좌로) 앞",15728,4,12.28%,2,15.06%,2,30.70%,5,13
"2115","2115. 관악구시설관리공단",15727,4,24.82%,5,13.23%,1,24.55%,3,13
"4657","4657. 본 서부병원 교차로 사거리",15719,4,14.79%,3,18.37%,3,26.11%,4,14
"2710","2710.라이품 공영주차장 앞",15719,4,22.37%,5,16.37%,3,23.76%,2,14
"1288","1288. 문정중교 사거리",15705,4,13.02%,3,16.51%,3,25.92%,3,13
"605","605. 신설동역8번출구",15643,4,12.93%,3,19.39%,4,24.76%,3,14
"1670","1670. 노원경찰서교차로",15622,4,20.45%,4,11.98%,1,19.98%,1,10
"420","420. 서울시 공공자전거 상암센터",15596,4,3.61%,1,14.24%,2,49.58%,5,12
"355","355. 서울사대부설초등학교 앞",15595,4,14.21%,3,20.93%,4,19.87%,1,12
"4317","4317. 양재근린공원",15586,4,19.00%,4,17.79%,3,22.40%,2,13
"557","557. 도선동 주민센터 앞",15573,4,18.76%,4,20.45%,4,21.40%,2,14
"3907","3907. 신도림7차e편한세상아파트 806동 앞",15572,4,21.37%,5,11.89%,1,25.13%,3,13
"1003","1003. 해공도서관앞",15571,4,16.18%,3,15.67%,2,27.32%,4,13
"1677","1677. 육군사관학교  앞",15567,4,12.28%,2,19.89%,4,27.65%,4,14
"2431","2431.대치역 7번출구",15567,4,13.70%,3,16.66%,3,29.52%,5,15
"3788","3788. 정곡나들목",15558,4,4.19%,1,12.21%,1,43.29%,5,11
"2537","2537.양재역 8번출구 앞",15542,4,13.60%,3,27.80%,5,22.22%,2,14
"3550","3550.금호나들목",15531,4,13.62%,3,14.80%,2,36.32%,5,14
"1929","1929. 고척근린공원 고척도서관 앞",15522,4,11.64%,2,14.24%,2,26.54%,4,12
"5326","5326. 대진고교앞 교차로",15515,4,11.55%,2,14.90%,2,27.41%,4,12
"1074","1074.대명초교입구 사거리",15505,4,18.96%,4,11.56%,1,27.58%,4,13
"6060","6060. 신한은행 본점",15501,4,11.33%,2,31.40%,5,13.44%,1,12
"4222","4222. 서울디자인고등학교 앞",15492,4,12.44%,2,17.92%,3,25.68%,3,12
"4381","4381. 더스페이스타워 앞",15486,4,9.27%,2,26.97%,5,23.18%,2,13
"2054","2054. 삼익아파트",15481,4,21.88%,5,10.07%,1,27.14%,4,14
"4089","4089. 동부센트레빌 앞",15453,4,19.67%,4,13.41%,2,25.88%,3,13
"2904","2904.중계3차청구아파트",15449,4,7.00%,1,14.91%,2,25.62%,3,10
"1440","1440. 면목2동 사거리",15430,4,13.73%,3,17.45%,3,27.02%,4,14
"1529","1529. 미아동 한국전력공사",15419,4,9.30%,2,19.49%,4,24.69%,3,13
"320","320. 을지로입구역 4번출구 앞",15406,4,14.06%,3,23.91%,5,14.92%,1,13
"2821","2821.청구아파트 앞",15370,4,23.73%,5,14.59%,2,22.39%,2,13
"3879","3879. 중랑천 뚝방길 산책로 입구",15341,4,23.89%,5,15.16%,2,26.19%,4,15
"2902","2902.공릉풍림아파트 108동",15335,4,32.71%,5,10.42%,1,22.51%,2,12
"4092","4092. 도봉경찰서 교차로",15333,4,13.36%,3,14.42%,2,22.92%,2,11
"2066","2066. 양문교회 앞",15323,4,16.00%,3,13.54%,2,27.19%,4,13
"4601","4601.양평역2번출구 뒤",15303,4,21.68%,5,21.26%,4,22.56%,2,15
"819","819. 선린인터넷 고등학교",15300,4,17.11%,4,14.07%,2,28.55%,5,15
"4076","4076. 도봉통합복지센터 뒤 중랑천 변",15300,4,8.56%,1,14.24%,2,30.09%,5,12
"215","215. 여의도고교 앞",15292,4,19.39%,4,17.30%,3,25.66%,3,14
"334","334. 종로3가역 2번출구 뒤",15289,4,11.41%,2,20.69%,4,21.56%,2,12
"3899","3899. 아차산역 2번출구",15288,4,14.19%,3,15.61%,2,30.76%,5,14
"4181","4181. 보라매공원역 2번출구",15266,4,13.45%,3,17.91%,3,28.87%,5,15
"700","700. KB국민은행 염창역 지점 앞",15263,4,11.57%,2,18.25%,3,26.60%,4,13
"838","838. 숙대입구역 4번출구",15260,4,11.69%,2,17.81%,3,25.64%,3,12
"5075","5075. 등촌역 1번출구",15228,4,13.78%,3,16.90%,3,25.30%,3,13
"289","289. 대림3동사거리",15207,4,17.66%,4,16.24%,3,23.46%,2,13
"455","455. 종로6가역 버스정류장(동대문 방향)",15205,4,11.32%,2,18.02%,3,10.86%,1,10
"4711","4711. 올림픽기념 국민생활관 로터리",15196,4,24.14%,5,11.90%,1,22.34%,2,12
"4512","4512. 목동13_14단지 사거리",15186,4,15.79%,3,17.19%,3,23.44%,2,12
"2056","2056. 동작구민 체육센터",15180,4,23.48%,5,15.77%,3,18.88%,1,13
"239","239. 유스호스텔 앞",15134,4,18.75%,4,23.62%,5,17.49%,1,14
"4167","4167. 구로교 아래",15102,4,7.50%,1,19.29%,4,27.92%,4,13
"915","915. 증산역 4번출구",15088,4,13.27%,3,16.25%,3,26.41%,4,14
"3984","3984. 가산롯데아이티캐슬",15048,4,7.61%,1,49.28%,5,11.31%,1,11
"3935","3935. 고대구로병원 앞",15043,4,11.88%,2,23.39%,5,18.72%,1,12
"1707","1707. 도봉구민회관",15037,4,11.76%,2,13.54%,2,23.26%,2,10
"3432","3432.종로2가 사거리",15035,4,8.95%,1,20.73%,4,20.36%,1,10
"4464","4464. 올림픽공원 북2문 A",15033,4,8.93%,1,19.19%,4,31.68%,5,14
"1685","1685. 불암고등학교 앞 횡단보도",15028,4,16.17%,3,15.45%,2,26.10%,4,13
"2911","2911.상계역중앙시장",15019,4,7.96%,1,18.44%,3,28.74%,5,13
"1640","1640. 한내근린공원 북측",15016,4,11.49%,2,14.38%,2,31.68%,5,13
"1767","1767.방학초등학교 앞",15011,4,19.63%,4,12.64%,1,24.20%,3,12
"108","108. 서교동 사거리",14995,4,2.45%,1,21.56%,4,31.98%,5,14
"4143","4143.서울동물복지지원센터 동대문",14981,4,6.33%,1,22.76%,5,23.53%,2,12
"1119","1119. 염창동 한마음아파트 앞",14981,4,16.04%,3,15.67%,2,28.31%,5,14
"4536","4536. 양천해누리체육공원",14957,4,9.85%,2,9.91%,1,13.08%,1,8
"6054","6054.청구e편한세상아파트 113동 앞",14956,4,19.22%,4,14.70%,2,23.84%,2,12
"5893","5893.한국산업은행",14952,4,3.96%,1,52.51%,5,8.90%,1,11
"3125","3125.연희파크푸르지오아파트 앞",14950,4,21.79%,5,14.32%,2,28.68%,5,16
"818","818. 숙명여대 입구 교차로",14942,4,17.99%,4,12.62%,1,25.56%,3,12
"411","411. DMC홍보관",14938,4,6.25%,1,36.49%,5,15.18%,1,11
"3928","3928.고척아이파크아파트 106동 앞",14899,4,13.65%,3,17.24%,3,29.84%,5,15
"3121","3121.가좌삼거리",14899,4,11.49%,2,18.35%,3,27.30%,4,13
"339","339. 종로4가 사거리",14887,4,7.13%,1,21.45%,4,18.34%,1,10
"4238","4238. 상암한샘빌딩앞",14883,4,27.39%,5,18.36%,3,16.58%,1,13
"1227","1227. 거여역 8번출구 뒤",14850,4,21.89%,5,21.62%,4,19.93%,1,14
"1175","1175. 대한항공 인력개발센터",14828,4,16.83%,4,18.14%,3,21.76%,2,13
"4965","4965.고덕비즈밸리 쿠쿠강동빌딩",14827,4,1.62%,1,29.88%,5,33.05%,5,15
"4028","4028. 한일유앤아이아파트 105동 인근",14815,4,14.80%,3,14.43%,2,29.23%,5,14
"336","336. 충무로역 6번출구 앞",14806,4,18.03%,4,19.88%,4,17.51%,1,13
"2645","2645.잠실나들목2(엘스아파트136동)",14794,4,15.03%,3,13.38%,2,33.24%,5,14
"3814","3814. 난곡사거리",14791,4,8.36%,1,14.91%,2,26.43%,4,11
"426","426. 서울신용보증재단",14777,4,15.27%,3,23.12%,5,20.92%,1,13
"335","335. 종로3가역 15번출구 뒤",14765,4,11.77%,2,22.75%,5,19.37%,1,12
"3763","3763. 등촌태영아파트",14743,4,20.58%,4,22.19%,4,22.51%,2,14
"513","513. 뚝섬역 5번 출구 정류소 옆",14739,4,12.92%,3,25.71%,5,17.42%,1,13
"314","314. 국립현대미술관",14738,4,7.18%,1,20.23%,4,29.70%,5,14
"1407","1407. 먹골역 1번출구 뒤",14727,4,11.17%,2,15.94%,3,26.58%,4,13
"3408","3408.종로타워빌딩",14681,4,10.54%,2,25.73%,5,15.61%,1,12
"148","148. 용강동 주민센터 앞",14658,4,21.78%,5,14.22%,2,29.38%,5,16
"453","453. 종로오가 지하쇼핑센터 14번출구",14658,4,11.29%,2,20.34%,4,21.44%,2,12
"5508","5508. 성산유수지공원",14654,4,15.03%,3,15.14%,2,29.18%,5,14
"2177","2177. 신대방역 2번 출구",14652,4,11.93%,2,19.07%,4,28.32%,5,15
"2070","2070. 노량진역 2번 출구 앞",14628,4,7.08%,1,18.68%,4,32.49%,5,14
"2375","2375. 수서역 1번출구 앞",14610,4,17.25%,4,25.38%,5,19.69%,1,14
"4272","4272. 홍남교 사거리",14601,4,18.28%,4,14.75%,2,28.20%,4,14
"2106","2106. 세이브마트",14588,4,14.36%,3,11.69%,1,25.72%,3,11
"2413","2413.도곡역 1번 출구",14580,4,13.81%,3,19.09%,4,27.76%,4,15
"4872","4872. 개롱역 3번 출구 뒤",14543,4,11.06%,2,17.66%,3,27.14%,4,13
"4090","4090. 녹천교 앞 사거리",14541,4,14.15%,3,15.25%,2,29.28%,5,14
"407","407. 마포구 육아종합지원센터",14526,4,13.11%,3,18.80%,4,19.63%,1,12
"367","367. 독립문역 3-1번출구",14510,4,43.79%,5,12.32%,1,18.48%,1,11
"1627","1627. 수락산역 4번출구",14492,4,11.41%,2,21.81%,4,25.48%,3,13
"2187","2187. 현대시장사거리",14485,4,16.64%,4,13.37%,2,26.65%,4,14
"2169","2169. 봉천역 2번출구",14456,4,10.85%,2,15.97%,3,26.22%,4,13
"1665","1665. 양지근린공원앞",14452,4,12.83%,3,14.12%,2,27.61%,4,13
"356","356. KT혜화지사 앞",14444,4,14.23%,3,18.28%,3,21.39%,2,12
"1411","1411. 상봉시장앞 교차로 한성빌딩 앞",14438,4,11.28%,2,13.35%,1,27.70%,4,11
"2515","2515.서초초등학교 후문",14438,4,6.43%,1,26.29%,5,24.56%,3,13
"2709","2709.강변아파트 310동 앞",14432,4,16.28%,3,13.16%,1,31.65%,5,13
"4957","4957. 신명초교 교차로",14407,4,20.30%,4,12.66%,1,27.08%,4,13
"124","124. 서강대 정문 건너편",14395,4,9.09%,1,16.93%,3,28.10%,4,12
"610","610. 동대문중 교차로",14388,4,23.01%,5,14.55%,2,23.92%,2,13
"3507","3507. 어린이회관",14377,4,20.52%,4,12.67%,1,22.89%,2,11
"4267","4267. 서대문역 2번 출구",14367,4,15.29%,3,19.38%,4,23.84%,2,13
"3614","3614. 은마아파트 입구 사거리",14334,4,8.25%,1,18.15%,3,27.38%,4,12
"5895","5895.생각공장당산",14326,4,11.80%,2,27.01%,5,17.17%,1,12
"844","844. 이촌2동 동원베네스트 아파트 앞",14322,4,21.65%,5,13.41%,2,26.18%,4,15
"3640","3640. 일원1동주민센터앞 사거리",14295,4,16.82%,4,24.90%,5,18.22%,1,14
"627","627. 장안동삼거리 교통섬",14280,4,14.47%,3,13.64%,2,27.14%,4,13
"1834","1834. 월드메르디앙 벤처센터 2차",14257,4,4.62%,1,49.75%,5,15.19%,1,11
"4460","4460. 올림픽훼미리아파트 112동 앞",14246,4,18.64%,4,26.23%,5,19.57%,1,14
"2648","2648.헬리오시티 112동 앞",14219,4,18.73%,4,13.81%,2,30.00%,5,15
"340","340. 혜화동 로터리",14217,4,14.36%,3,16.40%,3,25.40%,3,13
"3684","3684. 고덕자이(105동 앞)",14207,4,18.46%,4,11.77%,1,27.47%,4,13
"1749","1749. ESA아파트 상가 앞",14198,4,7.76%,1,14.31%,2,28.07%,4,11
"4819","4819. 면목동 새싹어린이공원 앞",14193,4,21.55%,5,12.27%,1,26.37%,4,14
"327","327. 낙원상가 옆",14190,4,14.43%,3,19.98%,4,22.46%,2,13
"2711","2711.가로공원공영주차장 1번 출구",14186,4,19.98%,4,11.88%,1,26.52%,4,13
"3699","3699. 상일파출소 옆",14185,4,16.28%,3,18.98%,4,22.79%,2,13
"815","815. LIG강촌아파트 103동앞",14162,4,11.40%,2,16.90%,3,30.58%,5,14
"711","711. 신일해피트리아파트 앞",14135,4,24.72%,5,13.91%,2,23.32%,2,13
"343","343. 힐스테이트창경궁 아파트 앞",14130,4,17.44%,4,21.15%,4,20.24%,1,13
"2244","2244. 말죽거리공원 사거리",14130,4,8.02%,1,23.09%,5,26.69%,4,14
"1960","1960. 구로거리공원 동측(신도림역 방면)",14123,4,23.40%,5,14.83%,2,24.78%,3,14
"5338","5338. 상계초교 입구 교차로",14117,4,6.39%,1,17.40%,3,26.76%,4,12
"4397","4397. 마장축산물시장 북문 건너편",14107,4,9.50%,2,22.61%,4,27.62%,4,14
"3651","3651. 개포동역 4번출구",14101,4,12.45%,2,14.94%,2,31.59%,5,13
"949","949. 연신내역 1번 출구",14092,4,9.48%,2,19.72%,4,26.67%,4,14
"2539","2539.대한무역투자진흥공사 KOTRA 앞",14084,4,4.86%,1,46.21%,5,6.25%,1,11
"3120","3120.DMC엘가아파트 앞",14082,4,15.65%,3,17.01%,3,24.88%,3,13
"6184","6184. 한강버스 마곡 선착장",14081,4,4.04%,1,16.14%,3,40.13%,5,13
"1726","1726. 삼익세라믹아파트교차로",14062,4,15.13%,3,14.05%,2,28.00%,4,13
"1233","1233. 잠실3거리(갤러리아팰리스)",14047,4,11.43%,2,17.01%,3,26.74%,4,13
"4114","4114. 휘경여중고삼거리",14041,4,13.88%,3,16.38%,3,24.56%,3,13
"1428","1428. 원묵고등학교",14037,4,12.34%,2,14.83%,2,26.63%,4,12
"4652","4652. 신사두산위브2차아파트 앞",14029,4,26.60%,5,9.97%,1,23.31%,2,12
"4169","4169. 신대방삼거리",14026,4,11.41%,2,12.21%,1,28.45%,5,12
"4917","4917. 일원에코파크 주차장",14017,4,25.90%,5,15.90%,3,22.29%,2,14
"400","400. 상암한화오벨리스크 1차 앞",14015,4,33.01%,5,11.61%,1,22.80%,2,12
"2013","2013. 장승배기역 5번출구",14007,4,13.08%,3,16.48%,3,27.33%,4,14
"4083","4083.도봉아이나라도서관 앞",13999,4,20.02%,4,11.87%,1,22.81%,2,11
"1770","1770.도봉한신아파트 주변",13996,4,11.27%,2,14.72%,2,19.68%,1,9
"2530","2530.삼호3차아파트 앞",13993,4,12.75%,3,19.38%,4,27.22%,4,15
"722","722. 경서농협 버스정류장(우리은행신정동지점방향)",13991,4,19.07%,4,15.73%,2,27.64%,4,14
"4347","4347. 논현지하보도",13986,4,20.76%,4,16.92%,3,22.55%,2,13
"4210","4210. 가좌행복주택 앞",13982,4,23.71%,5,14.30%,2,26.42%,4,15
"4214","4214. JTBC 앞",13981,4,7.02%,1,31.53%,5,15.23%,1,11
"2108","2108. 은천치안센터",13973,4,15.49%,3,15.14%,2,27.60%,4,13
"3863","3863. 동일로58길 입구",13968,4,25.95%,5,16.72%,3,23.42%,2,14
"1974","1974. 신도림2차e편한세상아파트 203동 앞",13961,4,18.90%,4,14.80%,2,25.59%,3,13
"3931","3931. 천왕역 3번 출구 뒤",13955,4,15.51%,3,25.12%,5,18.45%,1,13
"5325","5325.상계주공7단지 아파트 앞",13955,4,9.26%,2,15.16%,2,27.44%,4,12
"3502","3502. 중곡역 1번출구",13943,4,13.12%,3,18.93%,4,23.62%,2,13
"281","281. 대림신동아아파트 앞",13941,4,12.44%,2,15.71%,2,27.66%,4,12
"1848","1848. 벽산 디지털밸리 5차",13908,4,5.68%,1,55.57%,5,8.90%,1,11
"223","223. 진주아파트상가 앞",13903,4,15.09%,3,18.35%,3,22.61%,2,12
"1630","1630. 수연빌딩 앞",13884,4,7.81%,1,18.07%,3,29.29%,5,13
"849","849. 삼각지 자이아파트",13871,4,19.61%,4,14.45%,2,29.58%,5,15
"4589","4589. KRX한국거래소(1)",13861,4,11.73%,2,27.22%,5,17.74%,1,12
"1664","1664. 노해근린공원내",13839,4,15.82%,3,12.84%,1,29.43%,5,13
"2327","2327. 뱅뱅사거리 랜드마크타워 앞",13825,4,10.43%,2,29.95%,5,15.93%,1,12
"4113","4113. 한국국방연구원 앞",13819,4,11.16%,2,22.97%,5,22.93%,2,13
"4719","4719. 종로문화원 건너편",13816,4,8.40%,1,25.57%,5,18.17%,1,11
"1605","1605. 헬스케어",13795,4,10.92%,2,19.60%,4,24.84%,3,13
"4517","4517. 성보하이드로빌딩",13780,4,17.44%,4,11.87%,1,28.58%,5,14
"1382","1382.래미안월곡아파트 입구",13776,4,25.35%,5,11.51%,1,24.46%,3,13
"4707","4707. 청계3가 사거리",13775,4,16.37%,4,17.47%,3,25.44%,3,14
"5513","5513. 마포음식문화거리",13759,4,15.34%,3,16.03%,3,29.25%,5,15
"1470","1470.중화동 우리은행 앞",13737,4,14.60%,3,17.26%,3,26.34%,4,14
"1229","1229. 송파체육문화회관 앞",13731,4,19.42%,4,16.72%,3,15.59%,1,12
"165","165. 중앙근린공원",13716,4,26.82%,5,12.20%,1,26.98%,4,14
"4569","4569. 힐스테이트클래시안아파트",13707,4,22.89%,5,12.19%,1,25.08%,3,13
"1384","1384.성신여대입구역 5번출구",13700,4,17.69%,4,13.41%,2,26.67%,4,14
"3528","3528. 광진정보도서관",13699,4,3.82%,1,20.88%,4,36.75%,5,14
"5155","5155.광진경찰서 앞",13690,4,24.70%,5,13.92%,2,24.86%,3,14
"2423","2423.영희초교 사거리(래미안개포루체하임)",13690,4,13.61%,3,13.51%,2,28.77%,5,14
"3119","3119.연희 브라운스톤 아파트 앞",13689,4,16.48%,4,15.50%,2,29.21%,5,15
"3775","3775. 가양오토갤러리",13689,4,18.70%,4,23.30%,5,18.80%,1,14
"777","777.신월6차보람아파트 앞",13688,4,25.46%,5,12.47%,1,24.36%,3,13
"1456","1456. 상아빌딩(우림시장 교차로)",13668,4,12.69%,3,13.05%,1,26.60%,4,12
"2080","2080. 대방지하보도(대방동경남아너스빌아파트)",13656,4,14.27%,3,21.59%,4,24.07%,2,13
"3983","3983. 금천구청역 1번 출구",13649,4,16.59%,4,29.99%,5,18.27%,1,14
"1741","1741. 제일강산수산입구",13641,3,9.56%,2,15.27%,2,27.89%,4,11
"1148","1148. 볏골공원",13638,3,29.90%,5,11.70%,1,24.80%,3,12
"2333","2333. 양재역 3번출구 주변",13629,3,13.77%,3,26.16%,5,20.46%,1,12
"2171","2171. 서울대입구역 5번출구",13601,3,7.55%,1,19.84%,4,27.34%,4,12
"2247","2247.섬들근린공원",13587,3,20.45%,4,14.85%,2,25.59%,3,12
"1651","1651. 상계동 우방유쉘아파트 앞",13585,3,13.82%,3,14.27%,2,27.48%,4,12
"4677","4677. 백련산 SK뷰 아이파크 해모로 아파트 앞",13579,3,29.63%,5,10.52%,1,24.52%,3,12
"985","985. 은평세무서 버스정류장(은평구청 방면)",13562,3,15.33%,3,16.21%,3,23.52%,2,11
"1110","1110. 공항중학교앞",13531,3,30.45%,5,9.33%,1,22.02%,2,11
"2542","2542.신논현타워 앞",13520,3,12.26%,2,22.37%,4,24.02%,2,11
"1846","1846. 롯데캐슬골드파크1차 동문",13507,3,45.33%,5,8.01%,1,19.58%,1,10
"3131","3131.연가교 교차로",13506,3,29.74%,5,10.77%,1,27.35%,4,13
"5317","5317. 공릉동 신도1차 아파트 뒤",13503,3,15.74%,3,14.57%,2,25.65%,3,11
"826","826. 서울역 서부교차로2",13492,3,26.07%,5,14.78%,2,23.72%,2,12
"6061","6061.충무아트센터",13472,3,11.88%,2,15.00%,2,20.66%,1,8
"5309","5309. 월계 롯데캐슬아파트 뒤",13461,3,20.73%,4,11.86%,1,26.68%,4,12
"916","916. 평생학습관 앞",13460,3,10.62%,2,15.99%,3,27.89%,4,12
"331","331. 을지로2가 사거리 북측",13430,3,10.96%,2,35.99%,5,10.07%,1,11
"5869","5869. 영등포아트홀 앞",13429,3,11.33%,2,19.43%,4,21.72%,2,11
"3793","3793. 더리브골드타워",13428,3,20.06%,4,30.18%,5,15.50%,1,13
"374","374. 신당동주민센터앞",13417,3,10.80%,2,21.46%,4,22.73%,2,11
"1203","1203. 밀리아나2빌딩 앞",13404,3,6.83%,1,24.65%,5,19.71%,1,10
"4588","4588.양남사거리2",13399,3,12.33%,2,30.53%,5,18.61%,1,11
"706","706. 신정네거리역",13386,3,13.33%,3,22.16%,4,24.21%,3,13
"4425","4425. 하늘채코오롱아파트 앞",13364,3,13.24%,3,13.54%,2,30.75%,5,13
"1327","1327. 상월곡역 3번출구",13352,3,14.99%,3,18.74%,4,24.96%,3,13
"5078","5078. 왈도강서캠퍼스 앞",13311,3,23.87%,5,13.87%,2,24.20%,3,13
"2086","2086.삼일수영장 앞",13302,3,29.29%,5,8.25%,1,23.21%,2,11
"454","454. 종로2가 버스정류장 (종각방향)",13297,3,10.05%,2,20.95%,4,21.87%,2,11
"1520","1520. 수유중앙시장",13286,3,10.61%,2,12.90%,1,27.98%,4,10
"457","457. 종로꽃시장 입구 옆",13257,3,19.08%,4,21.93%,4,14.78%,1,12
"1743","1743.창동19단지아파트 관리사무소앞",13231,3,19.76%,4,13.09%,1,27.59%,4,12
"276","276. 영등포로터리2",13230,3,27.91%,5,17.35%,3,23.96%,2,13
"1501","""1501. 미아역 3번,4번 출구 사이""",13223,3,8.51%,1,17.88%,3,24.72%,3,10
"3204","3204.도림고가도로 밑",13220,3,19.43%,4,15.27%,2,25.48%,3,12
"2369","2369. KT선릉타워",13217,3,10.93%,2,26.19%,5,16.76%,1,11
"2504","2504. 신사역 4번출구 뒤",13208,3,5.28%,1,25.03%,5,26.19%,4,13
"5896","5896.영등포구청역 6번출구",13206,3,17.26%,4,20.88%,4,21.19%,2,13
"4145","4145.청량리동 주민센터",13184,3,9.44%,2,18.51%,4,24.46%,3,12
"4102","4102. 휘경1동주민센터 앞",13175,3,17.47%,4,16.24%,3,27.25%,4,14
"233","233. 양평1동 YP센터 앞",13122,3,10.33%,2,34.02%,5,16.36%,1,11
"1729","1729. 도봉한신아파트 버스정류장",13121,3,9.70%,2,15.20%,2,29.24%,5,12
"359","359. 원남동사거리",13118,3,9.15%,2,21.65%,4,20.91%,1,10
"1814","1814. 두산위브아파트 옆 상가건물 앞",13116,3,30.22%,5,12.44%,1,22.42%,2,11
"1318","1318. 길음역 3번출구 뒤",13093,3,9.43%,2,19.19%,4,26.14%,4,13
"4077","4077. 도봉제1교",13076,3,8.76%,1,13.36%,2,36.31%,5,11
"150","150. 서강대역 2번출구 앞",13064,3,14.83%,3,15.80%,3,27.21%,4,13
"1277","1277. 성내7교",13060,3,20.46%,4,12.21%,1,24.51%,3,11
"143","143. 공덕역 2번출구",13057,3,15.38%,3,25.19%,5,21.80%,2,13
"3220","3220.래미안에스티움 앞 (신풍로)",13054,3,20.79%,4,13.41%,2,25.83%,3,12
"3873","3873. 동서울우편집중국 앞",13036,3,12.60%,3,17.58%,3,22.13%,2,11
"4011","4011. 월계 센트럴 아이파크",13009,3,7.21%,1,18.16%,3,23.89%,2,9
"2359","""2359. 국립국악중,고교 정문 맞은편""",13005,3,23.22%,5,14.20%,2,21.50%,2,12
"3102","3102. 연희삼거리",12997,3,17.31%,4,13.12%,1,29.00%,5,13
"3641","3641. 대청역",12978,3,16.66%,4,27.44%,5,20.19%,1,13
"674","674.고대앞사거리 교통섬",12977,3,8.10%,1,18.99%,4,23.09%,2,10
"908","908. 구산역 4번출구",12977,3,11.95%,2,16.01%,3,29.61%,5,13
"2703","2703.서울도시가스 앞",12969,3,11.81%,2,19.82%,4,27.08%,4,13
"2408","2408. 강남한양수자인아파트",12957,3,21.31%,4,14.06%,2,25.80%,3,12
"1444","1444. 면목4치안센터",12937,3,22.21%,5,11.68%,1,26.17%,4,13
"3411","3411.종묘",12914,3,14.23%,3,18.90%,4,16.77%,1,11
"1805","1805. 서울디지털운동장 앞",12908,3,20.79%,4,27.96%,5,14.63%,1,13
"241","241. 신길우성1차아파트 앞 공원",12907,3,27.16%,5,9.82%,1,24.23%,3,12
"1375","1375. 생명의 전화 종합복지관 앞 교차로",12903,3,23.96%,5,15.56%,2,20.74%,1,11
"2917","2917.신창중학교 후문 맞은편 버스정류장",12902,3,14.24%,3,11.12%,1,26.57%,4,11
"389","389. 을지로4가역 1번출구",12895,3,19.43%,4,23.41%,5,17.20%,1,13
"1809","1809. LG전자 별관동(호서대 벤처타워 맞은편)",12884,3,9.27%,2,45.54%,5,8.42%,1,11
"2303","2303. 논현역 10번출구",12864,3,14.46%,3,22.68%,5,22.56%,2,13
"1271","1271. 송파도서관",12839,3,7.07%,1,19.22%,4,29.13%,5,13
"3818","3818. 은천교회 앞",12836,3,23.76%,5,12.01%,1,27.97%,4,13
"958","958. 본 서부병원 버스정류장(은평 세무서 방면)",12835,3,15.00%,3,15.01%,2,25.38%,3,11
"5760","5760. 풍납사거리 성내유수지",12833,3,11.11%,2,20.94%,4,27.27%,4,13
"2189","2189. 봉천역 4번출구",12827,3,5.45%,1,19.41%,4,26.65%,4,12
"1808","1808. 에이스하이엔드타워8차 앞",12823,3,3.01%,1,52.68%,5,10.35%,1,10
"2540","2540.반포천 앞",12790,3,14.41%,3,21.83%,4,23.06%,2,12
"3987","3987. LG전자가산A와 가산테라타워 사이",12775,3,36.01%,5,14.77%,2,18.37%,1,11
"4873","4873. 개롱역사거리 2번 출구",12773,3,16.28%,3,19.26%,4,24.01%,2,12
"1431","1431. 중랑구청 사거리",12763,3,6.31%,1,18.99%,4,27.44%,4,12
"800","800. 목월공원 앞",12747,3,19.88%,4,18.52%,4,26.74%,4,15
"3221","3221.서울특별시 남부교육지원청",12732,3,17.50%,4,21.72%,4,19.55%,1,12
"5341","5341.공릉동효성아파트 앞",12728,3,14.97%,3,11.52%,1,27.29%,4,11
"2221","2221. 방일초교 마을버스 정류장",12727,3,10.30%,2,21.58%,4,26.12%,4,13
"4139","4139. 답십리 사거리",12724,3,17.93%,4,11.95%,1,26.12%,4,12
"3908","3908. 오류동 다숲오피스텔 앞",12723,3,20.23%,4,12.29%,1,26.67%,4,12
"3212","3212.신풍역 6번출구",12711,3,16.14%,3,13.88%,2,24.29%,3,11
"1473","1473.중랑역 1번 출구(중화문화복지센터)",12706,3,17.04%,4,20.23%,4,23.55%,2,13
"4074","4074. 도봉구육아종합지원센터(창동)",12706,3,22.52%,5,12.82%,1,25.85%,3,12
"4005","4005. 중계2차 한화꿈에그린 101동 인근",12692,3,8.75%,1,17.77%,3,28.62%,5,12
"1186","1186. 송정중학교",12691,3,23.91%,5,14.51%,2,22.38%,2,12
"4078","4078. 원당공원 앞",12676,3,19.19%,4,14.02%,2,25.39%,3,12
"199","199. 서울 월드컵 경기장",12670,3,8.69%,1,14.99%,2,34.29%,5,11
"472","472.삼일교(시그니쳐 타워)",12654,3,10.85%,2,31.77%,5,9.27%,1,11
"806","806. 전자랜드 본관 앞",12653,3,15.43%,3,22.52%,4,21.64%,2,12
"4411","4411. 동산어린이공원 앞",12632,3,22.79%,5,19.38%,4,17.74%,1,13
"736","736. 오솔길공원",12607,3,23.41%,5,14.33%,2,24.32%,3,13
"2523","2523.뉴코아 킴스클럽 앞",12604,3,12.03%,2,15.30%,2,32.54%,5,12
"1965","1965. 삼환로즈빌아파트 105동 옆",12586,3,13.85%,3,15.80%,3,27.59%,4,13
"1085","1085.래미안 솔베뉴(고덕로)",12581,3,15.34%,3,17.35%,3,24.35%,3,12
"5877","5877. 문래동 꽃밭정원",12558,3,13.44%,3,20.68%,4,26.84%,4,14
"4620","4620. 삼각지역 14번 출구 앞(교통섬)",12552,3,13.10%,3,16.08%,3,27.00%,4,13
"242","242. 신길선원가와인아파트 앞",12548,3,16.01%,3,15.56%,2,27.83%,4,12
"1937","1937. 한진아파트 입구",12538,3,18.38%,4,11.92%,1,25.80%,3,11
"3508","3508. 화양사거리",12538,3,17.57%,4,26.42%,5,20.05%,1,13
"3515","3515. 서울숲 관리사무소",12492,3,2.71%,1,16.70%,3,42.41%,5,12
"1408","1408. 먹골역 6번출구 앞",12483,3,13.63%,3,16.11%,3,25.72%,3,12
"354","354. 포르투갈 대사관 앞",12475,3,12.61%,3,18.91%,4,22.70%,2,12
"5332","5332. 마들역 4번출구",12455,3,17.68%,4,14.29%,2,25.19%,3,12
"1941","1941. 오류동역 2번출구",12450,3,19.57%,4,18.85%,4,23.01%,2,13
"249","249. 여의도중학교 옆",12449,3,6.76%,1,17.07%,3,40.77%,5,12
"1070","1070.(시립)고덕평생학습관",12432,3,8.61%,1,16.55%,3,24.83%,3,10
"932","932. 예일여중",12420,3,7.43%,1,15.72%,2,28.58%,5,11
"1127","1127. 화곡역 버스정류장",12410,3,11.87%,2,18.03%,3,25.28%,3,11
"1171","1171. 염창동 새마을금고 건너편",12401,3,20.11%,4,12.00%,1,24.63%,3,11
"4558","4558. 대영중고 후문",12390,3,21.98%,5,12.54%,1,21.88%,2,11
"2376","2376. 수서역 7번출구 앞",12379,3,11.09%,2,33.94%,5,21.18%,2,12
"4823","4823. 방정환교육지원센터 옆",12377,3,11.46%,2,14.66%,2,27.19%,4,11
"450","450. 효자동 삼거리",12377,3,19.64%,4,16.13%,3,28.02%,4,14
"511","511. 서울숲역 5번 출구 옆",12375,3,15.01%,3,22.87%,5,25.92%,3,14
"1430","1430. 중랑구청",12360,3,12.11%,2,22.24%,4,21.54%,2,11
"1461","1461.동양엔파트 앞",12358,3,5.65%,1,20.80%,4,26.88%,4,12
"2213","2213. 고속터미널역 5번출구 앞",12353,3,19.39%,4,23.58%,5,22.16%,2,14
"1061","1061. 천호초교 입구 사거리(일주빌딩)",12353,3,18.30%,4,15.46%,2,26.31%,4,13
"622","622. 전농사거리 교통섬",12344,3,12.90%,3,13.72%,2,26.74%,4,12
"5098","5098. LG사이언스파크 W4동",12338,3,41.64%,5,26.63%,5,6.78%,1,14
"544","544. 광남중학교",12333,3,19.93%,4,11.14%,1,34.67%,5,13
"1373","1373. 성북구보건소 건너편",12315,3,20.41%,4,17.56%,3,25.12%,3,13
"495","495.염리초등학교 앞",12314,3,13.32%,3,23.24%,5,20.81%,1,12
"4539","4539. 목동7단지아파트 A상가",12314,3,12.02%,2,19.34%,4,25.39%,3,12
"185","185. 마포 신수공원 앞",12295,3,16.34%,4,11.58%,1,32.59%,5,13
"2644","2644. 성내5교",12287,3,18.35%,4,14.29%,2,26.49%,4,13
"2003","2003. 사육신공원앞",12279,3,9.97%,2,14.85%,2,30.14%,5,12
"4507","4507. 신정제일시장",12278,3,15.63%,3,18.33%,3,26.60%,4,13
"175","175. 홍연2교옆",12266,3,20.73%,4,13.66%,2,27.76%,4,13
"1286","1286. 위례중앙푸르지오 1단지 앞",12255,3,10.89%,2,13.77%,2,28.00%,4,11
"1268","1268. 몽촌토성역 1번출구 옆",12250,3,12.10%,2,18.15%,3,34.56%,5,13
"2077","2077.노들역 3번출구",12249,3,21.60%,5,13.30%,1,30.26%,5,14
"832","832. 이촌1동 주민센터 뒤",12244,3,15.86%,3,18.53%,4,27.43%,4,14
"5761","5761. 버섯분수대",12230,3,13.19%,3,18.50%,3,24.55%,3,12
"401","401. 상암월드컵파크 10단지 앞",12226,3,22.26%,5,12.83%,1,25.22%,3,12
"1765","1765.쌍문역 1번출구 주변",12226,3,6.80%,1,19.91%,4,27.27%,4,12
"2411","2411. 세곡동 성당",12222,3,18.01%,4,14.16%,2,28.21%,5,14
"4016","4016. 노원 마들스타디움",12221,3,12.08%,2,13.43%,2,23.24%,2,9
"348","348. 독립문역 사거리",12220,3,27.25%,5,10.24%,1,21.46%,2,11
"4809","""4809. 동성1,2차 아파트 앞""",12197,3,11.73%,2,15.15%,2,27.26%,4,11
"846","846. 용산중학교",12192,3,14.47%,3,14.40%,2,27.31%,4,12
"2372","2372. 대치역 사거리",12182,3,13.09%,3,20.30%,4,28.71%,5,15
"3969","3969. 독산역 롯데캐슬 104동 앞",12164,3,23.62%,5,12.59%,1,25.12%,3,12
"248","248. 초원아파트 앞",12146,3,7.32%,1,24.16%,5,36.70%,5,14
"5059","5059. 화곡2동주민센터",12136,3,25.21%,5,12.50%,1,25.66%,3,12
"2103","2103. 신림동 우방아파트",12134,3,21.65%,5,14.67%,2,28.43%,5,15
"4659","4659. 신진과학기술고등학교 버스정류장(응암시장 방면)",12123,3,25.79%,5,11.29%,1,24.56%,3,12
"837","837. 한남나들목 입구",12118,3,8.48%,1,18.61%,4,33.78%,5,13
"579","579. 마장역 4번출구",12117,3,12.72%,3,14.55%,2,23.12%,2,10
"403","403. 부엉이공원 앞",12112,3,18.28%,4,17.49%,3,22.73%,2,12
"2503","2503. 반포1동 서초빌딩 앞",12111,3,17.10%,4,21.34%,4,22.02%,2,13
"1079","1079.강일동입구교차로",12108,3,25.53%,5,14.03%,2,25.01%,3,13
"1027","1027. 프라자 아파트 앞",12096,3,23.72%,5,12.06%,1,25.51%,3,12
"4886","4886. 배명고등학교 건너편",12095,3,22.92%,5,13.01%,1,24.51%,3,12
"2033","2033. 사당동 아르테스 웨딩앞",12094,3,14.35%,3,15.13%,2,25.37%,3,11
"307","307. 서울역사박물관 앞",12092,3,10.12%,2,25.83%,5,18.81%,1,11
"4042","4042. 상계문화정보도서관",12089,3,8.40%,1,21.42%,4,26.39%,4,12
"835","835. 남영역 건너편",12073,3,12.73%,3,18.78%,4,24.23%,3,13
"3683","3683. KT&G강동지사",12046,3,16.06%,3,17.34%,3,24.82%,3,12
"2387","2387. 래미안강남힐즈 사거리",12037,3,13.21%,3,15.07%,2,27.37%,4,12
"4828","4828. 신내동 한살림 중랑지구 앞",12029,3,24.59%,5,12.95%,1,24.30%,3,12
"2277","2277. 길마중4교 하부",12019,3,14.76%,3,17.44%,3,25.58%,3,12
"1706","1706. 방학동우체국 건너편",12018,3,11.73%,2,17.16%,3,23.77%,2,10
"4303","4303. 매헌역 2번출구앞광역버스 정류장앞(22-297)",12014,3,19.73%,4,22.91%,5,17.45%,1,13
"4718","4718. 광화문역 6번출구 옆 A",12010,3,14.42%,3,25.20%,5,16.54%,1,12
"4793","4793. 동대문역사문화공원역 5번출구",12010,3,10.63%,2,24.11%,5,20.25%,1,11
"2185","2185. 대학동 고시촌",11997,3,14.35%,3,13.40%,2,28.98%,5,13
"318","318. 광교사거리 남측",11992,3,9.53%,2,28.65%,5,17.30%,1,11
"3989","3989.가산디지털단지역 9번출구 앞",11985,3,29.75%,5,25.23%,5,11.36%,1,14
"4255","4255. 래미안 루센티아 아파트 108동 앞",11979,3,18.32%,4,12.14%,1,27.84%,4,12
"2538","2538.사평리근린공원",11950,3,10.54%,2,19.05%,4,32.31%,5,14
"1709","1709. 쌍문역4번출구 주변",11945,3,8.84%,1,28.77%,5,22.44%,2,11
"4880","4880. 송파청소년센터",11932,3,25.65%,5,11.88%,1,23.50%,2,11
"4039","4039. 서울시 북부여성발전센터",11916,3,11.48%,2,16.02%,3,22.00%,2,10
"4618","4618. 풍전아파트 건너편",11913,3,14.67%,3,31.27%,5,17.69%,1,12
"2195","2195.은천교회",11899,3,21.79%,5,11.56%,1,28.14%,4,13
"4843","4843. 봉화산역 4번 출구",11892,3,11.10%,2,17.03%,3,29.15%,5,13
"1187","1187. 강서수산물도매시장",11874,3,11.51%,2,22.79%,5,20.77%,1,11
"2302","2302. 교보타워 버스정류장(신논현역 3번출구 후면)",11872,3,9.28%,2,21.04%,4,23.80%,2,11
"2016","2016. 신대방삼거리역 3번출구쪽",11857,3,17.67%,4,13.27%,1,27.74%,4,12
"4002","4002. 상계주공 14단지 상가 앞",11857,3,19.38%,4,12.29%,1,28.21%,5,13
"1983","1983. 구로동롯데아파트",11853,3,19.19%,4,12.15%,1,25.45%,3,11
"341","341. 혜화역 3번출구 뒤",11841,3,15.62%,3,16.18%,3,22.87%,2,11
"321","321. KEB 하나금융그룹 명동사옥 옆",11834,3,10.77%,2,22.24%,4,17.74%,1,10
"437","437. 대흥역 1번출구",11831,3,9.20%,2,21.34%,4,26.26%,4,13
"510","510. 뚝도아리수정수센터 버스정류소 옆",11830,3,5.00%,1,20.26%,4,38.73%,5,13
"807","807. 서울역 12번 출구 앞",11821,3,17.45%,4,24.58%,5,21.76%,2,14
"4895","4895. 송파레이크힐 상가",11818,3,14.83%,3,18.67%,4,24.96%,3,13
"4591","4591. 신길자이아파트",11808,3,20.79%,4,12.34%,1,29.01%,5,13
"1036","1036. 고덕동 주양쇼핑",11788,3,8.68%,1,18.37%,3,29.25%,5,12
"1771","1771.성원APT버스정류소",11776,3,16.70%,4,12.79%,1,27.07%,4,12
"1506","1506. 강북문화예술회관",11770,3,17.17%,4,13.10%,1,24.26%,3,11
"740","740. 으뜸공원",11766,3,28.78%,5,11.54%,1,22.83%,2,11
"5756","5756. 극동아파트",11761,3,19.11%,4,19.34%,4,20.41%,1,12
"4914","4914. 도심공항타워 앞",11745,3,5.05%,1,32.41%,5,22.02%,2,11
"553","553. 중곡 성원아파트 앞",11744,3,14.83%,3,16.58%,3,26.96%,4,13
"4023","4023. 월계역 1번 출구",11736,3,12.38%,2,18.18%,3,24.14%,3,11
"656","656. 영휘원 교차로",11728,3,19.03%,4,18.47%,3,22.64%,2,12
"4360","4360. 르노삼성자동차 성수사업소 앞",11719,3,15.21%,3,41.08%,5,13.06%,1,12
"286","286. 우성아파트 교차로",11709,3,16.24%,3,22.26%,4,22.00%,2,12
"742","742. 등촌역 5번 출구 뒤",11708,3,12.62%,3,15.52%,2,27.49%,4,12
"3405","3405.파크팰리스",11694,3,25.64%,5,15.17%,2,22.08%,2,12
"2505","2505. 우성아파트사거리 (기업은행앞)",11693,3,6.56%,1,26.55%,5,19.61%,1,10
"4110","4110. 용두롯데캐슬리치아파트 앞",11686,3,12.43%,2,15.09%,2,25.72%,3,10
"2403","2403. 공무원연금매점 교차로 (개포주공9단지 입구)",11674,3,19.68%,4,16.59%,3,28.42%,5,15
"2104","2104. 사당역 5번출구",11670,3,6.00%,1,19.42%,4,28.29%,5,13
"1372","1372. KEB은행 고대점",11668,3,3.83%,1,19.17%,4,24.34%,3,11
"1775","1775.신원리베르텔 앞",11666,3,4.33%,1,19.75%,4,25.89%,3,11
"594","594. 중랑물재생센터(서울새활용플라자)",11656,3,5.09%,1,44.76%,5,11.94%,1,10
"2085","2085.강남중학교 앞",11651,3,19.43%,4,15.13%,2,25.57%,3,12
"2090","2090.기아자동차 사당점 앞",11640,3,23.87%,5,13.93%,2,26.13%,4,14
"3665","3665. 고덕센트럴 아이파크상가 앞",11621,3,16.60%,4,11.07%,1,26.31%,4,12
"4867","4867. 가락대림아파트 앞",11611,3,18.93%,4,16.60%,3,24.44%,3,13
"4549","4549.목동4단지아파트",11606,3,16.47%,4,14.30%,2,29.36%,5,14
"3925","3925. 중앙유통단지 앞 B",11597,3,3.47%,1,41.97%,5,6.36%,1,10
"4674","4674. 녹번역e편한세상 캐슬 정문 앞",11594,3,13.95%,3,17.16%,3,27.53%,4,13
"805","805. 문배어린이공원 앞",11571,3,19.69%,4,13.68%,2,24.39%,3,12
"4018","4018. 상계주공15단지 버스정류소",11559,3,16.73%,4,17.52%,3,25.33%,3,13
"2111","2111. 서울대입구역 1번출구",11556,3,8.10%,1,15.93%,3,27.80%,4,11
"2642","2642.마천동 성내천 쉼터",11554,3,17.23%,4,10.97%,1,27.32%,4,12
"2308","2308. 압구정파출소 앞",11530,3,8.66%,1,22.79%,5,25.57%,3,12
"5857","5857. U레지던스 앞",11526,3,31.09%,5,11.05%,1,25.47%,3,12
"4629","4629. 한강초교보도육교 앞",11521,3,4.98%,1,22.26%,4,30.56%,5,13
"5872","5872. 서경팰리스 앞",11505,3,14.82%,3,14.13%,2,23.78%,2,10
"1178","1178. 개화산역 2번 출구",11504,3,14.33%,3,18.93%,4,25.92%,3,13
"661","661. 경희대학교 청운관",11502,3,5.90%,1,24.87%,5,19.43%,1,10
"1396","1396.래미안장위퍼스트하이(513동)",11497,3,21.74%,5,14.48%,2,26.10%,4,14
"672","672.대광고등학교",11493,3,14.70%,3,14.04%,2,23.12%,2,10
"3988","3988. 엘아르베뉴 102동 앞",11476,3,24.90%,5,23.81%,5,18.02%,1,14
"962","962. 은평뉴타운엘크루 앞",11463,3,3.75%,1,17.46%,3,29.12%,5,12
"3980","3980. 금천현대홈타운 후문 서부샛길",11442,3,30.74%,5,13.04%,1,21.85%,2,11
"2914","2914.서울과학기술대학교(미래관)",11420,3,3.72%,1,29.55%,5,11.37%,1,10
"1361","1361. 홍익중고 입구",11409,3,20.48%,4,12.55%,1,25.51%,3,11
"181","181. 망원초록길 입구",11406,3,6.51%,1,14.92%,2,40.16%,5,11
"3959","3959. 시흥사거리(시흥동 994-3 앞)",11404,3,22.96%,5,17.67%,3,24.26%,3,14
"4825","4825. 신내동 벽산아파트 후문 앞",11392,3,24.45%,5,11.84%,1,23.85%,2,11
"2706","2706.강서공업고등학교 앞",11377,3,23.48%,5,14.60%,2,25.79%,3,13
"399","399. 서울역 센트럴 자이아파트",11371,3,28.58%,5,17.41%,3,22.36%,2,13
"4499","4499. 세양청마루 101동 앞",11364,3,23.00%,5,13.62%,2,25.18%,3,13
"1953","1953. 천왕역 4번출구 뒤",11356,3,15.64%,3,22.39%,4,21.81%,2,12
"1557","1557.신창교",11349,3,13.75%,3,15.57%,2,25.50%,3,11
"170","170. DMC파크뷰자이아파트 302동 앞",11341,3,25.52%,5,11.62%,1,29.13%,5,14
"4478","4478. 문정근린공원2",11338,3,19.10%,4,13.08%,1,22.23%,2,10
"4530","4530. 방아다리어린이공원",11328,3,13.44%,3,14.25%,2,26.99%,4,12
"5860","5860. 어울림병원 앞",11301,3,24.59%,5,11.93%,1,25.13%,3,12
"1565","1565.수유사거리",11298,3,9.47%,2,17.56%,3,26.67%,4,12
"2091","2091. 이수역9번출구",11298,3,7.89%,1,21.40%,4,25.28%,3,11
"552","552. 대림아크로리버 앞",11289,3,11.65%,2,14.08%,2,28.65%,5,12
"2012","2012. 대림사거리(동작상떼빌아파트)",11287,3,14.03%,3,18.75%,4,24.72%,3,13
"4208","4208. 스타벅스(동교동) 앞",11283,3,3.73%,1,28.06%,5,25.79%,3,12
"739","739. 신월사거리",11282,3,18.69%,4,14.20%,2,18.78%,1,10
"2511","2511. 이수역 6번출구 앞",11265,3,16.08%,3,20.28%,4,22.92%,2,12
"4887","4887. 호돌이상가",11260,3,18.09%,4,19.90%,4,23.66%,2,13
"4427","4427. 동일하이빌뉴시티",11259,3,11.49%,2,17.77%,3,27.15%,4,12
"762","762. 오목로 무중력지대 앞",11248,3,5.65%,1,20.22%,4,29.63%,5,13
"182","182. 망원2빗물펌프장 앞",11246,3,9.99%,2,15.55%,2,36.81%,5,12
"2324","2324. 천주교 대치 2동 교회 옆",11226,3,8.94%,1,20.72%,4,27.17%,4,12
"984","984.상신초등학교앞 버스정류장",11224,3,19.18%,4,12.25%,1,26.80%,4,12
"752","752. 성원2차 아파트",11184,3,25.02%,5,14.10%,2,25.04%,3,13
"4138","4138. 조일빌딩 앞",11177,3,22.53%,5,17.62%,3,23.04%,2,13
"2191","2191.대학동주민센터",11176,3,12.14%,2,14.48%,2,27.44%,4,11
"346","346. 맥스타일 앞",11168,3,5.05%,1,19.05%,4,21.01%,2,10
"2179","2179. 양녕로 입구",11162,3,8.90%,1,15.71%,2,30.44%,5,11
"1533","""1533. 번동 주공3, 4단지 교차로""",11161,3,11.58%,2,16.69%,3,26.17%,4,12
"1722","1722. 창동청소년수련관",11154,3,16.43%,4,14.63%,2,18.97%,1,10
"2409","2409. 역삼동 디오슈페리움 (우성아파트 사거리)",11139,3,9.63%,2,25.38%,5,19.78%,1,11
"3587","3587.우성식품 앞",11133,3,21.14%,4,12.40%,1,25.77%,3,11
"743","743. 현대6차아파트 101동 옆",11126,3,17.55%,4,14.26%,2,17.65%,1,10
"2603","2603. 송파 글마루 도서관",11110,3,16.54%,4,12.83%,1,25.38%,3,11
"4406","4406. 장곡초등학교 앞",11107,3,15.31%,3,12.57%,1,25.36%,3,10
"300","300. 정동사거리",11090,3,23.30%,5,20.26%,4,17.29%,1,13
"4643","4643. 한가람아파트 앞",11069,3,8.22%,1,15.36%,2,37.12%,5,11
"4062","4062. 평화도봉공원 주변",11042,3,13.07%,3,17.29%,3,26.62%,4,13
"4803","4803. 상봉2동 주민센터 앞",11038,3,16.02%,3,15.13%,2,24.23%,3,11
"2823","2823.중앙유통단지 앞",11029,3,7.43%,1,33.18%,5,12.02%,1,10
"519","519. 양지사거리",11022,3,15.86%,3,20.30%,4,23.28%,2,12
"5314","5314. 월계1동주민센터 앞",11017,3,12.38%,2,15.46%,2,24.57%,3,10
"4224","4224. 서부운전면허시험장",11013,3,19.73%,4,15.12%,2,21.26%,2,11
"6190","6190.마곡광장(마곡나루역 6번출구)",11011,3,30.66%,5,22.30%,4,18.50%,1,13
"3803","3803. 남서울중학교",11009,3,17.82%,4,14.08%,2,24.67%,3,12
"2819","2819.하늘숲초등학교 앞",11000,3,25.68%,5,14.01%,2,21.80%,2,12
"1961","1961. 신도림테크노근린공원",10996,3,12.88%,3,34.50%,5,21.51%,2,13
"537","537. 한양대후문역 부근",10996,3,9.40%,2,14.65%,2,28.03%,4,11
"852","852. 청암자이아파트 앞",10973,3,15.83%,3,16.79%,3,29.67%,5,14
"2415","2415.한티역 롯데백화점 앞",10961,3,7.74%,1,19.93%,4,27.69%,4,12
"1322","1322. 래미안라센트아파트 103동 앞",10956,3,23.10%,5,9.10%,1,25.59%,3,12
"3628","3628. 역삼1동 주민센터",10955,3,8.13%,1,25.26%,5,21.43%,2,11
"5076","5076. 메이필드호텔앞",10944,3,6.30%,1,53.51%,5,10.43%,1,10
"5876","5876. 에이스하이테크시티 4동 앞",10934,3,4.72%,1,41.28%,5,13.12%,1,10
"4520","4520. 대성유니드아파트",10927,3,20.86%,4,14.62%,2,24.67%,3,12
"3417","3417.창신3동주민센터",10906,3,18.67%,4,12.88%,1,23.25%,2,10
"2633","2633.송파학사 옆",10898,3,17.02%,4,14.25%,2,32.70%,5,14
"2410","2410. 포스코피앤에스타워 (역삼역 3번출구 부근)",10872,3,13.15%,3,28.61%,5,15.68%,1,12
"1068","1068.명일파출소",10866,3,10.58%,2,18.66%,4,24.94%,3,12
"2175","2175. 신림동걷고싶은문화의거리입구",10858,3,6.71%,1,13.80%,2,28.77%,5,11
"1806","1806. 에이스하이엔드타워9차 앞",10856,3,11.72%,2,48.25%,5,12.04%,1,11
"817","817. 삼각지역 4번출구 앞",10850,3,18.13%,4,13.63%,2,27.86%,4,13
"2920","2920.상계중학교(당현2교사거리)",10848,3,12.57%,2,15.59%,2,29.29%,5,12
"1016","1016. 해뜨는 주유소옆 리엔파크 109동앞",10841,3,16.18%,3,16.10%,3,25.62%,3,12
"2276","2276. 영동1교 (양재천근린공원)",10831,3,10.98%,2,19.27%,4,32.06%,5,14
"2206","2206. 언남초등학교 앞",10816,3,25.15%,5,15.67%,2,21.27%,2,12
"4084","4084. 도봉동실내스포츠센터",10806,3,14.83%,3,14.77%,2,24.25%,3,11
"1916","1916. 구로중학교앞",10796,3,20.18%,4,15.54%,2,25.26%,3,12
"485","485.서울역5번출구",10784,3,17.36%,4,26.47%,5,19.38%,1,13
"3812","3812. KT관악지점",10780,3,12.89%,3,12.80%,1,26.42%,4,11
"5090","5090. 대상연구소",10772,3,4.31%,1,52.27%,5,9.07%,1,10
"5329","5329. 상계주공15단지 1509동 앞",10750,3,21.74%,5,13.85%,2,22.74%,2,12
"3529","3529. 어린이대공원정문",10747,3,13.95%,3,17.97%,3,28.58%,5,14
"4226","4226. 마포프레스티지자이 1",10746,3,25.32%,5,13.81%,2,23.98%,2,12
"2912","2912.대진고등학교",10737,3,7.27%,1,15.00%,2,31.27%,5,11
"3516","3516. 구의아리수정수센터앞",10725,3,28.59%,5,11.29%,1,24.52%,3,12
"1639","1639. 희성오피앙",10723,3,14.51%,3,16.51%,3,27.53%,4,13
"4791","4791. 명동역9번 출구",10705,3,15.84%,3,19.50%,4,24.90%,3,13
"828","828. 숙대입구역 8번",10703,3,8.30%,1,17.80%,3,27.09%,4,11
"1395","1395.래미안장위포레카운티(102동)",10703,3,19.56%,4,13.31%,1,28.71%,5,13
"1514","1514. 강북구청 사거리 버스정류소 앞",10688,3,7.85%,1,17.18%,3,24.77%,3,10
"4211","4211. 시석빌딩 앞",10687,3,2.75%,1,18.30%,3,34.93%,5,12
"1196","1196. 서울식물원(문화센터) 건너편",10682,3,18.66%,4,37.47%,5,11.70%,1,13
"2082","2082.7호선 이수역7번출구",10674,3,10.31%,2,21.42%,4,23.78%,2,11
"836","836. 현대자동차서비스 앞",10669,3,6.21%,1,23.94%,5,32.23%,5,14
"1690","1690. 도봉운전면허시험장 버스정류장 옆",10666,3,12.39%,2,16.59%,3,21.84%,2,10
"673","673.안암골벽산아파트(후문)",10658,3,12.17%,2,16.16%,3,25.73%,3,11
"5335","5335. 하계역 1번 출구",10653,3,8.67%,1,23.05%,5,24.42%,3,12
"445","445.대한상공회의소",10651,3,8.64%,1,36.16%,5,11.57%,1,10
"301","301. 경복궁역 7번출구 앞",10633,3,20.61%,4,12.80%,1,22.46%,2,10
"5894","5894.영등포세무서",10628,3,9.06%,1,29.82%,5,18.48%,1,10
"3425","3425.광화문 풍림스페이스본 1단지앞",10620,3,25.39%,5,12.31%,1,22.82%,2,11
"5775","5775. 가락시장역 5번출구",10615,3,13.52%,3,23.01%,5,18.72%,1,12
"4008","4008. 하계 어린이 공원",10586,3,18.62%,4,14.53%,2,26.59%,4,13
"1526","1526. 강북종합시장 앞",10582,3,13.40%,3,12.69%,1,26.43%,4,11
"379","379. 서울역9번출구",10565,3,13.88%,3,23.99%,5,22.39%,2,13
"3985","3985. 디폴리스 지식산업센터",10542,3,7.69%,1,55.41%,5,11.34%,1,10
"464","464. 삼청동 골목",10526,3,14.54%,3,15.29%,2,21.60%,2,10
"586","586. 마장동 주민센터",10523,3,26.61%,5,8.82%,1,25.92%,3,12
"637","637. KAIST 경영대학 앞",10510,3,8.05%,1,20.58%,4,21.70%,2,10
"4636","4636. 용산구꿈나무종합타운 앞",10501,3,12.48%,2,17.30%,3,26.25%,4,12
"640","640. 동대문경찰서 교차로",10493,3,19.93%,4,15.87%,3,23.53%,2,12
"506","506. 금호 어울림 아파트 앞",10487,3,6.55%,1,40.87%,5,17.86%,1,10
"4350","4350.누리숲어린이공원 앞",10485,3,13.59%,3,19.12%,4,26.02%,3,13
"3547","3547.상왕십리역 6번 출입구",10469,3,8.70%,1,21.70%,4,26.34%,4,12
"2547","2547. 반포래미안 리오센트",10468,3,16.72%,4,17.50%,3,27.41%,4,14
"5328","5328.롯데캐슬시그니처아파트 앞",10466,3,18.79%,4,14.87%,2,24.07%,2,11
"441","441.염천교사거리",10454,3,13.87%,3,35.25%,5,9.61%,1,12
"1302","1302. 한성대입구역6번출구 뒤",10454,3,18.59%,4,14.63%,2,24.38%,3,12
"128","128. 신촌역(2호선) 1번출구 옆",10442,3,10.09%,2,22.66%,5,24.54%,3,13
"4576","4576.보라매sk뷰 108동 앞",10440,3,26.08%,5,12.09%,1,23.64%,2,11
"2105","2105. 미성동 신림체육센터",10436,3,17.09%,4,11.96%,1,25.21%,3,11
"4545","4545. 청소년음악센터",10422,3,13.91%,3,10.21%,1,23.79%,2,9
"3801","3801. 이랜드글로벌R&D센터",10415,3,3.46%,1,55.00%,5,8.29%,1,10
"1145","1145. 곰달래 문화복지센터 B",10410,3,12.28%,2,13.02%,1,28.12%,4,10
"1930","1930. 개봉지구대 개봉치안센터",10408,3,21.90%,5,12.77%,1,24.08%,2,11
"461","461. 서울경찰청",10395,3,23.50%,5,16.96%,3,18.86%,1,12
"3718","3718. 번동3단지 버스정류장",10377,3,9.61%,2,18.70%,4,27.55%,4,13
"1469","1469.먹골역 4번출구",10370,3,13.02%,3,18.14%,3,25.95%,3,12
"1540","1540. 가오리역",10362,3,12.43%,2,16.55%,3,27.52%,4,12
"1332","1332. 석계역 5번출구 건너편",10358,3,9.51%,2,16.71%,3,27.58%,4,12
"5318","5318. 극동의 푸른별 아파트 뒤(중계4동주민센터 앞)",10356,3,24.10%,5,9.96%,1,21.39%,2,11
"1339","1339. 삼성전자서비스 성북센터",10355,3,15.00%,3,15.01%,2,24.58%,3,11
"5506","5506. 월드컵참누리아파트",10353,3,23.59%,5,13.42%,2,26.18%,4,14
"3505","3505. 신양초교앞 교차로",10351,3,10.36%,2,14.72%,2,29.04%,5,12
"5764","5764. 한국체육대학교",10341,3,6.28%,1,21.51%,4,29.36%,5,13
"3786","3786. 강서힐스테이트 상가 앞",10332,3,12.85%,3,16.14%,3,26.46%,4,13
"1468","1468.먹골역 7번 출구",10327,3,10.72%,2,16.20%,3,26.58%,4,12
"6176","6176. 유광사 여성병원 앞",10313,3,15.22%,3,15.75%,2,26.18%,4,12
"526","526. 용답토속공원 앞",10309,3,17.40%,4,35.90%,5,11.14%,1,13
"2315","2315. 봉은사역 5번출구 옆",10303,3,13.24%,3,29.06%,5,21.32%,2,13
"1464","1464.중화역 4번출구",10298,3,10.21%,2,17.74%,3,27.52%,4,12
"4463","4463. 방이역 2번 출구",10239,3,18.32%,4,16.00%,3,25.25%,3,13
"6178","6178. 마스터밸류에이스 지식산업센터",10230,3,6.65%,1,31.05%,5,22.13%,2,11
"1869","1869.롯데캐슬골드파크3차 301동 앞",10226,3,31.28%,5,10.79%,1,19.37%,1,10
"2655","2655.송이공원",10223,3,17.38%,4,14.81%,2,28.01%,4,13
"115","115. 마스타 빌딩 앞",10221,3,11.30%,2,14.61%,2,27.25%,4,11
"440","440. 하늘공원 입구",10210,3,2.67%,1,17.00%,3,48.90%,5,12
"3558","3558.마장동 금호어울림APT앞",10192,3,14.06%,3,13.98%,2,28.39%,5,13
"4269","4269. 연희IC 남측",10190,3,10.45%,2,15.72%,2,28.52%,5,12
"4826","4826. 홈플러스 면목점",10181,3,15.98%,3,13.73%,2,25.16%,3,11
"782","782.서남병원 후문",10178,3,24.68%,5,16.62%,3,22.06%,2,13
"191","191. 서우빌딩",10164,3,19.51%,4,11.97%,1,24.95%,3,11
"3103","3103. 홍제삼거리 북측",10152,3,12.99%,3,15.34%,2,27.80%,4,12
"1217","1217. 송파파인타운 7단지",10147,3,12.92%,3,17.40%,3,26.87%,4,13
"3207","3207.양남사거리1",10140,3,13.93%,3,26.56%,5,17.41%,1,12
"3520","3520. 광진경찰서",10109,3,21.67%,5,13.37%,2,23.93%,2,12
"4860","4860. 가락쌍용2차아파트 103동",10107,3,13.61%,3,18.53%,4,28.39%,5,15
"3815","3815. 광일빌딩",10089,3,18.46%,4,11.01%,1,28.06%,4,12
"4123","4123. 배봉초교 교차로",10082,3,15.80%,3,22.22%,4,24.52%,3,13
"3123","3123.DMC파크뷰자이1단지 110동 앞",10077,3,20.39%,4,12.98%,1,29.02%,5,13
"353","353. 재동초교 앞 삼거리",10076,3,8.68%,1,21.70%,4,29.30%,5,13
"1828","1828. 독산동 한양수자인아파트 앞",10066,3,28.36%,5,12.64%,1,21.24%,2,11
"4320","4320. 비석공원",10056,3,12.20%,2,23.61%,5,27.40%,4,14
"925","925. 불광역 2번출구",10055,3,7.89%,1,21.76%,4,25.21%,3,11
"122","122. 신성기사식당 앞",10037,3,17.11%,4,15.15%,2,26.90%,4,13
"1719","1719. 신도봉사거리 버스정류장",10031,3,15.56%,3,17.91%,3,25.21%,3,12
"2606","2606. 위례동주민센터",10029,3,20.18%,4,18.93%,4,25.24%,3,14
"4133","4133.래미안허브리츠아파트 앞",10028,3,15.48%,3,17.60%,3,24.89%,3,12
"2390","2390. 구룡마을 입구 (래미안블레스티지 아파트)",10020,3,18.51%,4,12.39%,1,26.71%,4,12
"5342","5342. 상계공원 입구",10017,3,21.89%,5,12.43%,1,26.59%,4,13
"4367","4367. kt 행당빌딩 앞",10010,3,10.29%,2,15.77%,3,27.02%,4,12
"344","344. 성균관대 E하우스 앞",10002,3,17.60%,4,13.23%,1,23.54%,2,10
"2212","2212.서초현대4차아파트 201동 맞은편",9986,3,20.80%,4,12.77%,1,26.99%,4,12
"520","520. 상왕십리역 4번 출구 앞",9981,3,15.17%,3,19.17%,4,22.29%,2,12
"3311","3311.서울대입구역 4번 출구",9954,3,5.82%,1,20.86%,4,25.97%,3,11
"4146","4146.이삭어린이공원",9952,3,17.31%,4,18.86%,4,26.09%,4,15
"1429","1429. 장안중학교",9947,3,11.64%,2,15.86%,3,26.36%,4,12
"1734","1734. 쌍문현대1차아파트 108동 앞",9945,3,23.35%,5,10.87%,1,27.12%,4,13
"2089","2089.사당역10번출구(금강빌딩)",9939,3,10.80%,2,16.18%,3,25.98%,3,11
"387","387. 훈련원공원주차장 앞",9927,3,10.03%,2,22.25%,4,22.55%,2,11
"4025","4025. 한천교 동편",9920,3,10.75%,2,14.39%,2,33.36%,5,12
"4147","4147.청량리역광장",9912,3,12.31%,2,19.65%,4,27.39%,4,13
"4370","4370. 성동교 사거리",9904,3,4.99%,1,34.40%,5,19.98%,1,10
"2550","2550.양재동 꽃시장 건너편",9901,3,15.81%,3,25.12%,5,20.03%,1,12
"1403","1403. 중화빌딩 앞 (동부시장)",9897,3,6.92%,1,19.51%,4,29.07%,5,13
"4573","4573. 두산위브아파트",9880,3,30.45%,5,12.46%,1,26.83%,4,13
"1735","""1735. 도봉역 1,2번 출구사이 건너편""",9878,3,16.48%,4,17.69%,3,25.21%,3,13
"4653","4653. 불광역 9번 출구 맞은편",9873,3,9.81%,2,16.58%,3,25.22%,3,11
"1170","1170. 강서구보건소",9850,3,12.06%,2,15.41%,2,25.09%,3,10
"4105","4105. 서울교통공사사거리 교통섬",9847,3,16.37%,4,25.99%,5,16.59%,1,13
"5753","5753. 호반써밋",9845,3,18.09%,4,16.96%,3,25.41%,3,13
"4603","4603. 한강GS에클라트 건너편 교통섬",9841,3,17.54%,4,22.16%,4,22.68%,2,13
"2241","2241.양재전화국 사거리",9826,3,13.97%,3,25.17%,5,24.38%,3,14
"2420","2420.학여울역 사거리(LG베스트샵 앞)",9816,3,31.18%,5,19.51%,4,23.31%,2,14
"4846","4846. 상봉동양엔파트 앞",9795,3,12.71%,3,12.69%,1,25.39%,3,10
"5759","5759. 풍납근린공원",9784,3,10.37%,2,21.39%,4,26.56%,4,13
"5330","5330. 구립수락노인종합복지관",9782,3,20.50%,4,16.14%,3,23.96%,2,12
"4212","4212. 한화오벨리스크 앞",9776,3,24.50%,5,12.84%,1,25.57%,3,12
"4117","4117. 휘경119안전센터 앞",9765,3,12.02%,2,18.38%,3,26.12%,4,12
"285","285. 콤텍시스템 앞",9747,3,12.15%,2,24.89%,5,22.37%,2,12
"408","408. LG CNS앞",9744,3,7.38%,1,35.32%,5,11.63%,1,10
"1553","1553.서울북부고용노동지청",9738,3,12.14%,2,15.60%,2,27.68%,4,11
"105","105. 합정역 5번출구 앞",9733,3,5.63%,1,21.18%,4,29.71%,5,13
"1340","1340. 광운초등학교 앞",9728,3,31.29%,5,11.52%,1,22.01%,2,11
"4710","4710. 자교교회 앞",9727,3,18.40%,4,14.26%,2,26.12%,4,13
"3420","3420. 성균관대입구 사거리 B",9725,3,9.19%,2,16.50%,3,26.70%,4,12
"4485","4485. 잠실나루역 고가하부",9718,3,8.07%,1,23.16%,5,27.11%,4,13
"617","617. 청솔우성아파트 앞",9715,3,24.99%,5,9.79%,1,25.16%,3,12
"4689","4689. 은평서해그랑블아파트앞",9707,3,22.23%,5,13.21%,1,25.89%,3,12
"4962","4962.고덕비즈밸리 디엠스퀘어 앞",9689,3,2.03%,1,48.08%,5,12.79%,1,10
"195","195. 모래내고가차도",9683,3,17.60%,4,12.99%,1,26.26%,4,12
"3552","3552.서울숲 공영주차장앞",9673,3,2.23%,1,15.49%,2,47.93%,5,11
"6180","6180.양천향교역 3번출구",9660,3,19.54%,4,18.37%,3,23.67%,2,12
"1833","1833. 독산역 1번출구 A",9657,3,31.42%,5,15.29%,2,18.29%,1,11
"5313","5313. 중계주공2단지 앞",9656,3,14.11%,3,12.79%,1,30.22%,5,12
"156","156. 서울서부지방법원 앞",9651,3,10.76%,2,24.56%,5,21.33%,2,12
"3707","3707. 드래곤타워 앞",9643,3,16.87%,4,14.94%,2,25.21%,3,12
"430","430. 장충동먹자골목 앞",9620,3,14.33%,3,19.14%,4,22.69%,2,12
"3963","3963. 에이스 하드웨어(시흥대로 396) 앞",9611,3,28.28%,5,13.73%,2,20.57%,1,11
"251","251. 서울지방병무청 버스정류장",9599,3,11.28%,2,17.44%,3,25.87%,3,11
"2654","2654.올림픽선수촌아파트 136동 앞",9591,3,16.03%,3,14.68%,2,25.58%,3,11
"2514","2514.사평역 2번출구",9591,3,19.16%,4,19.03%,4,23.62%,2,13
"394","394. 경희궁 자이 3단지",9589,3,29.27%,5,21.91%,4,16.68%,1,13
"5310","5310. 목련아파트",9588,3,25.39%,5,12.54%,1,20.21%,1,10
"2427","2427.개포고등학교 정문앞",9584,3,14.23%,3,16.59%,3,25.28%,3,12
"3816","3816. 관악 GSfresh",9580,3,21.56%,5,14.48%,2,24.33%,3,13
"982","982. 녹번초등학교(서오릉로)",9574,3,15.82%,3,15.87%,3,26.02%,3,12
"5758","5758. 올림픽선수기자촌아파트 123동 근처",9566,3,15.03%,3,12.80%,1,29.17%,5,12
"390","390. 충무로역 1번출구",9565,3,10.35%,2,24.15%,5,20.82%,1,11
"3551","3551.성동도로사업소",9564,3,6.89%,1,29.09%,5,12.19%,1,10
"4274","4274. 신촌 파랑고래 입구",9558,3,5.41%,1,15.82%,3,29.85%,5,12
"332","332. 을지로2가 사거리 남측",9537,3,17.26%,4,20.81%,4,14.09%,1,12
"4544","4544.경창시장",9529,3,24.50%,5,16.32%,3,22.99%,2,13
"4902","4902. 구역삼세무서 교차로",9528,3,14.11%,3,28.20%,5,15.53%,1,12
"4842","4842. 면목라온프라이빗 아파트",9522,3,25.64%,5,10.59%,1,26.69%,4,13
"1060","1060. 천일초교 사거리",9520,3,14.13%,3,17.55%,3,26.79%,4,13
"1659","1659. 중계동 을지중학교",9519,3,15.33%,3,11.32%,1,28.35%,5,12
"930","930. 구 서부경찰서 건너편",9508,3,16.56%,4,19.49%,4,25.40%,3,14
"1560","1560. 도봉세무서 앞",9499,3,8.46%,1,17.77%,3,25.93%,3,10
"813","813. 삼각지역 3번출구",9498,3,6.80%,1,14.49%,2,33.01%,5,11
"5067","5067. 주원 리젠트 앞",9497,3,23.60%,5,11.40%,1,23.26%,2,11
"3543","3543. 세종대학교(학술정보원)",9494,3,3.96%,1,23.29%,5,16.22%,1,10
"1247","1247. 문정 법조단지11",9491,3,10.83%,2,22.54%,4,27.03%,4,13
"2301","2301. 현대고등학교 건너편",9467,3,4.35%,1,20.72%,4,34.13%,5,13
"4216","4216. 망원정 앞",9464,3,22.77%,5,14.77%,2,29.60%,5,15
"2170","2170. 조원동 강남힐병원",9463,3,24.34%,5,11.20%,1,26.09%,4,13
"714","714. 한국SGI 양천문화회관 앞",9460,3,23.01%,5,16.33%,3,23.42%,2,13
"452","452. 동대문 종합시장 버스정류장",9452,3,12.53%,2,18.49%,3,21.52%,2,10
"4552","4552. 코레일유통본사",9434,3,19.42%,4,27.50%,5,9.70%,1,13
"4175","4175. 대방역2번출구",9432,3,11.58%,2,19.83%,4,23.46%,2,11
"2009","2009. 보라매역 8번출구",9423,3,9.44%,2,18.08%,3,26.65%,4,12
"1402","1402. 금란주차장 앞",9420,3,14.86%,3,12.78%,1,25.89%,3,10
"1976","1976. 남구로역 5번 출입구 앞",9419,3,21.78%,5,17.86%,3,17.17%,1,12
"3912","3912. 삼호아파트 앞",9413,3,10.85%,2,14.20%,2,27.04%,4,11
"4423","4423.현대백화점 미아점",9390,3,19.00%,4,11.73%,1,30.59%,5,13
"950","950. 구산역 2번 출구 예일여고 버스정류장",9349,3,13.64%,3,16.38%,3,28.57%,5,14
"1750","1750. 창포원 남쪽 입구",9348,3,6.56%,1,16.62%,3,32.86%,5,12
"4095","4095. 방학브라운스톤아파트",9336,3,14.60%,3,15.61%,2,24.51%,3,11
"3618","3618. 서울율현초교 삼거리",9317,3,18.04%,4,15.64%,2,25.10%,3,12
"750","750. 연의근린공원 건너편",9314,3,28.57%,5,12.10%,1,24.07%,2,11
"4518","4518. 청기와빌딩",9312,3,17.36%,4,17.31%,3,25.76%,3,13
"1239","1239. 문정 법조단지3",9309,3,22.45%,5,24.50%,5,20.08%,1,14
"4104","4104. 외대앞역 교차로",9308,3,10.27%,2,16.73%,3,28.67%,5,13
"720","720. 서울강월초등학교 앞",9294,3,16.02%,3,14.23%,2,25.92%,3,11
"1336","1336. 성북3교 위",9284,3,19.18%,4,12.71%,1,26.38%,4,12
"591","591. 건국대학교 (행정관)",9278,3,4.91%,1,20.79%,4,13.05%,1,9
"4800","4800. 필동 삼거리",9271,3,11.33%,2,21.85%,4,15.89%,1,10
"3008","3008.DMC역7번출구",9268,3,31.17%,5,24.08%,5,12.73%,1,14
"1437","1437. 늘푸른공원 앞",9265,3,18.32%,4,16.82%,3,24.53%,3,13
"1139","1139. 용문사 버스정류장",9264,3,23.24%,5,11.64%,1,21.66%,2,11
"1346","1346. 길음8골어린이공원 옆",9259,3,17.52%,4,11.29%,1,26.90%,4,12
"1754","1754. 창동시장입구 사거리",9259,3,8.81%,1,16.95%,3,27.27%,4,11
"4329","4329. SC제일은행 양재동지점 앞",9240,3,22.34%,5,22.41%,4,19.22%,1,13
"1289","1289. 풍납토성 서성벽터B",9227,3,17.06%,4,22.71%,5,21.60%,2,14
"665","665.이문동 쌍용아파트 정문",9226,3,22.56%,5,12.49%,1,28.08%,4,13
"2317","2317. 삼성도로공원",9213,3,5.64%,1,26.13%,5,30.17%,5,14
"1454","1454. 한국전력공사(동대문 중랑지사)",9207,3,14.64%,3,14.39%,2,24.86%,3,11
"2353","2353. 강남구청역 2번출구 뒤",9206,3,10.10%,2,26.90%,5,21.97%,2,12
"282","282. 신한은행 대림동지점",9204,3,14.96%,3,15.04%,2,25.09%,3,11
"4116","4116. 이문e편한세상아파트 앞",9167,3,16.64%,4,16.90%,3,25.31%,3,13
"4640","4640. 원효로2가 교차로",9166,3,14.17%,3,18.27%,3,26.64%,4,13
"3115","3115.북아현 치안센터 인근",9164,3,22.02%,5,10.89%,1,27.99%,4,13
"1214","1214. 오금역 7번 출구 인근",9156,3,21.44%,5,15.31%,2,21.31%,2,12
"391","391. 시립미술관",9137,3,16.21%,3,25.26%,5,18.57%,1,12
"4394","4394.서울시립24시간게스트하우스",9128,3,9.57%,2,34.91%,5,18.05%,1,11
"2389","2389. 경기여자고등학교 후문 (삼성로3길 입구)",9128,3,20.90%,4,12.55%,1,25.92%,3,11
"5152","5152.이스트폴 105동 방면 입구",9114,3,14.46%,3,15.73%,2,29.58%,5,13
"2237","2237.서울남부터미널 대합실 입구",9111,3,12.91%,3,26.61%,5,23.17%,2,13
"2652","2652.송파 레미니스1단지 102동 앞",9108,3,23.53%,5,17.75%,3,24.01%,2,13
"2325","2325. 대치삼성아파트 앞 교차로",9105,3,6.02%,1,18.86%,4,28.50%,5,13
"3956","3956. 대륭테크노타운21차 앞",9103,3,12.49%,2,34.16%,5,17.70%,1,11
"3104","3104. e편한세상 신촌4단지 앞",9099,3,13.73%,3,14.17%,2,26.23%,4,12
"1993","1993. 금강수목원아파트 앞",9097,3,20.52%,4,14.97%,2,24.03%,2,11
"1300","1300. 오륜사거리",9093,3,18.55%,4,17.35%,3,28.73%,5,15
"733","733. 신정이펜하우스314동",9088,3,20.74%,4,13.80%,2,26.14%,4,13
"2250","2250. 서초유치원 맞은편",9081,3,16.64%,4,16.04%,3,26.89%,4,14
"1532","1532. 번3동 주민센터 교차로",9072,3,16.18%,3,17.98%,3,25.78%,3,12
"4951","4951. 강동농협 버스정류소 앞(광채빌라)",9065,3,18.96%,4,15.79%,3,27.19%,4,14
"2271","2271. 내방역 8번출구 앞",9062,3,10.55%,2,21.08%,4,25.84%,3,12
"4035","4035. 휴플러스 수락한신아파트 101동 앞",9059,3,23.13%,5,12.32%,1,28.22%,5,14
"1425","1425. 신성미소지움아파트",9059,3,14.66%,3,13.37%,2,18.29%,1,9
"2242","2242.양재역 10번 출구 앞",9041,3,23.88%,5,22.49%,4,17.51%,1,13
"1159","1159. 서서울모터리움 앞",9038,3,8.10%,1,37.75%,5,13.04%,1,10
"3753","3753. 공항중학교 버스정류장",9033,3,27.33%,5,15.00%,2,21.50%,2,12
"2524","2524.반포쇼핑타운 8동 앞",9018,3,5.81%,1,20.03%,4,28.39%,5,13
"1391","1391.성북청소년센터",9017,3,16.67%,4,12.24%,1,28.20%,4,12
"2156","2156. 신림푸르지오아파트",9013,3,20.45%,4,14.04%,2,25.11%,3,12
"2215","2215. 반포종합운동장 입구",9002,3,9.68%,2,13.41%,2,29.29%,5,12
"3686","3686. 고덕 래미안 힐스테이트(101동)",8999,3,19.88%,4,12.52%,1,28.20%,5,13
"607","607. 신이문역 2번출구",8992,3,13.31%,3,22.53%,4,22.60%,2,12
"1862","1862.MD호텔 앞",8984,3,32.40%,5,15.33%,2,18.02%,1,11
"4923","4923.수협대치동지점",8982,3,13.73%,3,20.31%,4,27.12%,4,14
"4408","4408. 돌곶이역 앞",8978,3,7.91%,1,25.35%,5,21.05%,2,11
"5864","5864.장훈고 앞",8976,3,23.67%,5,9.80%,1,21.02%,2,11
"1527","1527. 미아역 1번 출구 뒤",8959,3,13.34%,3,15.77%,3,24.69%,3,12
"395","395. 경희궁 자이 2단지",8959,3,32.28%,5,13.93%,2,21.81%,2,12
"1727","1727. 서울도봉초등학교인근",8955,3,15.38%,3,12.26%,1,29.21%,5,12
"628","628. 휘봉고등학교 앞",8945,3,14.96%,3,13.47%,2,22.84%,2,10
"2529","2529.우리은행 방배동지점 앞",8930,3,11.84%,2,20.87%,4,26.39%,4,13
"948","948. 디지털미디어 시티역 4번출구(DMC역)",8913,3,12.68%,3,30.80%,5,20.40%,1,12
"3130","3130.가재울사거리",8912,3,23.95%,5,12.87%,1,25.22%,3,12
"2095","2095.경문고등학교 앞",8907,3,18.10%,4,12.80%,1,24.26%,3,11
"4341","4341. 영동1교 북단",8906,3,13.53%,3,20.09%,4,30.91%,5,15
"5782","5782. 오금현대 아파트 상가입구 앞",8897,3,12.73%,3,21.57%,4,23.75%,2,12
"4040","4040. 공릉로 26길",8893,3,13.68%,3,10.82%,1,30.96%,5,12
"4663","""4663. 불광역3,6호선 버스정류장(동명여고 방면)""",8886,3,11.25%,2,16.88%,3,28.07%,4,12
"126","126. 서강대 후문 옆",8883,3,7.93%,1,18.20%,3,18.88%,1,8
"2820","2820.신세기아파트 앞",8875,3,29.13%,5,13.52%,2,23.52%,2,12
"676","676.FITI시험연구원 앞",8872,3,18.58%,4,14.24%,2,21.33%,2,11
"2299","2299. 한전아트센터 앞",8868,3,23.34%,5,19.00%,4,17.75%,1,13
"713","713. 양서중학교 옆",8863,3,21.08%,4,14.31%,2,21.79%,2,11
"2266","2266. 서초역 3번출구",8862,3,16.05%,3,22.75%,5,24.31%,3,14
"3122","3122.북가좌삼거리2",8861,3,24.30%,5,12.09%,1,25.80%,3,12
"3412","3412.세운상가",8854,3,14.06%,3,20.61%,4,17.70%,1,11
"960","960. 구파발역 환승센터",8850,3,3.84%,1,28.19%,5,20.68%,1,10
"1228","1228. 마천사거리",8831,2,20.87%,4,14.58%,2,27.91%,4,12
"809","809. 한남 유수지 복개주차장",8820,2,7.59%,1,21.05%,4,29.44%,5,12
"1051","""1051. 강일중,선사고 버스정류장(신암중학교 방면)""",8783,2,9.91%,2,14.62%,2,28.10%,4,10
"652","652. 답십리 래미안엘파인아파트 입구",8782,2,27.36%,5,12.73%,1,25.34%,3,11
"4847","4847. 신내역시티프라디움 앞",8766,2,10.38%,2,13.91%,2,23.88%,2,8
"4639","4639. 동빙고근린공원",8758,2,6.22%,1,15.03%,2,45.22%,5,10
"1936","1936. 개봉역 1번 출구 자전거보관서쪽",8757,2,17.60%,4,22.78%,5,22.51%,2,13
"3129","3129.DMC래미안e편한세상203동옆",8749,2,26.01%,5,13.12%,1,25.26%,3,11
"2293","2293. SPC 앞",8738,2,11.27%,2,26.34%,5,20.84%,1,10
"820","820. 청파동입구 교차로",8737,2,15.03%,3,21.19%,4,21.96%,2,11
"4835","4835. 망우동 본죽 앞",8724,2,20.36%,4,11.33%,1,25.46%,3,10
"4202","4202. 프런트원(공덕역4번출구 앞)",8719,2,12.17%,2,22.56%,4,20.61%,1,9
"3903","3903. 현대아파트 앞",8714,2,23.05%,5,16.98%,3,24.12%,3,13
"903","903. 은평뉴타운 아이파크",8710,2,19.66%,4,12.88%,1,25.88%,3,10
"775","775.세종그랑시아 앞(102동)",8702,2,14.59%,3,13.48%,2,26.60%,4,11
"3986","3986.청년주택 독산동점",8700,2,39.62%,5,11.00%,1,21.70%,2,10
"1641","1641. 한내근린공원 남측",8688,2,14.55%,3,17.06%,3,29.28%,5,13
"2657","2657.송파 파인타운 11단지",8682,2,17.93%,4,10.82%,1,27.06%,4,11
"2712","2712.화곡터널입구교차로",8678,2,16.04%,3,13.42%,2,27.88%,4,11
"2394","2394. 개포래미안포레스트아파트 107동 앞",8675,2,27.44%,5,11.30%,1,24.54%,3,11
"2227","2227.방배열린문화센터 앞",8673,2,18.22%,4,21.05%,4,17.93%,1,11
"4918","4918. 매봉역 1번출구",8661,2,11.81%,2,24.40%,5,23.59%,2,11
"4797","4797. KG타워 앞",8656,2,16.28%,3,26.34%,5,15.84%,1,11
"1073","1073. SSTS 몰 앞",8644,2,15.98%,3,12.63%,1,28.46%,5,11
"1981","1981. 천왕지구삼거리 앞",8643,2,28.64%,5,12.51%,1,22.57%,2,10
"347","347. 동대문역사문화공원역 9번출구 앞",8639,2,7.21%,1,18.40%,3,24.41%,3,9
"4307","4307. 고투몰 gate 15옆",8638,2,15.63%,3,15.47%,2,27.25%,4,11
"3127","3127.홍은2파출소 옆",8637,2,13.58%,3,19.20%,4,26.05%,3,12
"1854","1854. 가산아네스트 오피스텔 앞",8633,2,35.54%,5,15.27%,2,20.75%,1,10
"1326","1326. 상월곡역 1번출구",8631,2,14.08%,3,13.82%,2,26.44%,4,11
"5509","5509.신석초교 앞",8626,2,17.81%,4,14.31%,2,28.53%,5,13
"518","518. 청계천 박물관 앞",8614,2,4.64%,1,38.63%,5,20.03%,1,9
"1628","1628. 노일초등학교 앞",8612,2,12.17%,2,17.23%,3,25.03%,3,10
"1671","1671. 인덕대학교",8606,2,16.77%,4,13.82%,2,20.10%,1,9
"1564","1564.4.19민주묘지역 1번출구",8598,2,6.30%,1,18.45%,3,27.93%,4,10
"476","476.광희문",8598,2,13.40%,3,13.08%,1,25.35%,3,9
"1290","1290. 위례송파꿈에그린아파트24단지 앞 성벽 다리 밑",8596,2,30.49%,5,8.15%,1,24.78%,3,11
"666","666.이문대성유니드아파트 앞",8590,2,9.60%,2,22.76%,5,30.08%,5,14
"1240","1240. 문정 법조단지4",8582,2,18.88%,4,18.19%,3,24.69%,3,12
"1420","1420. 신내어울공원 앞",8582,2,10.76%,2,22.20%,4,24.52%,3,11
"4857","4857. 올림픽공원 장미광장",8580,2,11.31%,2,19.78%,4,35.43%,5,13
"2631","2631.배명고등학교",8569,2,19.62%,4,14.20%,2,23.66%,2,10
"4054","4054. 창동한신아파트 버스정류소",8564,2,12.03%,2,13.37%,2,27.30%,4,10
"358","358. 성균관대입구 사거리 A",8562,2,5.48%,1,17.99%,3,28.07%,4,10
"2245","2245.양재초등학교 맞은편",8554,2,15.20%,3,23.07%,5,24.00%,2,12
"4414","4414. 안암역 3번 출구",8553,2,6.38%,1,17.99%,3,26.33%,4,10
"3642","3642. 강남자곡힐스테이트",8544,2,19.19%,4,8.03%,1,27.89%,4,11
"2418","2418.봉은사역 7번 출구",8540,2,14.11%,3,29.26%,5,19.92%,1,11
"1616","1616. 하계2동 공항버스정류장 옆",8522,2,11.01%,2,19.16%,4,25.06%,3,11
"2164","2164. 관악우체국",8511,2,11.19%,2,13.84%,2,25.88%,3,9
"324","324. 신세계백화점 본점 앞",8498,2,5.41%,1,28.47%,5,21.52%,2,10
"3643","3643. 더시그넘하우스 앞",8479,2,17.35%,4,17.82%,3,20.13%,1,10
"2172","2172. 나들목공원",8479,2,6.43%,1,18.82%,4,32.99%,5,12
"759","759. 보아스아파트 앞",8475,2,24.97%,5,13.30%,1,24.48%,3,11
"1839","1839. 수출의 다리 아래",8470,2,2.96%,1,41.38%,5,15.93%,1,9
"1536","1536. 번동 두산위브 101동 옆",8464,2,9.48%,2,15.70%,2,25.76%,3,9
"1065","1065.보훈병원 후문옆(더 원커피)",8458,2,12.59%,2,23.47%,5,20.52%,1,10
"3694","3694. 강동리엔파크 13단지(1303동 앞)",8452,2,27.46%,5,20.55%,4,17.57%,1,12
"4871","4871. 오금동 대림아파트 정문",8441,2,13.41%,3,16.49%,3,25.68%,3,11
"188","188. 홍은동 정원여중 입구",8440,2,16.98%,4,16.53%,3,27.43%,4,13
"767","767.신정숲속마을아파트",8438,2,35.48%,5,10.99%,1,22.23%,2,10
"1829","1829. 홈플러스 금천점 앞",8428,2,13.46%,3,19.70%,4,23.77%,2,11
"436","436. 이대역 5번출구",8426,2,7.79%,1,24.06%,5,25.80%,3,11
"5861","5861. 보라주유소 앞",8420,2,18.71%,4,16.41%,3,24.30%,3,12
"162","162. 봉원고가차도 밑",8405,2,15.86%,3,16.53%,3,24.85%,3,11
"4638","4638. 청파동삼거리 앞",8400,2,19.69%,4,10.39%,1,27.99%,4,11
"2251","2251. 더케이호텔 입구(양재2)",8399,2,13.49%,3,32.93%,5,17.30%,1,11
"811","811. 녹사평역1번출구",8397,2,9.16%,2,22.34%,4,29.24%,5,13
"2239","2239.교대역 6번출구",8386,2,16.96%,4,21.17%,4,17.51%,1,11
"2178","2178. 서울대학교 정문",8386,2,3.88%,1,26.75%,5,27.01%,4,12
"413","413. 상암월드컵파크 3단지 후문",8371,2,16.23%,3,15.29%,2,31.75%,5,12
"3007","3007.MBC 앞",8350,2,9.13%,2,35.04%,5,13.75%,1,10
"1089","1089.고덕 래미안힐스테이트(201동)",8347,2,24.40%,5,10.34%,1,24.28%,3,11
"2307","2307. 압구정 한양 3차 아파트",8346,2,7.24%,1,24.35%,5,29.61%,5,13
"3792","3792. 화곡본동시장 입구",8333,2,16.36%,4,15.82%,3,24.28%,3,12
"4931","4931. 디에이치퍼스티어아이파크 124동 앞",8332,2,19.92%,4,12.96%,1,24.81%,3,10
"4392","4392. 답십리역 6번출구",8327,2,14.48%,3,23.60%,5,20.25%,1,11
"2521","2521.서초 크로바타워 앞",8326,2,16.32%,3,16.75%,3,23.26%,2,10
"1256","1256. 문정현대아파트 교차로",8310,2,14.45%,3,18.76%,4,23.19%,2,11
"337","337. 창경궁 입구",8296,2,16.04%,3,16.83%,3,21.89%,2,10
"971","971. 역촌 센트레빌 아파트",8296,2,36.10%,5,7.51%,1,22.78%,2,10
"774","774.등촌역 4번 출구",8278,2,11.67%,2,18.19%,3,26.82%,4,11
"1870","1870.독산3동주민센터 앞",8252,2,25.70%,5,13.41%,2,21.69%,2,11
"4073","4073.방아골종합사회복지관",8246,2,21.50%,5,11.82%,1,25.50%,3,11
"979","979.원풍빌라앞",8245,2,23.29%,5,9.97%,1,22.67%,2,10
"1367","1367. 길음문화복합미디어센터",8242,2,17.52%,4,11.95%,1,26.03%,3,10
"1752","1752. 창동 주공 4단지 입구 옆",8239,2,18.13%,4,14.36%,2,26.37%,4,12
"4616","4616. 신용산지하차도 앞",8231,2,16.04%,3,19.05%,4,26.87%,4,13
"2634","2634.위례포레샤인아파트 정류장",8228,2,30.69%,5,9.56%,1,22.35%,2,10
"338","338. 세운스퀘어 앞",8226,2,10.05%,2,25.18%,5,15.84%,1,10
"2360","2360. 도곡1동 주민센터 교차로",8222,2,12.33%,2,24.05%,5,19.40%,1,10
"2405","2405. 청담공원앞 교차로",8221,2,25.28%,5,19.86%,4,18.72%,1,12
"654","654. 전농동 텃골공원",8217,2,16.79%,4,13.51%,2,28.22%,5,13
"1702","1702. 녹천역 1번출구 앞",8217,2,22.06%,5,15.30%,2,26.75%,4,13
"5322","5322.노원성당 앞",8216,2,23.50%,5,12.01%,1,28.21%,5,13
"1368","1368. 성신여대입구 교차로",8213,2,16.94%,4,16.17%,3,24.05%,2,11
"4221","4221. 솔리스타오피스텔(공덕동주민센터)",8194,2,33.46%,5,10.02%,1,25.14%,3,11
"4808","4808. 신내2동 주민센터 앞",8190,2,6.68%,1,23.10%,5,22.21%,2,10
"142","142. 아현역 4번출구 앞",8186,2,19.47%,4,17.96%,3,23.88%,2,11
"3606","3606. 신사동주민센터 옆",8186,2,5.42%,1,26.15%,5,26.33%,4,12
"1109","1109. 공항시장역 4번출구",8186,2,17.05%,4,14.23%,2,26.56%,4,12
"1086","1086.래미안 솔베뉴(구천면로)",8182,2,12.36%,2,15.52%,2,28.38%,5,11
"4874","4874. 탄천1교 하부보도",8181,2,24.23%,5,12.99%,1,27.16%,4,12
"639","639. 서울시립대 후문",8172,2,8.42%,1,17.08%,3,25.38%,3,9
"1364","1364. 성북동 치안센터 앞",8161,2,19.51%,4,13.26%,1,24.03%,2,9
"709","709. 신정3동 현장민원실 앞",8152,2,14.89%,3,14.71%,2,25.23%,3,10
"3655","3655. 둔촌신성미소지움아파트",8131,2,18.48%,4,14.45%,2,30.49%,5,13
"121","121. 마포소방서 앞",8118,2,16.26%,3,15.20%,2,25.20%,3,10
"3510","3510. 중곡SK아파트앞",8117,2,19.26%,4,12.25%,1,28.69%,5,12
"1457","1457. 동원사거리",8115,2,13.60%,3,17.49%,3,24.82%,3,11
"3545","3545.한양대역 1번출구",8100,2,7.10%,1,22.01%,4,23.41%,2,9
"3557","3557.서울숲리버뷰자이APT105동 앞",8096,2,18.63%,4,11.08%,1,27.93%,4,11
"2112","2112. 서울대입구역 마에스트로",8093,2,7.82%,1,14.22%,2,29.28%,5,10
"2430","2430.강남파이낸스센터앞(역삼역2번출구)",8092,2,16.40%,4,20.54%,4,19.25%,1,11
"2319","2319. 포스코사거리 서측(수협 삼성동 지점)",8087,2,7.89%,1,35.25%,5,13.71%,1,9
"2509","2509. 심산기념문화센터",8080,2,21.25%,4,23.18%,5,16.93%,1,12
"4563","4563. 여의도 은하아파트",8077,2,18.22%,4,16.94%,3,24.96%,3,12
"3880","3880. 홍련봉 공원",8066,2,20.08%,4,15.81%,3,29.73%,5,14
"3110","3110.홍은 현대아이파크 아파트 202동 앞",8066,2,16.84%,4,14.88%,2,29.52%,5,13
"4542","4542. 월정초 사거리",8054,2,25.56%,5,14.19%,2,25.42%,3,12
"406","406. 상암월드컵파크 7단지 앞",8043,2,13.05%,3,13.74%,2,29.16%,5,12
"1472","1472.영성빌딩(PAT)",8036,2,13.03%,3,16.40%,3,24.18%,3,11
"4316","4316. 고속터미널역 3번출구",8036,2,12.78%,3,25.31%,5,26.52%,4,14
"866","866.브라운스톤 남산아파트",8030,2,18.87%,4,14.68%,2,28.72%,5,13
"2328","2328. 르네상스 호텔 사거리 역삼지하보도 7번출구 앞",8030,2,10.90%,2,24.26%,5,19.99%,1,10
"5321","5321.불암아파트 앞",8023,2,14.33%,3,14.06%,2,28.27%,5,12
"4014","4014. 불암산역 3번 출구",8018,2,17.83%,4,13.87%,2,29.41%,5,13
"2297","2297. 남부터미널역 1번출구",8015,2,11.78%,2,22.81%,5,24.13%,3,12
"1751","1751. 창원초등학교 교차로",8008,2,16.86%,4,11.83%,1,27.11%,4,11
"1266","1266. 문정동 글샘 공원",8006,2,11.92%,2,23.93%,5,23.71%,2,11
"2362","2362. 신사동 가로수길 입구",8006,2,6.17%,1,23.17%,5,27.04%,4,12
"322","322. 명동성당 앞",8001,2,9.34%,2,23.05%,5,26.86%,4,13
"1257","1257. 가락시장역 사거리",8001,2,33.58%,5,17.31%,3,15.86%,1,11
"1394","1394.길음뉴타운 래미안9단지",7991,2,23.60%,5,12.63%,1,24.88%,3,11
"4246","4246. 상수역새마을금고",7967,2,7.95%,1,15.45%,2,30.66%,5,10
"4671","4671. 청구성심병원 앞",7956,2,9.90%,2,17.70%,3,27.85%,4,11
"4462","4462. 가락중학교 앞",7955,2,11.38%,2,13.19%,1,28.70%,5,10
"2048","2048. 삼일초등학교 인근",7938,2,20.36%,4,9.79%,1,22.99%,2,9
"2036","2036. 정금마을 마을버스정류장",7936,2,13.28%,3,12.85%,1,27.63%,4,10
"536","536. 행당역 2번출구 앞",7933,2,19.64%,4,12.69%,1,28.32%,5,12
"1715","1715. 서울특별시교육청도봉도서관",7925,2,7.86%,1,14.68%,2,33.20%,5,10
"1253","1253. 오금역 3번 출구 뒤",7923,2,17.90%,4,18.06%,3,21.52%,2,11
"402","402. 상암월드컵파크 9단지 앞",7921,2,27.71%,5,11.30%,1,24.05%,2,10
"1551","1551.4.19탑 앞",7912,2,14.13%,3,12.55%,1,29.92%,5,11
"4306","4306. 서래공원 앞",7906,2,12.29%,2,25.22%,5,20.45%,1,10
"1057","1057. 능골근린공원",7898,2,19.65%,4,17.33%,3,19.14%,1,10
"2263","2263. 바우뫼문화복지회관",7897,2,14.80%,3,20.01%,4,21.79%,2,11
"4345","4345. 반포역 4번출구",7892,2,18.35%,4,15.36%,2,29.51%,5,13
"2119","2119. 중앙동 동진빌딩",7892,2,18.02%,4,14.55%,2,24.52%,3,11
"4580","4580. 국회제2의원회관",7884,2,9.89%,2,48.86%,5,3.13%,1,10
"1474","1474.서울중랑우체국",7882,2,8.25%,1,15.05%,2,21.28%,2,7
"6188","6188.금호아파트",7874,2,15.61%,3,20.71%,4,22.85%,2,11
"1303","1303. 돈암초교 입구",7869,2,25.92%,5,14.86%,2,22.67%,2,11
"1654","1654. 당고개입구 오거리",7856,2,14.08%,3,14.71%,2,29.49%,5,12
"2320","2320. 도곡역 대치지구대 방향",7851,2,11.69%,2,17.13%,3,27.84%,4,11
"748","748. 목동운동장",7848,2,7.84%,1,24.24%,5,31.52%,5,13
"2419","""2419.봉은사역 1,2번 출구 """,7840,2,12.91%,3,22.55%,4,26.28%,4,13
"1821","1821. 홈플러스 시흥점 맞은편 다비치안경 앞",7830,2,24.29%,5,11.98%,1,26.77%,4,12
"3685","3685. 강동리엔파크14단지(1401동 앞)",7817,2,25.79%,5,19.20%,4,20.75%,1,12
"4960","4960.고덕비즈밸리 지식산업센터 A",7813,2,3.20%,1,45.81%,5,15.50%,1,9
"1768","1768.신동아타워 버스정류소",7811,2,12.70%,3,17.07%,3,26.42%,4,12
"1296","1296. 석촌호수교차로 (송파나루근린공원 앞)",7803,2,9.46%,2,16.83%,3,34.01%,5,12
"416","416. 상암월드컵파크 1단지 교차로",7799,2,9.50%,2,27.71%,5,22.14%,2,11
"309","309. 광화문역 6번출구 옆 B",7796,2,7.61%,1,35.34%,5,13.44%,1,9
"2716","2716.롯데 R&D 센터",7792,2,5.18%,1,58.48%,5,5.13%,1,9
"848","848. 삼각지12번 출구",7791,2,8.70%,1,22.08%,4,28.80%,5,12
"2145","2145. 은천초등학교 육교",7781,2,21.04%,4,11.50%,1,25.34%,3,10
"3113","3113. 독립문 앞",7766,2,26.73%,5,12.68%,1,31.44%,5,13
"904","904. 은평뉴타운 푸르지오",7762,2,30.13%,5,9.62%,1,28.28%,5,13
"1518","1518. 수유2동은행빌딩 앞",7753,2,14.14%,3,14.42%,2,26.38%,4,11
"3918","3918. 이좋은집오피스텔 앞",7752,2,13.98%,3,13.92%,2,27.81%,4,11
"349","349. 어린이도서관",7748,2,13.35%,3,16.51%,3,28.60%,5,13
"1299","1299. 송파소방서 (방이119안전센터)",7746,2,17.93%,4,14.58%,2,27.18%,4,12
"1713","1713. 쌍문동 이안아파트 앞",7736,2,11.66%,2,14.96%,2,26.03%,3,9
"3523","3523. 건국대학교 과학관(이과대) 앞",7720,2,3.91%,1,23.10%,5,10.31%,1,9
"1405","1405. 망우역 1번출구",7715,2,18.74%,4,18.51%,3,25.21%,3,12
"1642","1642. 서울여대 남문",7703,2,12.27%,2,15.24%,2,24.74%,3,9
"2365","2365. K+ 타워 앞",7696,2,3.03%,1,23.67%,5,26.78%,4,12
"4107","4107. 장안동근린공원 입구",7680,2,10.63%,2,17.28%,3,27.59%,4,11
"4009","4009. 월계프라자",7680,2,14.09%,3,12.80%,1,24.75%,3,9
"954","954. 은평뉴타운구파발9단지",7679,2,11.42%,2,11.34%,1,29.13%,5,10
"177","177. 북가좌 초등학교",7665,2,24.53%,5,13.76%,2,26.00%,3,12
"3797","3797. 마곡수명산파크7단지 710동 앞",7659,2,12.27%,2,14.45%,2,24.22%,3,9
"3211","3211.신길 래미안 프레비뉴",7639,2,21.67%,5,12.50%,1,27.52%,4,12
"1041","1041. 묘곡초등학교",7638,2,18.33%,4,14.89%,2,25.23%,3,11
"4811","4811. 한양수자인아파트 앞",7620,2,22.47%,5,9.83%,1,26.56%,4,12
"4273","4273. 홍연2교 사거리",7617,2,23.80%,5,16.07%,3,24.31%,3,13
"2243","2243.서울가정법원",7604,2,22.48%,5,23.37%,5,19.52%,1,13
"129","129. 신촌역(2호선) 6번출구 옆",7588,2,8.83%,1,15.66%,2,26.73%,4,9
"1772","1772.시립도봉노인복지관 버스정류소",7582,2,15.88%,3,12.33%,1,28.24%,5,11
"3675","3675. 강동리버스트8단지",7571,2,14.12%,3,12.01%,1,27.79%,4,10
"864","864.순천향대학병원(한남오거리)",7566,2,4.69%,1,25.88%,5,28.36%,5,13
"4621","4621. 남산도서관 앞",7553,2,7.43%,1,16.25%,3,28.33%,5,11
"180","180. 충정로역 7번출구 아래",7543,2,14.25%,3,23.32%,5,22.42%,2,12
"2034","2034. 사당역 7번출구쪽",7534,2,11.92%,2,18.78%,4,27.37%,4,12
"1732","1732. 방학역사거리",7528,2,14.41%,3,16.56%,3,24.95%,3,11
"6059","6059. 덕수중학교",7527,2,14.11%,3,22.03%,4,18.36%,1,10
"1666","1666. 노원소방서인근",7526,2,11.89%,2,15.23%,2,28.85%,5,11
"6057","6057. 을지로5가(방산시장)",7523,2,17.51%,4,20.16%,4,21.69%,2,12
"5305","5305. 대륜E&S 서울지사 앞",7512,2,14.02%,3,13.03%,1,24.89%,3,9
"4907","4907. 극동스포츠 앞",7510,2,11.73%,2,20.71%,4,26.87%,4,12
"1568","1568.4.19민주묘지 입구사거리",7500,2,11.12%,2,14.72%,2,28.16%,4,10
"2205","2205. 내곡3단지 어린이공원 앞",7486,2,30.84%,5,15.11%,2,23.06%,2,11
"776","776.목마공원",7477,2,10.34%,2,22.50%,4,24.41%,3,11
"660","660. 동의보감타워",7471,2,14.04%,3,17.59%,3,22.94%,2,10
"3132","3132.홍제교",7471,2,12.58%,2,15.58%,2,28.22%,5,11
"939","939. 은평구청 교차로",7445,2,10.68%,2,24.62%,5,21.16%,2,11
"2385","2385. 학동역",7443,2,19.17%,4,19.63%,4,20.72%,1,11
"3588","3588.세종대학교(영실관)",7424,2,6.24%,1,26.27%,5,14.55%,1,9
"372","372. 약수역 3번출구 뒤",7415,2,7.43%,1,16.36%,3,29.58%,5,11
"4128","4128.  종암초등학교 뒤(새울센스빌)",7411,2,16.22%,3,14.60%,2,24.11%,3,10
"4891","4891. 위례포레나송파",7395,2,22.10%,5,12.21%,1,26.91%,4,12
"3634","3634. 국악고교 앞 교차로",7387,2,19.22%,4,16.47%,3,23.62%,2,11
"118","118. 광흥창역 2번출구 앞",7383,2,12.33%,2,16.42%,3,26.20%,4,11
"2330","2330. 역삼월드메르디앙아파트 앞",7374,2,11.66%,2,22.39%,4,20.53%,1,9
"1388","1388. 돈암초교입구 버스정류장(한성대입구역 방면)",7366,2,13.73%,3,15.04%,2,26.51%,4,11
"839","839. 보광동 삼성리버빌아파트 앞",7366,2,10.82%,2,11.73%,1,29.09%,5,10
"4253","4253. 홍은도담도서관",7366,2,23.83%,5,11.02%,1,24.99%,3,11
"3006","3006. 상암월드컵파크5단지(상암중학교)",7362,2,7.53%,1,22.97%,5,18.36%,1,9
"2084","2084.e편한세상 상도노빌리티 앞",7348,2,6.61%,1,15.51%,2,26.80%,4,9
"2422","2422.수서동 성당 맞은편",7347,2,11.81%,2,12.13%,1,29.79%,5,10
"328","328. 탑골공원 앞",7344,2,5.19%,1,19.23%,4,26.14%,4,11
"3689","3689. 강일역 3번출구",7344,2,19.76%,4,23.22%,5,21.66%,2,13
"4045","4045. 은하수 공원",7328,2,25.98%,5,12.58%,1,24.56%,3,11
"3930","3930. 온수역 2번 출구 앞",7324,2,10.57%,2,26.26%,5,19.92%,1,10
"3676","3676. 강동리엔파크9단지",7310,2,19.73%,4,12.11%,1,23.83%,2,9
"2341","2341. 일원역 4~5번 출구 사이",7293,2,11.33%,2,17.77%,3,27.22%,4,11
"1759","1759.서울북부지방법원 앞",7282,2,13.44%,3,25.62%,5,21.45%,2,12
"1136","1136. 등촌2파출소",7281,2,17.87%,4,12.80%,1,24.94%,3,10
"4582","4582. 국회도서관",7256,2,4.95%,1,29.63%,5,13.59%,1,9
"134","134. 연세로 명물길",7251,2,5.13%,1,19.68%,4,28.09%,4,11
"1812","1812. 갑을그레이트밸리 앞",7239,2,10.95%,2,32.42%,5,18.15%,1,10
"1548","1548. 북서울 꿈의숲 서문",7232,2,4.62%,1,13.95%,2,43.51%,5,10
"810","810. 이태원지하보도",7230,2,10.37%,2,20.25%,4,30.94%,5,13
"4313","4313. 반포종합운동장",7228,2,9.84%,2,22.43%,4,29.26%,5,13
"140","140. 이화여대 후문",7227,2,8.40%,1,29.54%,5,17.56%,1,9
"6182","6182.오스템임플란트비전타워",7221,2,4.13%,1,53.94%,5,7.15%,1,9
"4775","4775. 을지로지하쇼핑센터",7215,2,9.34%,2,26.21%,5,20.47%,1,10
"3609","3609. 언주초등학교 입구",7200,2,12.19%,2,27.75%,5,19.28%,1,10
"737","737. 장수공원",7192,2,20.47%,4,16.77%,3,24.22%,3,12
"2148","2148. 낙성대역 3번출구 뒤",7187,2,12.11%,2,18.59%,4,23.14%,2,10
"2426","2426.강남한신휴플러스 6단지",7164,2,30.57%,5,8.56%,1,22.14%,2,10
"3906","3906. 천왕차량사업소 입구",7164,2,18.33%,4,25.81%,5,23.10%,2,13
"3525","3525. 금호스포츠센터앞",7154,2,12.11%,2,14.57%,2,32.63%,5,11
"621","621. 전농초등학교 건너편",7153,2,27.25%,5,14.40%,2,23.79%,2,11
"3553","3553.마장역3번출구",7142,2,16.28%,3,19.56%,4,22.86%,2,11
"3116","3116.신촌역 4번출구",7136,2,9.02%,1,16.66%,3,25.78%,3,9
"4678","4678. 백련산로 녹번센트레빌",7131,2,24.26%,5,11.12%,1,24.69%,3,11
"1083","1083.광문고교사거리(아이파크)",7120,2,12.68%,3,16.14%,3,25.29%,3,11
"1998","1998. 고척교 교차로",7112,2,10.73%,2,18.76%,4,30.88%,5,13
"900","900. 은평예술회관",7106,2,13.72%,3,20.01%,4,21.84%,2,11
"1516","1516. 우이동길마을마당",7103,2,17.61%,4,14.91%,2,25.58%,3,11
"5871","5871. 건영상가 앞",7095,2,26.61%,5,12.95%,1,22.85%,2,10
"4889","4889. 마천역 1번 출구 인근②",7087,2,12.53%,2,18.40%,3,26.19%,4,11
"4615","4615. 크라운호텔앞 버스정류소",7085,2,3.12%,1,20.20%,4,33.73%,5,12
"235","235. 신길동 우리은행 옆",7076,2,11.50%,2,16.45%,3,26.19%,4,11
"1682","1682. 중계종합사회복지관 교차로",7067,2,9.51%,2,14.55%,2,26.22%,4,10
"843","843. 이태원관광특구 입구(용산구청방향)",7061,2,3.75%,1,22.91%,5,30.82%,5,13
"2246","2246. 서울시 품질시험소 앞",7041,2,10.86%,2,25.72%,5,19.44%,1,10
"3604","3604. 삼성중앙역 5번출구",7020,2,20.19%,4,22.91%,5,16.91%,1,12
"3761","3761. 나이아가라관광호텔",7020,2,18.42%,4,11.70%,1,28.39%,5,12
"1241","1241. 문정 법조단지5",7020,2,18.39%,4,18.72%,4,25.20%,3,13
"271","271. 샛강생태공원방문자센터 앞",7002,2,18.41%,4,23.88%,5,23.01%,2,13
"3636","3636. 삼성중앙역·플래티넘아파트 정류소",6993,2,11.91%,2,18.40%,3,23.81%,2,9
"250","250. 대림아파트 사거리",6993,2,21.15%,4,14.21%,2,28.19%,4,12
"976","976.진관고등학교앞",6989,2,18.89%,4,11.80%,1,22.13%,2,9
"1031","1031. 올림픽로 836(아리수로)",6983,2,13.32%,3,20.49%,4,25.23%,3,12
"4838","4838.동원사거리 행복오피스텔 앞",6977,2,15.62%,3,13.07%,1,26.21%,4,10
"575","575. 대원중고교 입구(대하빌딩)",6968,2,13.69%,3,15.07%,2,26.77%,4,11
"1835","1835. STX V타워",6965,2,24.77%,5,33.02%,5,12.25%,1,13
"4206","4206. 광흥창역5번출구",6956,2,13.89%,3,21.03%,4,27.07%,4,13
"638","638. 서울시립대 정보기술관",6953,2,3.81%,1,24.77%,5,18.97%,1,9
"2038","2038. 동작역 7번출구",6951,2,10.04%,2,20.13%,4,33.23%,5,13
"745","745. 강서초등학교",6948,2,21.62%,5,15.18%,2,23.75%,2,11
"2020","2020. 장승배기역2번출구뒷편쪽",6945,2,13.88%,3,17.05%,3,24.20%,3,11
"405","405. DMC빌 앞",6944,2,9.65%,2,29.52%,5,13.55%,1,10
"1325","1325. 상월곡역 4번출구",6935,2,9.89%,2,20.81%,4,23.82%,2,10
"4420","4420. 성북구 한예종 캠퍼스 별관",6931,2,8.09%,1,20.18%,4,18.15%,1,8
"555","555. 구의3동주민센터",6919,2,9.39%,2,18.50%,3,25.41%,3,10
"845","845. 용산 선인상가",6915,2,7.32%,1,34.07%,5,12.61%,1,9
"1287","1287. 위례아이파크 101동 맞은편",6908,2,22.38%,5,15.40%,2,28.43%,5,14
"428","428. 명보사거리",6906,2,8.50%,1,29.37%,5,14.42%,1,9
"1441","1441. 신내능말공원",6882,2,28.81%,5,11.46%,1,22.46%,2,10
"1840","1840. 솔브레인이엔지 뒤편",6869,2,19.14%,4,36.47%,5,11.92%,1,12
"2614","2614. 가락고등학교 앞",6832,2,23.52%,5,10.44%,1,23.59%,2,10
"2273","2273. 일동제약 사거리",6831,2,8.81%,1,24.67%,5,26.79%,4,12
"1856","1856. 모두의학교",6823,2,29.62%,5,10.92%,1,24.89%,3,11
"2388","2388. 강남구 도시관리공단",6817,2,26.82%,5,20.07%,4,21.46%,2,13
"2339","2339. 현대아파트 정문 앞",6798,2,22.49%,5,13.65%,2,27.08%,4,13
"535","535. 응봉삼거리",6797,2,15.57%,3,13.40%,2,32.31%,5,12
"941","941. 은평뉴타운 도서관",6792,2,12.03%,2,17.24%,3,27.64%,4,11
"4836","4836. 양원역 1번 출구",6791,2,12.24%,2,21.72%,4,22.22%,2,10
"952","952. 서울연신중학교",6789,2,23.77%,5,10.83%,1,25.35%,3,11
"1421","1421. 신내역 4번출구",6788,2,16.93%,4,23.44%,5,21.15%,2,13
"4807","4807. 라코지스테이 앞",6786,2,20.65%,4,11.92%,1,27.03%,4,11
"1696","1696.수락리버시티4단지",6777,2,19.55%,4,11.76%,1,29.63%,5,12
"1480","1480. 용마지구대 B",6770,2,10.55%,2,16.32%,3,30.96%,5,12
"4264","4264. 홍남교 버스정류장",6766,2,24.24%,5,13.48%,2,28.81%,5,14
"4546","4546. 목동운동장 주경기장",6752,2,10.17%,2,15.67%,2,32.82%,5,11
"4362","4362. 행당중학교 후문",6749,2,7.39%,1,17.78%,3,31.75%,5,11
"298","298.KBS 연구동 건너편",6744,2,20.97%,4,29.76%,5,18.82%,1,12
"909","909. 백련산 힐스테이트 3차",6742,2,24.96%,5,11.64%,1,21.30%,2,10
"3922","3922. 서울남부교정시설 앞",6714,2,14.85%,3,38.71%,5,19.38%,1,11
"1758","1758.솔밭공원역 1번출구 주변",6713,2,11.40%,2,13.59%,2,30.34%,5,11
"2229","2229.로고스교회 맞은 편",6709,2,16.31%,3,16.72%,3,25.28%,3,11
"4958","4958. 고덕래미안힐스테이트 아파트 211동",6707,2,33.47%,5,6.65%,1,21.60%,2,10
"1025","1025. 상일초등학교",6700,2,10.97%,2,33.03%,5,17.57%,1,10
"963","963. 불광롯데캐슬아파트 앞",6684,2,13.36%,3,13.23%,1,27.65%,4,10
"1034","1034. 고덕동 래미안 힐스테이트",6673,2,27.42%,5,11.15%,1,24.73%,3,11
"712","712. 강월초교입구 사거리",6668,2,16.68%,4,14.29%,2,23.20%,2,10
"4774","4774. 을지로입구역 8번출구",6648,2,11.40%,2,23.86%,5,21.81%,2,11
"4312","4312. 반포미도2차아파트 옆",6644,2,14.75%,3,25.20%,5,19.64%,1,11
"2069","2069. 숭실대 입구역3번 출구 앞",6643,2,8.14%,1,15.85%,3,27.38%,4,10
"2626","""2626.경찰병원역 1,2번 출구 사이""",6641,2,23.05%,5,17.08%,3,20.49%,1,11
"965","965. 서울특별시 은평병원",6641,2,18.24%,4,13.49%,2,21.08%,2,10
"434","434. 신당 래미안 버스정류장",6641,2,17.59%,4,12.05%,1,31.61%,5,12
"1825","1825. 한신아파트 앞 육교 아래",6637,2,22.57%,5,19.23%,4,25.16%,3,14
"1543","1543. 수유1동 주민센터",6625,2,11.98%,2,15.34%,2,26.20%,4,10
"4888","4888. 둔촌오륜역 2번출구",6623,2,17.92%,4,14.18%,2,27.22%,4,12
"1672","1672. 상계동수락리버시티",6618,2,13.34%,3,14.40%,2,28.77%,5,12
"2196","2196. 봉천역 3번출구",6617,2,9.60%,2,17.85%,3,27.29%,4,11
"3658","3658. 프라이어팰리스아파트",6615,2,21.41%,5,12.44%,1,29.12%,5,13
"2416","2416.한티역 6번 출구",6614,2,15.03%,3,22.13%,4,22.20%,2,11
"975","975.백련산 힐스테이트상가앞",6610,2,31.35%,5,9.35%,1,24.34%,3,11
"2174","2174. 삼성디지털프라자관악점",6599,2,7.86%,1,13.85%,2,29.22%,5,10
"4753","4753. 시청역 10번출구",6595,2,16.04%,3,23.76%,5,14.25%,1,11
"4715","4715. 돈의문 박물관 마을",6587,2,18.02%,4,28.02%,5,14.54%,1,12
"2198","2198.사랑의병원",6559,2,12.46%,2,11.47%,1,28.31%,5,10
"1207","1207. 마천중앙시장",6547,2,19.25%,4,12.22%,1,27.33%,4,11
"5072","5072. 김포공항입구 교통섬",6547,2,17.99%,4,16.85%,3,25.63%,3,12
"2826","2826.가마산지하보도 옆",6541,2,28.41%,5,19.06%,4,19.48%,1,12
"2358","2358. 구룡초사거리 (현대아파트10동 앞 )",6536,2,27.20%,5,14.98%,2,23.30%,2,11
"1032","1032. 선사고등학교",6523,2,17.71%,4,16.34%,3,24.87%,3,12
"2344","2344. 리엔파크 2단지 앞",6522,2,14.77%,3,10.56%,1,26.43%,4,10
"5777","5777. 호반써밋12단지",6477,2,23.30%,5,12.10%,1,23.39%,2,10
"4579","4579. 국회의사당 본관",6472,2,14.63%,3,32.69%,5,17.55%,1,11
"2502","2502. 서초역1번출구 앞",6466,2,11.61%,2,21.11%,4,24.59%,3,11
"2517","2517. 서초그랑자이 앞",6455,2,26.01%,5,21.77%,4,21.70%,2,13
"4234","4234. 에스테반",6454,2,29.80%,5,12.80%,1,24.00%,2,10
"299","299.여의도 순복음교회",6444,2,2.89%,1,18.42%,3,46.80%,5,11
"1519","1519. 장미원시장 건너편",6419,2,10.03%,2,15.80%,3,27.03%,4,11
"2822","2822.제니스스포츠 앞",6419,2,23.59%,5,19.24%,4,24.74%,3,14
"1733","1733. 방학사거리 (봄마당 앞)",6414,2,8.26%,1,16.95%,3,27.14%,4,10
"2116","2116. 에이스에이존빌딩",6413,2,4.24%,1,17.17%,3,27.62%,4,10
"710","710. 금옥여고보도육교",6411,2,17.49%,4,7.00%,1,16.27%,1,8
"4275","4275.농협생명본사빌딩 서관",6411,2,16.85%,4,26.36%,5,14.72%,1,12
"2331","2331. 동영문화센터앞",6408,2,14.50%,3,20.94%,4,19.63%,1,10
"1015","1015. 샛마을 근린공원",6407,2,14.44%,3,13.95%,2,29.81%,5,12
"4318","4318. 방배역 2번 출구",6402,2,11.67%,2,23.48%,5,21.96%,2,11
"1064","1064.중앙보훈병원역 1번출구",6396,2,11.96%,2,19.03%,4,27.08%,4,12
"4389","4389. 서울숲역3번출구",6374,2,3.98%,1,21.85%,4,40.79%,5,12
"1230","1230. 송파중학교 정문",6368,2,10.30%,2,15.22%,2,31.56%,5,11
"851","851.효창 푸르지오 앞",6363,2,16.69%,4,15.24%,2,29.66%,5,13
"2071","2071. 대림아파트 후문 상가 옆",6360,2,18.27%,4,10.55%,1,26.34%,4,11
"3776","3776. 김포공항사거리",6359,2,17.08%,4,17.72%,3,23.32%,2,11
"4935","4935. 도곡삼성래미안",6324,2,28.29%,5,13.49%,2,26.20%,4,13
"4585","4585. 국회6문",6318,2,2.14%,1,24.26%,5,33.67%,5,13
"2501","2501. 서초 포레스타5단지",6313,2,28.02%,5,12.12%,1,25.08%,3,11
"1859","1859. 대륭테크노타운 18차",6279,2,3.42%,1,56.24%,5,6.85%,1,9
"863","863.이촌역2번 출구",6274,2,9.04%,1,22.90%,5,35.81%,5,13
"163","163. 명지전문대학교 정문 앞",6262,2,20.46%,4,13.08%,1,19.88%,1,8
"1831","1831. 한국전력 구로금천지사 앞",6258,2,26.49%,5,17.24%,3,18.52%,1,11
"4686","4686. 우물골 근린공원",6234,2,18.69%,4,11.98%,1,27.43%,4,11
"2549","2549.호반써밋서초파크 403동",6233,2,30.68%,5,11.97%,1,22.85%,2,10
"3663","3663. 암사정수센터교차로(강동롯데캐슬퍼스트아파트)",6231,2,26.26%,5,9.69%,1,24.47%,3,11
"4863","4863. 잠실나들목5",6219,2,15.81%,3,14.09%,2,27.01%,4,11
"919","919. 서울혁신파크",6218,2,9.50%,2,18.56%,4,30.19%,5,13
"167","167. 연가초등학교 옆",6202,2,22.36%,5,13.06%,1,26.48%,4,12
"171","171. 임광빌딩 앞",6197,2,24.87%,5,23.17%,5,15.93%,1,13
"2396","2396. 영동3교 북단(우성캐릭터 앞 보도)",6194,2,14.00%,3,16.81%,3,31.58%,5,13
"2326","2326. 대치동 삼성로",6191,2,11.48%,2,21.90%,4,25.96%,3,11
"1528","1528. 삼각산동 주민센터",6189,2,13.10%,3,11.71%,1,27.08%,4,10
"636","636. 세종대왕기념관 교차로",6183,2,7.21%,1,32.22%,5,18.84%,1,9
"2337","2337. 대모산입구역 2번출구 앞",6181,2,13.67%,3,12.46%,1,30.43%,5,11
"471","471.회현사거리 남측",6170,2,15.36%,3,24.68%,5,17.84%,1,11
"1067","1067.한영중고앞사거리",6169,2,13.31%,3,15.25%,2,25.53%,3,10
"757","757. 신정이펜하우스 1단지아파트 입구 사거리",6158,2,25.84%,5,13.77%,2,24.93%,3,12
"3765","3765. 문소빌딩",6157,2,28.18%,5,11.61%,1,24.74%,3,11
"3537","3537. 아차산 휴먼시아 아파트 옆",6156,2,20.03%,4,14.05%,2,29.08%,5,13
"3770","3770. 남부순환로 205",6156,2,18.92%,4,15.95%,3,25.50%,3,12
"4134","4134. 제기동 현대아파트 앞",6155,2,11.31%,2,19.14%,4,24.29%,3,11
"4687","4687. 역촌센트레빌아파트 101동 앞",6149,2,26.56%,5,12.18%,1,23.76%,2,10
"1275","1275. 거여초등학교 옆",6142,2,21.85%,5,13.06%,1,26.20%,4,12
"4604","4604. 원효로다목적체육관 앞",6132,2,12.61%,3,32.08%,5,19.85%,1,11
"4555","4555. 대림우성2차아파트",6131,2,9.13%,2,17.78%,3,27.79%,4,11
"1849","1849. 대륭포스트타워5차",6116,2,15.86%,3,21.29%,4,19.20%,1,10
"4862","4862. 성내교 남단",6104,2,12.06%,2,19.04%,4,33.67%,5,13
"4954","4954. 신명초등학교 건너편",6104,2,31.36%,5,8.96%,1,23.00%,2,10
"5751","5751. 송파여성축구장",6098,2,8.25%,1,19.10%,4,34.62%,5,12
"2008","2008. 노량진근린공원 대방공원",6096,2,18.54%,4,10.71%,1,26.20%,4,11
"1426","1426. 면목도시개발아파트 1동 앞",6091,2,15.91%,3,17.94%,3,27.48%,4,12
"1736","1736. 버스정류장 앞",6086,2,8.15%,1,17.32%,3,25.42%,3,9
"667","667.청량차도 육교 밑",6072,2,22.76%,5,18.18%,3,22.97%,2,12
"1183","1183. 강서대학교",6070,2,28.70%,5,14.76%,2,20.10%,1,10
"477","477.앰배서더 호텔 주변",6066,2,13.52%,3,16.65%,3,26.48%,4,12
"4855","4855. 거여5단지 503동 앞",6055,2,11.21%,2,13.34%,1,29.41%,5,10
"2313","2313. 금원빌딩 앞",6051,2,3.35%,1,32.82%,5,24.76%,3,11
"351","351. 청운초교 앞 삼거리",6049,2,24.70%,5,12.37%,1,23.52%,2,10
"922","922. 연신내역 4번출구",6027,2,9.11%,1,18.80%,4,26.02%,3,10
"760","760. 잣절보도육교 아래",6025,2,18.87%,4,14.87%,2,24.66%,3,11
"2026","2026. 흑석역 4번출구",6015,2,16.28%,3,18.84%,4,21.61%,2,11
"2903","2903.월계초안아파트 1단지",6014,2,17.13%,4,12.34%,1,29.25%,5,12
"1105","1105. 방화근린공원",6014,2,11.49%,2,11.62%,1,39.19%,5,10
"1910","1910. 낙원교회 맞은편",6013,2,26.48%,5,15.68%,2,19.84%,1,10
"4785","4785. 롯데시티호텔",6009,2,9.52%,2,32.95%,5,12.81%,1,10
"4683","4683. 은평 성모병원 사거리",6008,2,14.55%,3,16.21%,3,25.22%,3,11
"371","371. 동대입구역 6번출구 뒤",6003,2,9.83%,2,18.56%,4,26.59%,4,12
"169","169. 북가좌 삼거리",6000,2,24.28%,5,14.43%,2,21.03%,2,11
"4658","4658. 녹번역1번출구앞",6000,2,8.32%,1,19.95%,4,26.15%,4,11
"2233","2233. 서초신동아1차아파트 옆",5982,2,16.88%,4,14.88%,2,20.61%,1,9
"4578","4578.보라매sk뷰",5972,2,17.72%,4,15.17%,2,27.16%,4,12
"1554","1554.번동사거리",5968,2,12.85%,3,14.39%,2,27.35%,4,11
"1042","1042. 강일리버파크 2~5단지",5967,2,21.59%,5,17.70%,3,24.90%,3,13
"923","923. 국민은행 연서지점",5964,2,13.72%,3,12.56%,1,26.78%,4,10
"2122","2122. 낙성대로 입구",5960,2,8.37%,1,15.17%,2,27.75%,4,9
"135","135. 명물길 원형무대 앞",5954,2,9.79%,2,24.71%,5,26.27%,4,13
"120","120. 신수동 사거리",5940,2,22.42%,5,11.73%,1,27.98%,4,12
"946","946. 독바위역",5903,2,11.91%,2,14.60%,2,30.90%,5,11
"4419","4419. 성북구 한예종 캠퍼스 본관",5902,2,8.44%,1,18.40%,3,14.59%,1,7
"1063","1063.강동롯데캐슬퍼스트 아파트(관리동)",5890,2,19.98%,4,12.90%,1,33.28%,5,12
"2381","2381. 언주역 4번출구",5889,2,9.56%,2,23.21%,5,19.90%,1,10
"3726","3726.삼양동사거리",5883,2,9.57%,2,10.79%,1,28.81%,5,10
"2272","2272. 교대입구 교차로",5883,2,10.05%,2,26.70%,5,20.96%,2,11
"6055","6055. 한국경제",5880,2,20.20%,4,26.09%,5,14.61%,1,12
"4458","4458. 가락2동주민센터 인근",5875,2,16.32%,3,16.46%,3,23.83%,2,10
"138","138. 신촌동 제1공영주차장 앞",5871,2,15.60%,3,13.63%,2,23.47%,2,9
"2336","2336. 강남세브란스교차로  래미안그레이튼 104동 앞",5870,2,18.94%,4,19.44%,4,18.16%,1,11
"2139","2139. 서울신성초등학교",5870,2,19.51%,4,15.38%,2,26.41%,4,12
"4599","4599. 대림우성아파트 사거리",5868,2,18.64%,4,15.30%,2,25.55%,3,11
"4058","4058. 다락원체육공원 전망대 입구",5865,2,3.92%,1,15.04%,2,34.77%,5,10
"4472","4472. 송파파크데일 1단지 115동 건너편",5855,2,10.13%,2,12.11%,1,27.41%,4,9
"4784","4784. 중부경찰서앞 사거리",5832,2,11.95%,2,28.55%,5,15.98%,1,10
"1693","1693. 원자력 병원",5827,2,14.54%,3,20.20%,4,23.05%,2,11
"4474","4474. 가락현대 1차 11동 앞",5820,2,13.28%,3,14.97%,2,28.97%,5,12
"4173","4173. 중대후문 마을버스정류장",5811,2,10.86%,2,15.56%,2,30.30%,5,11
"1130","1130. 화곡본동시장 버스정류장",5810,2,14.94%,3,16.87%,3,24.58%,3,11
"4281","4281.명지대사거리",5808,2,19.83%,4,13.60%,2,26.00%,3,11
"3638","3638. 신청담나들목",5806,2,7.18%,1,20.48%,4,30.95%,5,12
"840","840. 용산 파크타워 앞",5800,2,15.33%,3,16.02%,3,30.74%,5,13
"1056","1056. 강일리버파크 7~11단지",5798,2,28.92%,5,11.33%,1,24.56%,3,11
"4637","4637. 용산시티파크 101동 앞",5789,2,12.49%,2,15.18%,2,31.42%,5,11
"4064","4064. 신창아파트 입구 앞",5788,2,24.45%,5,11.70%,1,24.33%,3,11
"3933","3933. 오류동부골든아파트 후문 옆",5787,2,27.08%,5,9.80%,1,26.28%,4,12
"3623","3623. 일원에코파크 앞(개포로 방면)",5782,2,15.17%,3,16.79%,3,29.44%,5,13
"260","260. 여의도 마리나선착장 앞",5781,2,6.87%,1,21.55%,4,35.25%,5,12
"4548","4548.신목동역1번출구",5778,2,12.08%,2,17.95%,3,23.00%,2,9
"2650","2650.위례22단지 2208동 다리앞",5776,2,29.95%,5,9.25%,1,24.48%,3,11
"993","993.은평뉴타운 은뜨락아파트앞",5772,2,11.73%,2,19.02%,4,24.95%,3,11
"822","822. 이촌1동 마을공원",5764,2,16.79%,4,21.56%,4,24.01%,2,12
"4401","4401.뚝섬유수지 공영주차장",5741,2,11.27%,2,19.06%,4,27.78%,4,12
"1348","1348. 성북제일새마을금고 본점 앞",5732,2,15.77%,3,17.06%,3,25.96%,3,11
"4390","4390. 신답역 1번출구",5732,2,17.34%,4,31.63%,5,16.97%,1,12
"1049","1049. 강일리버파크 10단지",5731,2,23.47%,5,8.95%,1,25.49%,3,11
"1973","1973. 오리로와 서해안도로 교차로 앞",5731,2,18.50%,4,11.97%,1,25.11%,3,10
"160","160. 북아현동 가구거리",5730,2,12.39%,2,21.47%,4,24.45%,3,11
"4634","4634. 이태원역 3번 출구",5723,2,3.84%,1,15.18%,2,39.68%,5,10
"3644","3644. 상록수아파트",5723,2,10.83%,2,14.10%,2,30.56%,5,11
"902","902. 진관동 은빛초등학교",5718,2,25.32%,5,10.77%,1,27.00%,4,12
"2137","2137. KT&G 관악지점",5717,2,15.81%,3,13.84%,2,27.62%,4,11
"1999","1999. 수궁동 성당 주변",5715,2,10.59%,2,15.99%,3,21.56%,2,9
"2312","2312. 청담역 13번 출구 앞",5712,2,20.24%,4,20.90%,4,22.74%,2,12
"4801","4801. 충정로역 2호선(엘리베이터 앞)",5711,2,17.97%,4,21.80%,4,21.55%,2,12
"1436","1436. 동원베네스트 건물 앞",5709,2,20.53%,4,11.16%,1,24.52%,3,10
"4766","4766. 서소문성지역사박물관",5708,2,35.49%,5,13.75%,2,20.46%,1,10
"1843","1843. 독산고등학교",5689,2,24.64%,5,10.81%,1,24.26%,3,11
"4469","4469. 거여동 어울림아파트  102동앞",5688,2,12.25%,2,24.70%,5,22.38%,2,11
"4837","4837. 양원지구 힐데스하임 앞",5687,2,23.26%,5,14.30%,2,25.94%,3,12
"850","850.KCC용산웰츠(WELLTZ)타워",5669,2,20.64%,4,12.86%,1,28.59%,5,12
"869","869.노들섬 동측 앞",5662,2,6.11%,1,19.34%,4,40.34%,5,12
"4346","4346.장학재단빌딩 앞",5649,2,8.71%,1,29.95%,5,19.77%,1,9
"1360","1360. 정릉역",5646,2,15.18%,3,12.56%,1,26.14%,4,10
"3690","3690. 강일역 4번출구",5638,2,20.04%,4,29.82%,5,17.81%,1,12
"1537","1537. 북한산 우이역",5633,2,6.69%,1,11.98%,1,38.77%,5,9
"4834","4834. 용마복지센터 앞",5622,2,9.68%,2,15.08%,2,21.31%,2,8
"2280","2280. 서울서초고용센터앞",5611,2,18.62%,4,24.86%,5,19.98%,1,12
"4929","4929. 투썸플레이스 강남청담점 앞",5585,2,11.23%,2,31.75%,5,21.20%,2,11
"3647","3647. 구룡역 1번 출구",5565,2,23.13%,5,22.01%,4,16.30%,1,12
"2518","2518. 서초동 현대아파트 앞",5564,2,19.54%,4,19.93%,4,21.91%,2,12
"3646","3646. 선정릉역 4번 출구",5558,2,13.26%,3,27.08%,5,21.14%,2,12
"466","466.롯데호텔",5558,2,9.64%,2,22.78%,5,19.45%,1,10
"4152","4152. 상도효성해링턴플레이스",5545,2,12.35%,2,13.71%,2,26.42%,4,10
"164","164. 북가좌1동 주민센터",5543,2,27.62%,5,10.12%,1,25.60%,3,11
"2352","2352. 서울본부세관(건설회관 앞)",5536,2,7.17%,1,34.21%,5,13.28%,1,9
"4641","4641. 아메리칸센터",5535,2,9.30%,2,22.46%,4,25.91%,3,11
"2535","2535.신반포역 3번출구 뒤",5525,2,15.86%,3,15.17%,2,29.97%,5,12
"5778","5778. 북위례3",5523,2,11.61%,2,13.54%,2,30.65%,5,11
"2349","2349. 역삼빌딩 앞(하나은행 옆)",5520,2,11.47%,2,21.39%,4,21.36%,2,10
"3920","3920. 개봉역2번출구 B",5509,2,22.76%,5,14.83%,2,24.36%,3,12
"2643","2643.풍납중학교 측면",5496,2,12.35%,2,20.94%,4,25.75%,3,11
"4094","4094.도봉여성센터",5485,2,16.97%,4,13.78%,2,24.63%,3,11
"1967","1967. 참새공원(백곡경노당)",5484,2,20.71%,4,10.58%,1,25.40%,3,10
"4144","4144.시립대학교 박물관 앞",5480,2,5.33%,1,22.54%,4,16.42%,1,8
"1634","1634. 당고개공원 대여소",5478,2,15.77%,3,13.18%,1,28.48%,5,11
"1343","1343. 한성대7번출구 앞",5465,2,9.39%,2,12.53%,1,29.39%,5,10
"364","364. 창신역 1번출구 앞",5461,2,20.03%,4,9.06%,1,25.58%,3,10
"2083","2083.흑석롯데캐슬에듀포레(107동)",5455,2,20.48%,4,12.50%,1,27.20%,4,11
"4930","4930. 학여울역 1번출구",5452,2,26.21%,5,17.61%,3,25.39%,3,13
"2520","2520.서초1교 (진흥아파트 방면)",5451,2,14.27%,3,18.62%,4,23.72%,2,11
"2364","2364. 도산공원교차로",5448,2,8.44%,1,26.82%,5,21.18%,2,10
"3310","3310.영락고등학교",5434,2,17.67%,4,11.85%,1,26.11%,4,11
"4762","4762. 국제빌딩",5425,2,14.34%,3,22.86%,5,14.47%,1,11
"2127","2127. 난곡종점",5418,2,16.35%,4,9.38%,1,26.50%,4,11
"192","192. 연서어린이공원",5408,2,28.48%,5,15.14%,2,23.30%,2,11
"4684","4684. 응암2동주민센터 버스정류장(영락중학교 방면)",5398,2,22.82%,5,9.28%,1,23.16%,2,10
"4280","4280.북가좌2동 주민센터",5397,2,21.10%,4,13.38%,2,28.09%,4,12
"3799","3799. 국립항공박물관",5395,2,10.77%,2,37.09%,5,19.37%,1,10
"1547","1547. 꿈의숲 롯데캐슬",5394,2,22.84%,5,12.59%,1,27.66%,4,12
"1539","1539. 4.19민주묘지역",5385,2,6.33%,1,17.44%,3,30.19%,5,11
"446","446. 상명대입구",5379,2,9.35%,2,17.36%,3,29.22%,5,12
"3602","3602. 한국지역난방공사강남지사",5333,2,22.67%,5,33.04%,5,10.76%,1,13
"1509","1509. 서울북부수도사업소",5330,2,9.29%,2,15.18%,2,22.59%,2,8
"1285","1285. 위례별 유치원 뒤",5328,2,27.38%,5,14.41%,2,25.38%,3,12
"4840","4840. 서울시 북부병원 앞",5321,2,12.84%,3,13.57%,2,19.94%,1,8
"4033","4033. 녹천역 4번 출구 옆",5315,2,10.86%,2,18.53%,4,27.56%,4,12
"1725","1725. 창1동주민센터",5313,2,23.56%,5,8.98%,1,22.66%,2,10
"2617","2617. 가락삼환아파트 앞",5311,2,16.12%,3,15.95%,3,25.55%,3,11
"4475","4475. 송파파인타운 4단지 403동",5302,2,24.31%,5,13.07%,1,25.71%,3,11
"141","141. 연대 대운동장 옆",5300,2,7.26%,1,21.83%,4,21.55%,2,9
"2380","2380. 봉은사로68길 북측",5294,2,14.66%,3,15.43%,2,22.61%,2,9
"467","467.한국은행",5291,2,3.04%,1,40.16%,5,16.65%,1,9
"2616","2616. 거여동 사거리",5290,2,17.24%,4,13.88%,2,23.61%,2,10
"4017","4017. 월계 청백1단지 아파트 정류장",5276,2,17.99%,4,12.21%,1,30.08%,5,12
"3958","3958. 롯데캐슬2차 마을버스 정류장(18804) 뒤편",5275,2,23.85%,5,17.19%,3,21.82%,2,12
"6189","6189.데시앙플렉스 지식산업센터",5266,2,10.60%,2,27.23%,5,18.06%,1,10
"384","384. 중림동삼거리",5250,2,32.13%,5,12.97%,1,24.42%,3,11
"2190","2190.도원맨션",5245,2,8.52%,1,19.43%,4,28.79%,5,12
"2027","2027. 중앙대학교 정문 1",5230,2,5.79%,1,21.66%,4,24.49%,3,10
"468","468.웨스틴 조선호텔",5215,2,8.76%,1,28.51%,5,17.87%,1,9
"5783","5783.성내5교 2",5201,2,11.73%,2,17.94%,3,33.63%,5,12
"4396","4396. 마장축산물시장 서문 인근",5187,2,17.00%,4,14.02%,2,21.79%,2,10
"3820","3820. 은천삼거리",5182,2,11.29%,2,14.80%,2,26.77%,4,10
"2510","2510. JW타워",5167,2,22.14%,5,22.16%,4,16.88%,1,12
"1258","1258. 가락미륭아파트 앞",5166,2,14.52%,3,15.81%,3,28.05%,4,12
"4097","4097.숭미파출소 사거리",5161,2,21.99%,5,14.36%,2,23.43%,2,11
"664","664. 서울시립대 건설공학관",5160,2,6.09%,1,19.79%,4,21.16%,2,9
"964","964. 북한산힐스테이트 7차아파트",5158,2,17.56%,4,14.08%,2,27.69%,4,12
"1660","1660. 서울시립과학관",5158,2,12.00%,2,14.81%,2,25.24%,3,9
"4703","4703. 쌍용아파트2단지 정문",5154,2,16.16%,3,14.32%,2,28.73%,5,12
"4581","4581. 국회소통관",5146,2,12.59%,3,23.09%,5,14.79%,1,11
"4278","4278. 홍은2동주민센터",5116,2,25.49%,5,17.14%,3,17.73%,1,11
"4815","4815. 중랑데시앙플렉스 앞",5110,2,16.77%,4,34.70%,5,13.87%,1,12
"1349","1349. 월계2교 버스정류장 앞",5109,2,17.11%,4,13.25%,1,27.36%,4,11
"1515","1515. 송천동 주민센터",5084,2,15.15%,3,13.61%,2,24.78%,3,10
"1279","1279. 마천금호어울림 1차아파트 건너편",5076,2,19.03%,4,18.70%,4,25.22%,3,13
"424","424. 롯데하이마트 (상암월드컵점)",5067,2,8.31%,1,20.47%,4,26.84%,4,11
"198","198. 충정2교",5049,2,22.78%,5,19.96%,4,19.53%,1,12
"4941","4941.압구정로 11길",5034,2,5.92%,1,18.61%,4,36.91%,5,12
"1510","1510. 번동주공5단지 관리사무소 앞",5029,2,16.40%,4,19.47%,4,24.14%,3,13
"1479","1479.면목 홈플러스 2",5013,2,7.04%,1,17.81%,3,29.04%,5,11
"494","494.신수동주민센터",5013,2,24.68%,5,10.25%,1,21.62%,2,10
"3521","3521. 현대홈타운 뒷길",5012,2,18.81%,4,12.55%,1,29.05%,5,12
"2357","2357. 르네상스호텔사거리 역삼지하보도 3번출구 앞 (더 오번 빌딩 명동칼국수 앞)",4991,2,15.51%,3,25.11%,5,17.09%,1,11
"2907","2907. 월계중학교",4979,2,24.02%,5,12.43%,1,17.07%,1,9
"1574","1574.송중초등학교 옆",4974,2,10.88%,2,15.56%,2,25.33%,3,9
"3653","3653. 강동리버스트4단지아파트 404동 앞",4972,2,32.92%,5,10.38%,1,22.55%,2,10
"1358","1358. 정릉도서관 앞",4971,2,12.79%,3,16.05%,3,24.60%,3,11
"2356","2356. 강남구청",4970,2,12.68%,3,18.73%,4,21.73%,2,11
"959","959. 구파발10단지 인근",4955,2,7.31%,1,13.91%,2,32.01%,5,10
"6172","6172. 가양5단지아파트",4940,2,28.18%,5,12.89%,1,19.53%,1,9
"4315","4315. 이투스교육 앞",4938,2,8.53%,1,31.57%,5,19.87%,1,9
"1774","1774.정의여중고 버스정류소",4933,2,18.22%,4,16.10%,3,26.39%,4,13
"2548","2548.반포1동 자율방범초소 옆",4931,2,18.94%,4,17.12%,3,25.78%,3,12
"1161","1161. 강서면허시험장 앞",4925,2,7.63%,1,18.15%,3,16.51%,1,7
"489","489.구룡근린공원",4925,2,19.96%,4,16.61%,3,24.83%,3,12
"491","491.월드컵파크 4단지",4923,2,9.77%,2,25.47%,5,24.98%,3,12
"995","995.은평다목적체육관",4922,1,19.57%,4,12.47%,1,22.82%,2,8
"1652","1652. 파르코 앞",4909,1,9.64%,2,22.02%,4,26.79%,4,11
"741","741. 화곡로 입구 교차로",4901,1,12.28%,2,19.45%,4,22.04%,2,9
"3611","3611. 방죽마을 입구",4890,1,21.29%,4,15.62%,2,21.78%,2,9
"4642","4642. 용산더프라임아파트 101동 앞",4882,1,17.35%,4,18.13%,3,26.61%,4,12
"1714","1714. 도봉문화정보도서관 삼거리",4859,1,11.71%,2,20.19%,4,26.94%,4,11
"3402","3402.이화공영주차장",4847,1,24.37%,5,16.71%,3,18.16%,1,10
"2258","2258.구룡사 삼거리",4838,1,18.52%,4,21.64%,4,24.45%,3,12
"1571","1571.북서울 꿈의 숲 입구",4833,1,22.49%,5,12.62%,1,25.33%,3,10
"927","927. 연신내역 3번출구 인근",4822,1,9.42%,2,15.51%,2,25.88%,3,8
"3802","3802. 관악구민체육센터",4810,1,32.00%,5,9.79%,1,16.86%,1,8
"2024","2024. 상도역 1번출구",4804,1,15.70%,3,15.70%,2,26.50%,4,10
"2545","2545.국립중앙도서관(국제회의장옆)",4800,1,2.96%,1,30.33%,5,22.38%,2,9
"6063","6063.NH농협은행(신당역6번출구)",4793,1,7.24%,1,16.59%,3,25.02%,3,8
"1757","1757.솔밭공원역 1번출구 앞",4788,1,9.19%,2,15.35%,2,29.09%,5,10
"5780","5780. 송파세무서",4786,1,8.65%,1,33.60%,5,14.00%,1,8
"1992","1992. 구로구배드민턴실내체육관 앞",4784,1,11.10%,2,12.96%,1,20.38%,1,5
"2128","2128. 관악구청교차로",4770,1,10.90%,2,15.41%,2,25.39%,3,8
"2818","2818.천왕이펜하우스3단지 앞",4750,1,26.21%,5,11.26%,1,20.51%,1,8
"4761","4761. 중부경찰서앞사거리 건너편",4748,1,12.17%,2,28.58%,5,19.90%,1,9
"5763","5763. 세륜초등학교 건너편",4745,1,9.42%,2,16.80%,3,29.50%,5,11
"4148","4148.동대문구 장안동 씨젠의료재단",4738,1,10.07%,2,17.41%,3,26.28%,4,10
"802","802. 한강진역 2번 출구 앞",4738,1,14.44%,3,18.95%,4,26.45%,4,12
"4627","4627. 효창공원앞역 5번출구 옆",4736,1,22.87%,5,17.63%,3,23.08%,2,11
"3419","3419.국립어린이과학관",4723,1,14.95%,3,19.10%,4,24.16%,3,11
"4924","4924.논현동가구거리",4720,1,17.16%,4,23.62%,5,17.03%,1,11
"3649","3649. 구룡역 5번 출구",4715,1,28.48%,5,24.84%,5,17.48%,1,12
"2186","2186. 낙성대입구삼거리",4695,1,10.73%,2,15.29%,2,28.24%,5,10
"3967","3967. 혜명양로원 담장 옆(2)",4681,1,19.74%,4,16.09%,3,18.24%,1,9
"4086","4086. 도봉로 534",4678,1,21.46%,5,10.45%,1,22.23%,2,9
"2283","2283. 그룹한빌딩옆",4668,1,13.02%,3,21.38%,4,23.24%,2,10
"3917","3917. 성공회대학교",4662,1,10.51%,2,18.10%,3,19.35%,1,7
"671","671.대광빌딩",4653,1,9.71%,2,16.87%,3,27.17%,4,10
"4885","4885. 가든파이브 리빙관",4652,1,9.78%,2,25.28%,5,24.83%,3,11
"1868","1868.우리은행 시흥남자동화점 앞",4627,1,22.02%,5,11.87%,1,25.07%,3,10
"137","137. 신촌기차역입구 교차로",4603,1,4.95%,1,21.16%,4,29.63%,5,11
"2825","2825.초롱타운 앞",4602,1,26.16%,5,11.71%,1,21.47%,2,9
"1853","1853. 청년취업사관학교앞",4593,1,39.28%,5,11.54%,1,19.88%,1,8
"2815","2815.항동지구 7단지 정문",4579,1,10.26%,2,16.86%,3,24.39%,3,9
"2062","2062. 사당새마을금고",4577,1,23.42%,5,12.61%,1,26.41%,4,11
"4665","4665. 응암역3번 출구(서부경찰서 방면)",4572,1,8.51%,1,16.25%,3,30.12%,5,10
"4875","4875. 위례포레샤인13단지",4566,1,21.46%,5,13.80%,2,25.87%,3,11
"425","425. DMC첨단산업센터",4566,1,18.24%,4,26.54%,5,11.63%,1,11
"3101","3101. 서대문구청",4561,1,9.84%,2,14.87%,2,26.13%,4,9
"2368","2368. 도곡동 경남아파트 건너편",4559,1,11.98%,2,22.09%,4,26.61%,4,11
"533","533. 금남시장 교차로",4547,1,21.29%,4,10.27%,1,27.78%,4,10
"2429","2429.압구정로데오역 6번출구",4545,1,7.48%,1,26.38%,5,28.18%,4,11
"3673","3673. 강동리버스트6단지",4533,1,19.83%,4,14.10%,2,24.93%,3,10
"4622","4622. 한강중학교 앞 버스정류장",4531,1,9.84%,2,19.38%,4,30.21%,5,12
"4247","4247. 서울서부지방법원등기국앞",4529,1,19.14%,4,13.07%,1,23.58%,2,8
"2309","2309. 청담역(우리들병원 앞)",4529,1,25.35%,5,17.82%,3,19.72%,1,10
"2370","2370. 한티역 3번출구",4520,1,10.80%,2,18.32%,3,25.93%,3,9
"858","858.녹사평역3번 출구",4509,1,5.77%,1,22.04%,4,31.74%,5,11
"942","942. 상림마을 생태공원",4500,1,26.20%,5,7.89%,1,28.38%,5,12
"5766","5766. 북위례1",4499,1,17.69%,4,11.27%,1,27.98%,4,10
"3630","3630. 개포우성6차아파트 정문 앞",4491,1,30.48%,5,13.52%,2,25.07%,3,11
"3612","3612. 은곡마을",4490,1,11.45%,2,15.63%,2,32.49%,5,10
"2144","2144. 난우길입구",4473,1,11.56%,2,15.05%,2,24.93%,3,8
"4428","4428.돈암동부센트레빌상가",4472,1,7.60%,1,14.33%,2,30.88%,5,9
"422","422. 문화비축기지",4469,1,3.78%,1,12.91%,1,45.27%,5,8
"2057","2057. 상도 아이파크 아파트",4466,1,21.05%,4,9.67%,1,25.57%,3,9
"4632","4632. 용산 푸르지오 파크타운 1단지 앞",4446,1,16.76%,4,23.28%,5,25.39%,3,13
"480","480.약수역 6번 출구",4439,1,8.00%,1,15.30%,2,26.06%,3,7
"388","388. 동성중학교 앞",4439,1,21.42%,5,13.16%,1,22.89%,2,9
"3615","3615. 서울 논현동우체국 앞",4425,1,12.20%,2,30.78%,5,18.62%,1,9
"3725","3725. 강북 청소년 문화정보도서관 앞",4425,1,14.01%,3,13.79%,2,28.41%,5,11
"2167","2167. 낙성대역 1번출구",4423,1,6.26%,1,18.68%,4,29.23%,5,11
"3807","3807. 관악우체국 교차로",4417,1,22.16%,5,10.17%,1,27.94%,4,11
"397","397. 종묘공영주차장 건너편",4396,1,5.62%,1,18.31%,3,28.16%,4,9
"867","867.서빙고역 광장(1번출구)",4374,1,17.28%,4,20.55%,4,29.52%,5,14
"2321","2321. 학여울역 사거리",4373,1,15.73%,3,16.42%,3,33.11%,5,12
"4607","4607. 국립중앙박물관 -용산가족공원 앞",4361,1,2.89%,1,18.62%,4,44.92%,5,11
"953","953. 서울연신초등학교",4340,1,14.15%,3,13.62%,2,27.95%,4,10
"4909","4909. 노보텔 앰배서더 앞",4337,1,9.59%,2,24.19%,5,25.62%,3,11
"3105","3105. 홍은센트레빌 아파트 앞",4326,1,17.45%,4,13.13%,1,28.32%,5,11
"5336","5336. 월계 고등학교 앞",4324,1,10.43%,2,12.40%,1,14.69%,1,5
"469","469.회현역 1번출구",4322,1,14.65%,3,19.57%,4,18.39%,1,9
"4625","4625. 용산공원갤러리앞",4321,1,13.42%,3,28.37%,5,19.51%,1,10
"3682","3682. 길동 동호빌딩",4321,1,20.11%,4,11.92%,1,26.34%,4,10
"724","724. 계남공원 입구 주출입구 좌측",4302,1,19.85%,4,12.92%,1,24.94%,3,9
"4892","4892. 성내유수지 체육공원",4298,1,16.43%,4,20.59%,4,24.69%,3,12
"4493","4493. 마천사거리 2",4293,1,20.92%,4,18.57%,4,26.18%,4,13
"515","515. 광양중학교 앞",4292,1,15.38%,3,13.12%,1,30.82%,5,10
"823","823. 효창동주민센터 앞",4288,1,22.74%,5,12.73%,1,28.01%,4,11
"3556","3556.신금호파크자이APT앞",4270,1,10.09%,2,15.88%,3,31.64%,5,11
"2382","2382. 역삼동 sk뷰 501동앞",4250,1,8.28%,1,21.01%,4,26.45%,4,10
"382","382. 약수역 10번출구 앞",4245,1,9.63%,2,14.89%,2,24.22%,3,8
"2373","2373. 개포동역 사거리",4243,1,9.52%,2,15.15%,2,29.32%,5,10
"679","679.전농SK아파트 앞",4240,1,18.70%,4,14.50%,2,28.07%,4,11
"1200","1200. 개화광역환승센터",4238,1,8.02%,1,28.62%,5,21.73%,2,9
"4344","4344. 양재대로(구룡지하차도 앞)",4234,1,27.14%,5,12.31%,1,24.82%,3,10
"2812","2812.항동프라자",4232,1,14.25%,3,18.03%,3,24.98%,3,10
"4043","4043. 상계주공13단지 1301동",4223,1,23.77%,5,9.14%,1,24.91%,3,10
"1863","1863.위너스 스포츠클럽 골프연습장옆",4213,1,34.25%,5,9.68%,1,17.42%,1,8
"606","606. 서울반도체고 앞",4208,1,8.01%,1,16.56%,3,28.87%,5,10
"159","159. 이대역 4번 출구",4195,1,8.15%,1,22.84%,5,28.27%,5,12
"1213","1213. 백토공원 앞",4192,1,25.05%,5,13.65%,2,24.52%,3,11
"3724","3724. 삼양동주민센터 앞",4192,1,6.42%,1,13.84%,2,27.46%,4,8
"4340","4340. 방배래미안아트힐아파트 앞",4180,1,10.98%,2,34.00%,5,20.77%,1,9
"2094","2094.숭실대학교(중문)",4178,1,9.00%,1,14.36%,2,30.28%,5,9
"5602","5602.래미안신반포리오센트 후문",4175,1,12.29%,2,15.78%,3,37.37%,5,11
"4266","4266.국민연금공단충정로사옥",4174,1,22.02%,5,19.53%,4,18.59%,1,11
"4149","4149.제기동역 5번출구",4170,1,18.27%,4,15.49%,2,26.16%,4,11
"1137","1137. 등촌2동주민센터",4167,1,21.91%,5,11.66%,1,19.58%,1,8
"808","808. 서빙고동 금호맨션 앞",4161,1,7.86%,1,18.14%,3,40.83%,5,10
"1181","1181. 농수산식품공사 (강서지사)",4160,1,5.05%,1,35.14%,5,8.77%,1,8
"4162","4162. 노량진1동 청소년독서실",4152,1,24.08%,5,13.22%,1,23.60%,2,9
"2256","2256.양재동 꽃시장 입구",4151,1,17.49%,4,31.17%,5,18.31%,1,11
"2210","2210. 반포1동 주민센터 앞",4141,1,15.89%,3,17.05%,3,28.06%,4,11
"1826","1826. 한신코아 앞",4140,1,24.59%,5,15.70%,2,24.25%,3,11
"4932","4932. 개포래미안포레스트 130동 맞은편",4139,1,21.12%,4,13.00%,1,24.96%,3,9
"479","479.동대입구역 3번 출구",4139,1,11.79%,2,18.99%,4,31.89%,5,12
"2329","2329. 르네상스호텔사거리 역삼지하보도 2번출구",4136,1,15.69%,3,17.63%,3,17.82%,1,8
"2304","2304. 대현그린타워",4125,1,12.75%,3,32.63%,5,18.93%,1,10
"1865","1865.금천구청앞(M빌딩)",4109,1,20.13%,4,19.79%,4,18.06%,1,10
"3674","3674. 강동리버스트7단지",4087,1,23.24%,5,11.82%,1,22.98%,2,9
"4829","4829. 신내동 한살림 중랑지구 건너편",4081,1,30.78%,5,10.05%,1,21.91%,2,9
"3932","3932. 개봉센트레빌레우스아파트 앞",4081,1,24.68%,5,13.01%,1,22.98%,2,9
"2311","2311. 학동로 래미안 아파트 앞",4066,1,12.84%,3,25.45%,5,22.68%,2,11
"2351","2351. 청소년수련관(수영장)앞",4065,1,11.81%,2,13.43%,2,26.49%,4,9
"2285","2285. LH서초3단지 301동 맞은편",4065,1,20.10%,4,13.06%,1,29.35%,5,11
"4752","4752. 삼성사이버빌리지아파트",4061,1,15.17%,3,19.95%,4,25.71%,3,11
"3005","3005.마포구청 청사내",4044,1,13.30%,3,22.08%,4,12.98%,1,9
"1850","1850. 코오롱테크노밸리",4043,1,5.32%,1,31.81%,5,16.15%,1,8
"5315","5315. 불암산역 앞",4040,1,16.51%,4,15.32%,2,25.50%,3,10
"4913","4913. 레베쌍트 빌딩 앞",4039,1,6.24%,1,27.33%,5,18.84%,1,8
"2270","2270. 서초포레스타 7단지",4029,1,27.40%,5,13.95%,2,24.80%,3,11
"4776","4776. 신세계면세점",4025,1,6.43%,1,26.58%,5,21.61%,2,9
"4609","4609. 파크타워 104동 앞",4018,1,9.76%,2,16.90%,3,36.61%,5,11
"2347","2347. 두산건설 본사",4017,1,6.32%,1,35.90%,5,15.93%,1,8
"5779","5779. 나래교",4000,1,27.98%,5,13.63%,2,22.70%,2,10
"4610","4610. 한남나인원 105동 앞",3977,1,4.27%,1,23.11%,5,27.56%,4,11
"1728","1728. 서울북부지방법원",3975,1,10.16%,2,35.45%,5,15.97%,1,9
"1427","1427. 용마산역 1번출구",3965,1,7.64%,1,27.29%,5,26.05%,3,10
"3134","3134.SK리쳄블(서울아리수본부)",3957,1,30.05%,5,14.94%,2,22.72%,2,10
"3616","3616. 역삼중학교 앞(체육관 방향)",3954,1,14.37%,3,17.50%,3,24.63%,3,10
"2281","2281. 서울교통공사 사당별관 건너편",3950,1,23.62%,5,14.68%,2,21.06%,2,10
"3654","3654. 강동리버스트4단지아파트 405동 앞",3946,1,14.19%,3,10.62%,1,30.56%,5,10
"5773","5773. 송파시그니처롯데캐슬",3937,1,27.94%,5,12.14%,1,27.46%,4,11
"1864","1864.산호시티빌 옆",3931,1,23.17%,5,14.37%,2,24.04%,2,10
"3426","3426.독립문역 2번출구 뒤",3927,1,39.78%,5,10.70%,1,20.55%,1,8
"1263","1263. 장지공영차고지",3917,1,17.46%,4,12.36%,1,18.18%,1,7
"4098","4098.창동역 1번출구 인근",3899,1,7.77%,1,20.70%,4,27.85%,4,10
"4676","4676. 갈현1동 주민센터",3897,1,14.42%,3,13.29%,1,22.30%,2,7
"1546","1546. 송천동우체국",3896,1,7.01%,1,17.97%,3,22.95%,2,7
"4830","4830. 신내 우디안 111동 앞",3892,1,29.42%,5,9.48%,1,24.15%,3,10
"1366","1366. 일신초등학교 옆",3881,1,16.49%,4,12.21%,1,30.95%,5,11
"1646","1646. 삼육대 입구",3880,1,14.46%,3,11.60%,1,24.12%,3,8
"1347","1347. 길음래미안아파트817동 상가 앞",3853,1,15.57%,3,8.75%,1,27.49%,4,9
"4937","4937.개포래미안포레스트 126동 앞",3847,1,25.37%,5,11.54%,1,25.76%,3,10
"1542","1542. 삼양사거리역",3846,1,9.57%,2,11.52%,1,25.85%,3,7
"173","173. 서대문역 8번출구 앞",3840,1,17.60%,4,27.66%,5,14.48%,1,11
"1386","1386.동선고가차도 초입",3839,1,14.59%,3,11.83%,1,28.63%,5,10
"2092","2092.흑석한강푸르지오(110동)",3833,1,23.25%,5,10.15%,1,23.64%,2,9
"295","295.영등포공원 분수대 앞",3833,1,32.51%,5,12.50%,1,24.24%,3,10
"6187","6187.마곡119안전센터 맞은편",3832,1,31.50%,5,13.23%,1,15.61%,1,8
"1943","1943. 온수역 북측",3826,1,5.80%,1,20.62%,4,25.56%,3,9
"2609","2609. 보성중고등학교 후문 앞",3825,1,22.20%,5,12.55%,1,10.61%,1,8
"1679","1679. 삼육대 도서관",3821,1,3.59%,1,16.62%,3,22.40%,2,7
"3114","3114.충정로역 3번 출구",3815,1,16.78%,4,16.15%,3,24.69%,3,11
"2305","2305. MCM 본사 직영점 앞",3798,1,2.24%,1,50.24%,5,12.74%,1,8
"2363","2363. 강남 을지병원 교차로",3798,1,4.61%,1,26.04%,5,23.28%,2,9
"1188","1188. 롯데중앙연구소",3789,1,8.10%,1,45.82%,5,13.06%,1,8
"1038","1038. 강일 다솜 어린이 공원",3788,1,18.53%,4,13.25%,1,24.05%,2,8
"1525","1525. 미아동 복합청사",3779,1,17.73%,4,18.97%,4,20.93%,1,10
"1819","1819. 금천구청 앞 자전거거치대",3773,1,8.98%,1,20.54%,4,19.67%,1,7
"4908","4908. SB타워 앞",3761,1,3.11%,1,34.41%,5,19.81%,1,8
"2065","2065. 서울시여성가족재단",3748,1,17.88%,4,12.57%,1,22.81%,2,8
"857","857. 현대 안성타워",3740,1,2.59%,1,28.37%,5,27.46%,4,11
"3813","3813. 낙성대역 5번출구",3734,1,8.36%,1,17.49%,3,29.67%,5,10
"5100","5100. 강서도로사업소",3733,1,8.63%,1,40.32%,5,11.25%,1,8
"2406","2406. 논현동 광명빌딩 앞",3732,1,3.40%,1,28.64%,5,21.62%,2,9
"4277","4277. 서대문우체국 정류소 옆",3722,1,14.05%,3,15.96%,3,26.87%,4,11
"435","435. SK 남산빌딩",3705,1,15.09%,3,20.22%,4,19.62%,1,9
"4903","4903. 신사스퀘어",3704,1,3.78%,1,27.51%,5,25.51%,3,10
"442","442.서울역 서부",3698,1,25.77%,5,15.95%,3,24.55%,3,12
"1058","1058. 고덕숲 아이파크 1",3696,1,20.64%,4,12.18%,1,27.14%,4,10
"4882","4882. 위례포레샤인18단지 1802동",3694,1,18.44%,4,13.24%,1,23.90%,2,8
"1761","1761.방학중학교 앞",3693,1,20.99%,4,13.76%,2,24.05%,2,9
"4248","4248. 신촌 교보빌딩",3693,1,7.23%,1,17.52%,3,30.52%,5,10
"2398","2398. 더라움",3689,1,11.85%,2,22.80%,5,21.42%,2,10
"2371","2371. 한국우편사업진흥원",3688,1,9.57%,2,24.84%,5,22.07%,2,10
"3688","3688. 상일동산(동아아파트앞 교차로)",3686,1,18.83%,4,17.63%,3,22.98%,2,10
"3973","3973. 독산2동주민센터 앞",3683,1,27.59%,5,9.37%,1,23.30%,2,9
"4668","4668. 기자촌사거리 B",3682,1,11.49%,2,18.98%,4,28.03%,4,11
"1703","1703. 도봉산광역환승센터앞",3676,1,4.41%,1,27.53%,5,27.01%,4,11
"2203","2203. 청계산입구역 2번출구",3674,1,4.95%,1,23.27%,5,26.59%,4,11
"4490","4490. 송파파인타운 10단지 1005동",3667,1,20.81%,4,10.74%,1,27.11%,4,10
"1558","1558.강북문화정보도서관",3653,1,12.26%,2,17.22%,3,31.97%,5,11
"1466","1466.두산대림아파트 삼거리",3633,1,8.56%,1,16.49%,3,29.18%,5,10
"524","524. 래미안금호하이리버 아파트 102동 옆",3631,1,19.69%,4,12.64%,1,26.08%,3,9
"4827","4827. 신내SK V1센터 앞",3614,1,7.64%,1,52.74%,5,10.68%,1,8
"3661","3661. 명일동신동아아파트 앞",3607,1,16.38%,4,14.67%,2,22.71%,2,9
"2310","2310. 청담동 맥도날드 옆(위치)",3605,1,5.83%,1,26.38%,5,23.16%,2,9
"4153","4153. 흑석동효사정앞",3605,1,14.79%,3,15.26%,2,29.24%,5,11
"4132","4132. 이문삼익아파트 앞",3603,1,24.48%,5,8.88%,1,26.59%,4,11
"4103","4103. 휘경sk뷰아파트 앞",3601,1,12.44%,2,17.52%,3,29.66%,5,11
"470","470.회현역 7번출구",3598,1,14.79%,3,25.65%,5,21.60%,2,11
"4351","4351.서울AI허브 앞",3597,1,4.31%,1,32.22%,5,17.57%,1,8
"4768","4768. 서울도시건축전시관",3593,1,29.36%,5,20.62%,4,14.81%,1,11
"3910","3910. 목양전원교회 앞 로터리",3559,1,14.53%,3,12.28%,1,28.43%,5,10
"5785","5785.한림연예예술고등학교",3541,1,19.88%,4,11.92%,1,22.28%,2,8
"1951","1951. 천왕이펜하우스 4단지 후문",3541,1,24.37%,5,13.02%,1,26.89%,4,11
"978","978.녹번 힐스테이트상가앞",3541,1,10.22%,2,21.10%,4,26.66%,4,11
"1823","1823. W컨템포오피스텔앞",3517,1,21.18%,4,14.93%,2,19.22%,1,8
"139","139. 연세대 정문 건너편",3508,1,13.48%,3,20.24%,4,19.07%,1,9
"4667","4667. 폭포동입구 교차로",3504,1,12.81%,3,15.44%,2,25.40%,3,9
"608","608. 전농삼성아파트",3499,1,23.81%,5,11.95%,1,23.21%,2,9
"1756","1756.서울북부광역등기국",3499,1,9.52%,2,17.20%,3,24.58%,3,9
"3109","3109.북한산더샾 106동 앞",3493,1,10.31%,2,13.28%,1,27.05%,4,8
"616","616. 서울시립대 정문 앞 A",3468,1,8.04%,1,13.78%,2,22.09%,2,6
"3923","3923. 구로공구상가 앞",3463,1,6.90%,1,24.49%,5,17.21%,1,8
"1007","1007.암사동 선사유적지",3458,1,5.21%,1,11.22%,1,40.66%,5,8
"4605","""4605. 노들섬 다목적홀(동쪽) 숲, 앞""",3456,1,2.43%,1,19.94%,4,44.56%,5,11
"5504","5504.아현교회",3453,1,12.34%,2,25.95%,5,21.17%,2,10
"2235","2235.KT 서초지사 앞",3442,1,9.36%,2,27.63%,5,19.44%,1,9
"3974","3974.  안천중학교",3433,1,31.40%,5,8.83%,1,18.64%,1,8
"5507","5507. 아현래미안푸르지오아파트 104동 앞",3433,1,29.48%,5,7.89%,1,26.94%,4,11
"4781","4781. 브라운스위트레지던스",3430,1,28.51%,5,22.19%,4,19.24%,1,11
"2226","2226. 신동아럭스빌아파트 앞",3429,1,7.73%,1,38.06%,5,20.18%,1,8
"4240","4240. 아현문화건강센터",3428,1,24.07%,5,13.80%,2,23.10%,2,10
"3530","3530. 왕십리자이아파트 후문(삼거리)",3427,1,23.05%,5,8.70%,1,25.77%,3,10
"2088","2088.상도중앙하이츠빌 입구",3427,1,25.01%,5,10.65%,1,25.04%,3,10
"352","352. 중앙고입구 삼거리",3419,1,16.29%,3,19.25%,4,26.32%,4,12
"4956","4956. 암사역사공원역 1번출구",3419,1,18.31%,4,16.93%,3,29.83%,5,13
"6062","6062.서울역파출소",3419,1,32.79%,5,15.68%,2,24.31%,3,11
"1979","1979. 구로1동우체국 앞",3414,1,26.27%,5,8.85%,1,24.17%,3,10
"4925","4925. 청담백영빌딩 앞",3414,1,5.80%,1,27.09%,5,21.27%,2,9
"4177","4177. 롯데캐슬 101동 앞",3413,1,23.23%,5,8.76%,1,27.51%,4,11
"2143","2143. 서울산업정보학교",3412,1,12.66%,3,18.61%,4,28.87%,5,13
"2649","2649.오금공원사거리2",3402,1,12.79%,3,16.43%,3,29.16%,5,12
"3703","3703. 삼양입구사거리",3400,1,17.47%,4,11.91%,1,26.76%,4,10
"3622","3622. 은마아파트입구 사거리(1)",3394,1,5.92%,1,17.94%,3,29.14%,5,10
"1635","""1635. 상계3,4동 주민센터 대여소""",3349,1,12.75%,3,13.74%,2,24.43%,3,9
"4454","4454. 위례 포레샤인 1809동 부근",3332,1,17.59%,4,11.01%,1,27.94%,4,10
"1365","1365. 선잠단지 앞",3329,1,17.78%,4,9.07%,1,28.81%,5,11
"410","410. 상암중학교 옆",3321,1,8.94%,1,18.52%,4,27.04%,4,10
"2659","2659.서울친환경유통센터",3304,1,31.66%,5,9.14%,1,17.31%,1,8
"2817","2817.천왕이펜하우스5단지 앞",3292,1,11.82%,2,16.89%,3,22.42%,2,8
"830","830. 강변삼성스위트아파트 앞",3277,1,26.03%,5,17.82%,3,23.59%,2,11
"928","928. 은평역사한옥박물관",3275,1,12.18%,2,17.95%,3,36.58%,5,11
"6173","6173. 서울자동차운전전문학원",3263,1,7.02%,1,26.02%,5,18.36%,1,8
"5852","5852. 대림동현대2차 201동 앞",3261,1,16.31%,3,12.39%,1,26.31%,4,9
"3659","3659. 명일초등학교 옆",3251,1,12.46%,2,18.24%,3,24.55%,3,9
"4519","4519. 양원보도육교",3249,1,11.17%,2,8.09%,1,7.05%,1,5
"5879","5879. 국회도서관 2문 앞",3230,1,3.99%,1,35.42%,5,17.99%,1,8
"5892","5892.국회의사당본관 좌측",3227,1,7.25%,1,46.54%,5,7.90%,1,8
"4802","4802. 새우개마을",3227,1,33.44%,5,23.43%,5,16.55%,1,12
"5334","5334. 화랑대역 3번출구",3222,1,13.35%,3,21.29%,4,20.02%,1,9
"2533","2533.한가람미술관 앞",3215,1,4.23%,1,26.66%,5,27.90%,4,11
"4304","4304. 서울고앞",3211,1,17.75%,4,17.63%,3,26.81%,4,12
"2350","2350. 래미안그레이튼102동앞",3209,1,12.06%,2,21.69%,4,21.78%,2,9
"1379","1379.길음뉴타운푸르지오아파트 3단지",3196,1,37.17%,5,5.79%,1,25.81%,3,10
"3427","3427.인왕산 아이파크 정문",3195,1,35.34%,5,14.43%,2,19.22%,1,9
"827","827. 국군복지단",3187,1,4.11%,1,31.38%,5,6.84%,1,8
"4939","4939.도산공원",3186,1,6.09%,1,24.95%,5,23.26%,2,9
"1357","1357. 북한산보국문역",3184,1,11.56%,2,13.32%,1,28.64%,5,9
"1377","1377. 한국과학기술연구원 북문",3183,1,6.60%,1,38.42%,5,13.89%,1,8
"2401","2401. 밀알학교 입구 (삼성서울병원 입구)",3180,1,18.02%,4,13.40%,2,28.24%,5,12
"3652","3652. 한영외국어고등학교",3173,1,23.54%,5,15.03%,2,21.46%,2,10
"4319","4319. 삼성전자R&D어린이집 뒤",3159,1,11.93%,2,28.30%,5,14.94%,1,9
"6053","6053. 중부세무서 앞",3158,1,7.28%,1,20.96%,4,20.68%,1,7
"1376","1376. 한국과학기술연구원 중문",3151,1,1.11%,1,39.51%,5,9.52%,1,8
"2625","2625.가락종합 사회복지관",3145,1,30.21%,5,12.85%,1,23.15%,2,9
"2421","2421. 신논현역 4번출구",3144,1,10.78%,2,19.85%,4,28.44%,5,12
"534","534. 금호사거리",3142,1,17.00%,4,11.01%,1,31.70%,5,11
"3532","3532. 왕십리KCC스위첸아파트",3139,1,36.44%,5,7.23%,1,18.38%,1,8
"1314","1314. 정릉꿈에그린1단지 201동 앞",3112,1,18.70%,4,10.80%,1,25.39%,3,9
"1316","1316. 고려사대부속중고 건너편",3107,1,6.95%,1,16.90%,3,23.85%,2,7
"967","967. 서울혁신파크2",3101,1,4.06%,1,23.96%,5,26.51%,4,11
"1857","1857. 주공14단지",3098,1,38.80%,5,10.30%,1,21.40%,2,9
"4608","4608. 국립중앙박물관 정문 앞",3088,1,3.24%,1,23.64%,5,33.45%,5,12
"2129","2129. 낙성대 과학전시관",3087,1,6.90%,1,20.34%,4,26.82%,4,10
"4928","4928. 교수마을 입구",3083,1,13.98%,3,22.06%,4,22.51%,2,10
"5767","5767. 북위례2",3074,1,19.65%,4,10.57%,1,28.82%,5,11
"2383","2383. 보금자리정원",3066,1,16.60%,4,16.11%,3,27.43%,4,12
"2223","2223. 방배래미안 정문 앞",3060,1,6.37%,1,17.71%,3,28.30%,5,10
"1477","1477.면목삼익아파트 앞",3057,1,10.60%,2,15.77%,3,31.96%,5,11
"4333","4333. 서울고등학교 건너편",3041,1,22.72%,5,16.24%,3,24.27%,3,12
"2425","2425.세곡동 사거리(대왕초등학교 정류장)",3037,1,13.37%,3,16.46%,3,26.37%,4,11
"1731","1731. 도봉고등학교 맞은편",3030,1,10.83%,2,13.50%,2,30.13%,5,10
"4088","4088. 김근태도서관",3029,1,5.02%,1,14.56%,2,35.56%,5,9
"3637","3637. 세곡데이케어센터",3025,1,21.12%,4,11.80%,1,24.23%,3,9
"3624","3624. 대모산입구역 7번 출구 앞",3017,1,20.32%,4,11.47%,1,29.23%,5,11
"2037","2037. 동작역 5번출구 동작주차공원",3009,1,4.35%,1,19.08%,4,39.45%,5,11
"4327","4327. 몽마르뜨공원입구",3005,1,13.01%,3,21.80%,4,25.76%,3,11
"1053","1053. 동명근린공원 진입로 (아리수로)",2993,1,19.61%,4,15.14%,2,22.89%,2,9
"5889","5889.의원회관출입구 앞",2984,1,5.29%,1,30.06%,5,16.42%,1,8
"3111","3111.무악재역 4번 출구",2978,1,15.48%,3,18.37%,3,25.92%,3,10
"1039","1039. 고덕초등학교",2976,1,25.34%,5,12.77%,1,26.65%,4,11
"2159","2159. 인헌초교",2973,1,6.59%,1,11.00%,1,33.97%,5,8
"483","483.남산타운아파트 버스정류장",2971,1,10.64%,2,15.95%,3,33.39%,5,11
"1410","1410. 면목 대원칸타빌아파트",2965,1,16.96%,4,10.12%,1,30.89%,5,11
"2248","2248. 서초리슈빌S 글로벌 앞",2965,1,30.35%,5,13.63%,2,21.79%,2,10
"1842","1842. 한울중학교",2951,1,32.12%,5,6.03%,1,18.87%,1,8
"196","196. 연희교차로 인근",2937,1,15.63%,3,14.88%,2,26.05%,3,9
"2386","2386. 크린랩 본사",2936,1,16.01%,3,23.81%,5,23.77%,2,11
"1352","1352. e 편한세상 보문아파트 내",2933,1,22.50%,5,13.50%,2,26.56%,4,12
"4180","4180. 흑석동주민센터 입구",2931,1,18.76%,4,10.44%,1,29.82%,5,11
"4583","4583. 의정관",2930,1,11.43%,2,42.15%,5,9.04%,1,9
"3100","3100. 북성초교",2927,1,12.50%,2,16.13%,3,26.75%,4,10
"2269","2269. 주홍교 하부",2924,1,13.37%,3,19.84%,4,27.39%,4,12
"1675","1675. 월계문화체육센터",2924,1,18.16%,4,14.43%,2,13.17%,1,8
"4271","4271. 충정로역 1번 출구",2921,1,14.28%,3,24.92%,5,26.40%,4,13
"1858","""1858. 500번,507번 버스 종점 앞""",2920,1,7.60%,1,29.14%,5,29.45%,5,12
"1504","1504. 삼양시장오거리",2915,1,9.71%,2,15.20%,2,26.86%,4,9
"522","522. 금호역 1번출구 앞",2909,1,7.22%,1,20.63%,4,25.99%,3,9
"4461","4461. 한양3차아파트 3동 앞",2906,1,17.34%,4,14.93%,2,30.35%,5,12
"3902","3902. 항동지구5단지 501동 앞",2902,1,21.61%,5,10.61%,1,27.84%,4,11
"947","947. 연신내 선일하이츠빌 정류소",2894,1,20.08%,4,12.75%,1,26.02%,3,9
"5331","5331. 공릉동 풍림아파트 112동 앞",2893,1,31.01%,5,15.38%,2,18.63%,1,9
"1820","1820. 신한은행 시흥대로금융센터지점",2890,1,17.20%,4,18.69%,4,19.86%,1,10
"3563","3563.구의7단지현대아파트",2879,1,29.35%,5,13.44%,2,28.41%,5,13
"2417","""2417.선정릉 디캠프(D,CAMP)앞""",2869,1,19.94%,4,19.83%,4,18.06%,1,10
"994","994.북한산생태공원입구(교통섬)",2865,1,17.45%,4,15.29%,2,25.24%,3,10
"1037","1037. 강일리버파크 6단지",2847,1,18.26%,4,11.10%,1,27.12%,4,10
"3915","3915. 동선아파트 앞",2843,1,8.62%,1,11.43%,1,31.62%,5,8
"2249","2249. 우솔초등학교 맞은편",2837,1,31.44%,5,13.36%,2,23.72%,2,10
"2184","2184. 구암초등학교 버스정류장",2834,1,16.94%,4,10.90%,1,30.56%,5,11
"1620","1620. 중계구민체육센터",2828,1,9.30%,2,13.33%,1,29.67%,5,9
"3555","3555.양지사거리(센트라스APT 115동앞)",2815,1,23.30%,5,11.72%,1,24.55%,3,10
"3804","3804. 낙성대공원",2800,1,1.96%,1,13.00%,1,52.46%,5,8
"1393","1393.돈암육교 하단",2796,1,12.45%,2,11.09%,1,24.57%,3,7
"1304","1304. 만해공원",2777,1,17.07%,4,13.50%,2,28.92%,5,12
"3117","3117.이화여대 인문관 인근",2777,1,7.81%,1,21.50%,4,18.37%,1,7
"4915","4915. 영동중앙교회 버스정류장",2775,1,16.14%,3,24.58%,5,16.40%,1,10
"1424","1424. 양원역 2번출구",2770,1,8.70%,1,22.45%,4,23.07%,2,8
"600","600. 휘경2동 주민센터",2763,1,9.37%,2,12.05%,1,24.18%,3,7
"569","569. 응봉현대아파트 정류소",2761,1,15.36%,3,13.58%,2,33.14%,5,11
"3503","3503. 광진유진스웰",2761,1,12.35%,2,20.86%,4,28.25%,5,12
"4883","4883. 위례포레샤인18단지 1812동",2757,1,18.57%,4,12.08%,1,26.55%,4,10
"1353","1353. 금호어울림센터힐 내",2756,1,25.91%,5,8.42%,1,31.79%,5,12
"3561","3561.행당동 삼부APT후문",2752,1,4.47%,1,19.55%,4,28.52%,5,11
"432","432. 마포중앙도서관",2745,1,6.05%,1,23.06%,5,29.84%,5,12
"4310","4310. 염곡동(염통골) 입구",2741,1,18.35%,4,16.71%,3,18.83%,1,9
"4479","4479. 문정중학교",2722,1,26.05%,5,8.56%,1,26.60%,4,11
"1541","1541. 삼양역",2706,1,6.54%,1,14.82%,2,27.72%,4,8
"4672","4672. 준빌딩 앞",2694,1,13.25%,3,13.92%,2,27.28%,4,10
"3431","3431.로제우스 레포츠센터",2682,1,8.61%,1,21.22%,4,29.05%,5,11
"4324","4324. 세화고등학교",2676,1,2.50%,1,18.83%,4,26.68%,4,10
"4911","4911. 도곡동 골프 로데오거리",2672,1,17.81%,4,20.92%,4,20.13%,1,10
"2804","2804.항동지구 6단지 602동 앞",2671,1,10.33%,2,12.73%,1,34.37%,5,9
"2318","2318. 삼성중앙역4번출구(문화센터더 리빌)",2670,1,13.30%,3,22.85%,5,22.40%,2,11
"1344","1344. 아리랑시네센터 앞",2662,1,6.42%,1,16.68%,3,32.12%,5,10
"4488","""4488. 문현중,고등학교 사이""",2656,1,9.98%,2,13.37%,2,26.84%,4,9
"4919","4919. 학여울역사거리(은마아파트)",2645,1,19.66%,4,14.03%,2,30.25%,5,12
"1847","1847. 독산주공 14단지 버스정류소",2643,1,22.21%,5,28.76%,5,23.87%,2,13
"4959","4959. 암사역사공원역 3번출구",2642,1,33.50%,5,22.71%,5,14.35%,1,12
"1422","1422. 신내우디안아파트 1단지",2638,1,4.25%,1,24.30%,5,24.94%,3,10
"3766","3766. 강서문화센터",2622,1,33.68%,5,9.34%,1,22.81%,2,9
"3924","3924. 오류동 계림웨스트밸리 앞",2620,1,22.60%,5,12.98%,1,20.31%,1,8
"4613","4613. 서울갤러리아 앞",2617,1,2.75%,1,20.41%,4,36.45%,5,11
"1392","1392.돈암삼성풍림아파트",2609,1,21.77%,5,8.13%,1,25.83%,3,10
"1342","1342. 성북쉼터 앞",2604,1,21.16%,4,12.25%,1,24.73%,3,9
"1463","1463.중랑구민회관",2602,1,12.61%,3,12.30%,1,23.71%,2,7
"2516","2516.본마을 노인복지센터 앞",2574,1,12.12%,2,16.05%,3,32.79%,5,11
"3701","3701. 방아삼거리",2565,1,4.25%,1,12.36%,1,35.01%,5,8
"3806","3806. 낙성대 교수아파트",2562,1,9.48%,2,19.71%,4,26.97%,4,11
"977","977.신도중학교앞",2551,1,17.44%,4,15.80%,3,27.68%,4,12
"297","297.국회3문",2522,1,19.23%,4,27.00%,5,22.76%,2,12
"3531","3531. 논골사거리(금호도서관 입구)",2519,1,18.70%,4,10.40%,1,32.12%,5,11
"449","449. 일성아파트",2513,1,18.62%,4,13.65%,2,25.98%,3,10
"1467","1467.sk신내 주유소앞(용마산로)",2498,1,4.72%,1,16.41%,3,28.98%,5,10
"451","451. 청와대앞길",2497,1,7.85%,1,23.11%,5,31.32%,5,12
"443","443.호암아트홀",2477,1,24.02%,5,35.61%,5,8.16%,1,12
"4305","4305. 서일스포츠센터",2476,1,23.14%,5,14.82%,2,23.91%,2,10
"855","855.이촌역5번출구 앞",2475,1,9.98%,2,20.93%,4,33.94%,5,12
"1435","1435. 능산삼거리",2468,1,16.29%,3,11.63%,1,25.81%,3,8
"1315","1315. 고려사대부속중고 정문",2460,1,7.24%,1,15.12%,2,28.82%,5,9
"973","973.제각말푸르지오 5-1단지 아파트",2443,1,16.17%,3,14.20%,2,29.35%,5,11
"2334","2334. 삼호아파트 2동 ( 간선도로)",2433,1,14.76%,3,19.11%,4,14.10%,1,9
"1459","1459. 용마한신아파트사거리",2427,1,13.43%,3,10.01%,1,28.97%,5,10
"1006","1006. 롯데캐슬 115동앞",2423,1,15.93%,3,16.34%,3,26.00%,3,10
"3620","3620. 청담역 11번 출구",2422,1,33.73%,5,16.52%,3,18.91%,1,10
"5339","5339. 은빛1단지 아파트 앞",2422,1,10.49%,2,15.40%,2,25.56%,3,8
"859","859.남산공원 야외식물원 앞",2416,1,7.08%,1,17.88%,3,31.42%,5,10
"2519","2519.서초2교(사임당로 방면)",2416,1,23.10%,5,16.31%,3,22.68%,2,11
"4623","4623. 라인프랜즈이태원점 앞",2403,1,4.12%,1,19.39%,4,32.17%,5,11
"4845","4845. 신내역금강펜테리움센트럴파크",2398,1,20.98%,4,19.77%,4,21.64%,2,11
"4538","4538. 양천공영차고지",2390,1,6.82%,1,18.28%,3,20.17%,1,6
"4417","4417. 성북청소년문화의집",2367,1,15.46%,3,12.59%,1,24.12%,3,8
"2041","2041. 사당중학교 버스정류소",2360,1,17.58%,4,10.30%,1,29.24%,5,11
"2532","2532.국립국악원 앞",2339,1,10.73%,2,33.90%,5,20.91%,1,9
"161","161. 무악재역1번 출구",2338,1,14.67%,3,17.71%,3,30.71%,5,12
"4881","4881. 거여동사거리 송파둘레길 입구",2331,1,19.48%,4,15.27%,2,25.87%,3,10
"3970","3970. 시흥4동주민센터 앞",2329,1,35.77%,5,7.04%,1,20.01%,1,8
"3629","3629. 청담사거리(신한오피스텔빌딩 앞)",2326,1,3.53%,1,30.05%,5,21.37%,2,9
"4879","4879. 마천청소년센터",2322,1,19.68%,4,10.55%,1,27.82%,4,10
"4473","4473. 마천금호어울림 1차 102동앞",2311,1,18.82%,4,12.20%,1,29.90%,5,11
"5897","5897.여의도공작아파트",2292,1,5.67%,1,31.28%,5,32.29%,5,12
"2040","2040. 비계 버스정류소",2285,1,12.60%,3,10.37%,1,32.17%,5,10
"4611","4611. 국제루터교회 앞",2281,1,8.42%,1,20.43%,4,26.26%,4,10
"127","127. 현대벤처빌 앞",2265,1,9.98%,2,18.50%,3,26.31%,4,10
"4158","4158. 노량진근린공원",2265,1,18.32%,4,11.88%,1,26.67%,4,10
"1866","1866.서울안천초등학교 옆",2248,1,12.46%,2,19.53%,4,23.93%,2,9
"3418","3418.창신역2번 출구",2242,1,24.40%,5,10.84%,1,23.86%,2,9
"1101","1101. 상사마을 버스정류장(아라대교방면)",2236,1,18.02%,4,18.69%,4,21.51%,2,11
"2165","2165. JK장평타워",2223,1,5.49%,1,17.68%,3,29.51%,5,10
"4021","4021. 중계본동 입구",2216,1,20.08%,4,12.73%,1,25.81%,3,9
"1573","1573.현대성우아파트 옆",2202,1,17.80%,4,9.36%,1,30.15%,5,11
"1370","1370. 복자사랑 피정의 집",2198,1,18.38%,4,9.19%,1,34.08%,5,11
"938","938. 금암 문화공원",2190,1,10.23%,2,17.99%,3,31.00%,5,11
"2536","2536.서초AICT 우수기업센터 앞",2161,1,12.36%,2,24.85%,5,15.41%,1,9
"1861","1861.IBK기업은행 석수역 지점 앞",2155,1,7.42%,1,24.97%,5,28.31%,5,12
"4323","4323. 내곡도서관",2146,1,6.01%,1,16.96%,3,29.73%,5,10
"4584","4584. 국회2문",2131,1,9.71%,2,37.73%,5,14.36%,1,9
"681","681.서울특별시 동부교육지원청(육교)",2099,1,16.72%,4,17.01%,3,19.15%,1,9
"1418","1418. 새솔초등학교",2084,1,26.15%,5,8.78%,1,23.85%,2,9
"4916","4916. 청담역 1번출구",2082,1,14.55%,3,19.02%,4,26.22%,4,12
"2079","2079.중앙대학교 중앙광장",2073,1,13.84%,3,15.82%,3,25.76%,3,10
"992","992.북한산입구 정류장",2066,1,4.36%,1,11.81%,1,45.06%,5,8
"2807","2807.항동지구 1단지 105동 앞",2063,1,11.34%,2,15.90%,3,30.44%,5,11
"200","200. 국회의원회관",2060,1,12.28%,2,38.79%,5,5.05%,1,9
"4421","4421. 롯데캐슬클라시아 입구 앞",2059,1,15.78%,3,19.82%,4,27.88%,4,12
"974","974.연신초등학교옆 마을마당",2059,1,18.99%,4,13.36%,1,27.73%,4,10
"4681","4681.박석고개(은평소방서) 앞",2050,1,14.54%,3,15.56%,2,26.15%,4,10
"2257","2257. 청계산 입구 삼거리",2048,1,1.95%,1,38.82%,5,22.36%,2,9
"3401","3401.창신두산아파트",2039,1,39.23%,5,10.79%,1,22.90%,2,9
"3428","3428.서울미술관",2021,1,19.59%,4,13.51%,2,33.60%,5,12
"3911","3911. 항동하버리안2단지아파트 후문",2016,1,14.43%,3,13.14%,1,29.86%,5,10
"465","465. 삼청공원 앞",2007,1,18.63%,4,24.46%,5,21.97%,2,12
"2078","2078.흑석 아크로리버하임(103동)",1996,1,10.07%,2,18.59%,4,29.01%,5,12
"1730","1730. 도봉산역 교차로 앞",1993,1,2.11%,1,24.94%,5,28.00%,4,11
"4936","4936. SK텔레콤(T1) 인근",1992,1,11.40%,2,26.41%,5,21.94%,2,10
"3720","3720. 우이천 창번교",1991,1,16.42%,4,18.13%,3,29.18%,5,13
"2808","2808.항동지구 2단지 202동 앞",1988,1,14.08%,3,13.68%,2,27.62%,4,10
"2199","2199.신봉천주유소 A",1987,1,10.02%,2,15.25%,2,30.15%,5,10
"2093","2093.상도SH빌아파트 입구",1966,1,11.44%,2,12.92%,1,28.64%,5,9
"2225","2225.백석예술대학교 제3캠퍼스 앞",1964,1,10.18%,2,42.82%,5,17.97%,1,9
"2806","2806.항동지구 4단지 입구",1957,1,24.94%,5,12.31%,1,27.13%,4,11
"3539","3539. 서원마을",1943,1,13.59%,3,23.93%,5,33.56%,5,14
"2207","2207. 내곡파출소 뒤 정자",1940,1,17.06%,4,24.18%,5,20.67%,1,11
"1445","1445. 용마지구대 A",1940,1,15.31%,3,14.90%,2,25.57%,3,9
"1513","1513. 강북구청 뒷편",1939,1,6.45%,1,16.76%,3,27.80%,4,9
"1836","1836. 금천구립 독산도서관",1928,1,19.87%,4,17.01%,3,23.08%,2,10
"2814","2814.항동지구 10단지 1001동 앞",1927,1,40.94%,5,9.50%,1,25.74%,3,10
"1250","1250.문정2동 주민센터",1923,1,16.59%,4,11.28%,1,23.19%,2,8
"4336","4336. 서울교육청 교육연수원 앞",1919,1,6.46%,1,39.86%,5,12.56%,1,8
"1283","1283. 오금공원 사거리",1889,1,13.18%,3,16.78%,3,29.12%,5,12
"1453","1453. 중랑캠핑숲",1856,1,23.28%,5,12.98%,1,23.28%,2,9
"1971","1971. 오정초교 앞 보도육교",1848,1,5.63%,1,16.40%,3,22.35%,2,7
"921","921. 신도고등학교",1843,1,12.86%,3,19.26%,4,26.91%,4,12
"3429","3429.HW컨벤션센터 앞",1838,1,26.44%,5,10.45%,1,29.76%,5,12
"2354","2354. 청담역 2번출구",1815,1,12.67%,3,20.50%,4,30.52%,5,13
"3714","3714. 송천센트레빌",1803,1,17.53%,4,9.48%,1,27.90%,4,10
"5308","5308. 상계신동아아파트",1788,1,11.19%,2,10.96%,1,37.08%,5,9
"3610","3610. 윗반마을 입구",1777,1,8.67%,1,21.89%,4,34.44%,5,11
"4942","4942.율현삼거리",1765,1,4.14%,1,21.64%,4,26.97%,4,10
"4760","4760. 서울역 7번출구",1755,1,8.32%,1,28.72%,5,16.01%,1,8
"945","945. 기자촌 사거리 A",1752,1,16.84%,4,15.98%,3,27.85%,4,12
"2130","2130. 영어마을 관악캠프",1751,1,5.71%,1,18.05%,3,31.47%,5,10
"854","854.HID 유족동지회 앞",1734,1,3.17%,1,17.76%,3,37.02%,5,10
"1242","1242. 문정 법조단지6",1719,1,16.06%,3,29.20%,5,20.83%,1,10
"2068","2068. 총신대 앞(육교)",1702,1,16.33%,3,19.80%,4,22.21%,2,10
"2284","2284. CJ오쇼핑앞",1699,1,4.06%,1,33.73%,5,22.60%,2,9
"725","725. 양강중학교앞 교차로",1688,1,12.26%,2,14.93%,2,30.81%,5,10
"1538","1538. 솔밭공원역",1687,1,8.24%,1,12.39%,1,31.54%,5,8
"4772","4772. 중앙일보",1685,1,5.64%,1,42.55%,5,10.62%,1,8
"4617","4617. 동원베네스트 건너편",1681,1,19.45%,4,13.62%,2,23.80%,2,9
"1550","1550.삼각산아이원아파트(105동 옆)",1642,1,30.02%,5,7.80%,1,29.23%,5,12
"1572","1572. 우이동 먹거리마을",1623,1,8.75%,1,14.23%,2,39.56%,5,9
"5880","5880. 국회박물관",1616,1,2.10%,1,23.70%,5,7.80%,1,8
"3648","3648. 구룡역 4번 출구",1609,1,6.15%,1,21.01%,4,28.09%,4,10
"1855","1855. 성지아파트 옆 도로변",1608,1,14.55%,3,12.50%,1,23.57%,2,7
"5888","5888.여의도성당",1600,1,6.63%,1,40.25%,5,24.50%,3,10
"3003","3003.래미안신공덕3차아파트",1579,1,29.83%,5,8.80%,1,27.36%,4,11
"968","968. 은평뉴타운 상림마을 13단지",1577,1,23.84%,5,7.86%,1,25.43%,3,10
"564","564. 금호역 3번출구",1550,1,8.58%,1,10.26%,1,34.00%,5,8
"4178","4178. 이수성결교회 옆",1542,1,6.42%,1,17.64%,3,33.79%,5,10
"6185","6185.가양나들목",1526,1,14.61%,3,11.34%,1,34.86%,5,10
"4612","4612. 이태원로 255",1479,1,3.18%,1,16.50%,3,35.56%,5,10
"1969","1969. 궁동생태공원",1478,1,9.07%,1,13.19%,1,27.67%,4,7
"4309","4309. 서초케이타운앞",1476,1,7.52%,1,13.69%,2,26.63%,4,8
"3940","3940.삼각어린이공원 앞",1473,1,27.63%,5,11.88%,1,22.74%,2,9
"3404","3404.서울특별시 중부교육지원청",1466,1,16.10%,3,21.49%,4,12.69%,1,9
"2809","2809.항동지구 11단지 1103동 앞",1463,1,13.47%,3,14.42%,2,35.41%,5,11
"447","447. 신영동삼거리",1461,1,11.16%,2,14.99%,2,27.79%,4,9
"969","969. 은평 지웰테라스",1459,1,19.95%,4,7.54%,1,21.80%,2,8
"3937","3937. 개봉역 신영지웰에스테이트",1450,1,25.86%,5,17.31%,3,25.66%,3,12
"966","966. 서울혁신파크1",1448,1,7.11%,1,28.38%,5,28.31%,5,12
"1066","1066.생태공원앞 교차로(조명탑)",1447,1,18.31%,4,17.21%,3,30.13%,5,13
"486","486. 평창동주민센터 앞",1440,1,7.01%,1,17.92%,3,31.74%,5,10
"2805","2805.구로자원순환센터",1428,1,8.75%,1,12.75%,1,35.57%,5,8
"4690","4690.은평뉴타운폭포동 힐스테이트4단지",1408,1,16.26%,3,14.77%,2,35.65%,5,11
"4782","4782. 서소문역사공원",1406,1,18.28%,4,31.72%,5,15.43%,1,11
"5786","5786.문정로데오거리입구",1397,1,11.74%,2,21.12%,4,29.35%,5,12
"4896","4896. 송파레이크힐",1352,1,26.26%,5,18.34%,3,18.27%,1,10
"5601","5601.감정평가사회관앞",1343,1,8.94%,1,25.32%,5,27.92%,4,11
"4099","4099.창동역 이마트 건너편",1288,1,8.31%,1,16.30%,3,28.18%,4,9
"381","381. 장충체육관",1286,1,8.55%,1,20.22%,4,25.58%,3,9
"4044","4044. 공릉산 백세문 입구",1278,1,11.74%,2,11.89%,1,39.83%,5,9
"2506","2506. LG유플러스 (방배사옥)",1261,1,4.04%,1,28.95%,5,22.28%,2,9
"2508","2508. 양재이스타빌 앞",1256,1,14.09%,3,25.24%,5,24.28%,3,12
"937","937. 상림마을 롯데캐슬2단지 옆",1254,1,5.98%,1,13.64%,2,41.39%,5,9
"1723","1723. 방학동학마을도서관",1245,1,11.33%,2,21.29%,4,29.16%,5,12
"3972","3972. 산기슭공원 앞",1238,1,31.91%,5,7.19%,1,22.37%,2,9
"5898","5898.당산역 1번출구",1236,1,5.58%,1,28.32%,5,25.24%,3,10
"4348","4348. 사당역 1번출구",1207,1,16.32%,3,24.52%,5,18.48%,1,10
"991","991.흥국사 정류장",1195,1,8.87%,1,11.88%,1,35.90%,5,8
"2541","2541.옛골 입구",1173,1,17.48%,4,19.10%,4,32.57%,5,14
"5337","5337. 태강릉 앞",1169,1,5.30%,1,16.00%,3,40.55%,5,10
"4777","4777. 약수동 주민센터",1160,1,10.00%,2,14.14%,2,32.33%,5,10
"4334","4334. 인재개발원 데이터센터",1152,1,4.08%,1,24.13%,5,17.45%,1,8
"2096","2096.서울특별시 동작관악교육지원청",1132,1,31.45%,5,13.16%,1,21.47%,2,9
"2810","2810.항동지구 3단지 311동 앞",1128,1,15.60%,3,16.05%,3,36.26%,5,12
"429","429. 송도병원",1105,1,18.19%,4,9.32%,1,34.12%,5,11
"523","523. 옥수동성당 옆",1080,1,7.50%,1,14.72%,2,32.96%,5,9
"3781","3781. 강서아동복지센터",1072,1,8.96%,1,20.34%,4,23.60%,2,8
"2392","2392. 구룡산 입구 (구룡산 서울둘레길 입구)",1072,1,22.85%,5,18.28%,3,22.48%,2,11
"1822","1822. 서울 시흥동우체국 앞",1021,1,20.37%,4,16.75%,3,25.37%,3,11
"556","556. 달맞이공원",1019,1,4.91%,1,20.61%,4,38.08%,5,11
"2289","2289. 남태령역 2번출구",1017,1,14.85%,3,25.57%,5,19.86%,1,10
"4523","4523. 구립양천어르신요양센터",983,1,13.94%,3,15.46%,2,34.79%,5,11
"4337","4337. 우면산등산로 입구",978,1,9.82%,2,38.96%,5,19.12%,1,9
"3787","3787. 가양나들목",964,1,6.02%,1,17.74%,3,37.76%,5,10
"2813","2813.항동지구 3단지 302동 앞",928,1,37.82%,5,8.73%,1,25.43%,3,10
"2816","2816.항동지구 8단지 803동옆(주차장입구)",916,1,17.47%,4,16.48%,3,24.89%,3,11
"5320","5320. 국제 스케이트장",869,1,5.29%,1,16.92%,3,26.24%,4,9
"4644","4644.서울특별시교육청 앞",838,1,14.80%,3,11.58%,1,30.67%,5,10
"4944","4944.젠빌딩",807,1,17.72%,4,23.79%,5,20.69%,1,11
"1678","1678. 성서대학교 밀알관",774,1,16.02%,3,24.55%,5,10.34%,1,10
"3878","3878. 장로회신학대학교 주기철 기념관",762,1,2.76%,1,21.52%,4,27.82%,4,10
"4322","4322.서울추모공원 입구",743,1,6.06%,1,18.84%,4,24.09%,3,9
"2288","2288. 안골마을입구",673,1,14.86%,3,15.16%,2,28.53%,5,11
"4415","4415. 미아초교버스승강장",643,1,12.91%,3,14.15%,2,28.30%,5,11
"4968","4968.강동구 자원순환센터",634,1,3.00%,1,32.33%,5,30.60%,5,12
"2287","2287. 능안마을입구",606,1,4.62%,1,39.11%,5,8.25%,1,8
"3971","3971. 순흥안씨묘 건너편",598,1,23.58%,5,13.55%,2,22.74%,2,10
"2064","2064. 흑석한강푸르지오 106동앞",575,1,33.22%,5,5.57%,1,21.39%,2,9
"3968","3968. 독산동 현대홈타운 금천과선교 앞",572,1,24.48%,5,11.71%,1,25.17%,3,10
"5327","5327. 태릉선수촌 앞",555,1,3.78%,1,21.98%,4,27.39%,4,10
"4363","4363. 신금호역 2번출구 앞",540,1,6.30%,1,17.78%,3,30.37%,5,10
"1680","1680. 삼육대 제3과학관",504,1,2.18%,1,21.03%,4,18.45%,1,7
"4343","4343. 헌인릉 입구",481,1,25.16%,5,16.01%,3,24.32%,3,12
"1280","1280. 송파파크데일 2단지입구 앞 주차장",481,1,17.46%,4,11.64%,1,23.28%,2,8
"3527","3527. 왕십리 자이아파트(101동 앞)",406,1,18.72%,4,13.30%,1,28.08%,4,10
"4933","4933. 디에이치퍼스티어아이파크 159동 앞",343,1,19.53%,4,9.33%,1,31.49%,5,11
"3430","3430.구기치안센터 앞",330,1,7.58%,1,17.27%,3,36.06%,5,10
"4338","4338.새정이마을버스정류장 앞",330,1,9.39%,2,9.70%,1,39.09%,5,9
"2286","2286. 탑성마을입구",320,1,30.00%,5,12.81%,1,21.56%,2,9
"2391","2391. 구룡터널 입구(개포1단지아파트)",312,1,20.51%,4,29.17%,5,28.21%,5,15
"2314","2314. 청담나들목입구",260,1,11.15%,2,18.85%,4,25.00%,3,10
"2612","2612. 광평교사거리 인근",197,1,3.55%,1,12.18%,1,34.52%,5,8
"9980","AS센터",134,1,7.46%,1,22.39%,4,0.75%,1,7
"1362","1362. 보문역6번출구 앞",30,1,6.67%,1,10.00%,1,43.33%,5,8
"2007","2007. 유한양행앞",27,1,11.11%,2,25.93%,5,0.00%,1,9
"1845","1845. 롯데캐슬골드파크1차 서문",7,1,28.57%,5,14.29%,2,28.57%,5,13
"3605","3605. 봉은사역6번출구(현대아이파크타워앞)",5,1,0.00%,1,40.00%,5,0.00%,1,8
"2135","2135. 신림역 5번출구",4,1,0.00%,1,0.00%,1,0.00%,1,4
"3779","3779. 유광사여성병원",4,1,0.00%,1,75.00%,5,0.00%,1,8
"3305","3305.낙성대역 8번 출구",4,1,0.00%,1,50.00%,5,0.00%,1,8
"1721","1721. 창동역 2번출구",4,1,0.00%,1,50.00%,5,0.00%,1,8
"5855","5855. 하이투자증권 앞",4,1,0.00%,1,0.00%,1,50.00%,5,8
"5854","5854. 신한금융투자 앞",3,1,0.00%,1,0.00%,1,66.67%,5,8
"2322","2322. 삼성역 3번 출구",3,1,0.00%,1,0.00%,1,100.00%,5,8
"211","211. 여의도역 4번출구 옆",3,1,0.00%,1,0.00%,1,66.67%,5,8
"764","764. 목동청소년수련관",2,1,0.00%,1,0.00%,1,50.00%,5,8
"3603","3603. 삼성역 2번출구",1,1,0.00%,1,0.00%,1,100.00%,5,8
"253","253. 신풍역 5번출구 인근",1,1,0.00%,1,0.00%,1,0.00%,1,4
"1026","1026. 대명초교 입구 교차로",1,1,100.00%,5,0.00%,1,0.00%,1,8
"2113","2113. 관악동작견인차량보관소",1,1,0.00%,1,100.00%,5,0.00%,1,8
"212","212. 여의도역 1번출구 옆",1,1,0.00%,1,0.00%,1,0.00%,1,4
"2355","2355. 삼성역 5~6번 출구 사이",1,1,0.00%,1,0.00%,1,0.00%,1,4
"3621","3621. 휘문고교 사거리",1,1,0.00%,1,0.00%,1,100.00%,5,8
